graph,r,s,algorithm,time_ms,memory_kB,status
com-youtube,1,5,Ours_ST,296.089,316212,OK
com-youtube,1,4,Ours_ST,370.138,368776,OK
com-youtube,1,3,Ours_ST,434.31,401748,OK
com-youtube,1,5,REF_R1,838.389,623848,OK
com-youtube,1,2,Ours_ST,735.692,489576,OK
com-youtube,1,4,REF_R1,1083.51,678872,OK
com-youtube,1,3,REF_R1,1197.44,701460,OK
com-youtube,1,2,REF_R1,1347.92,900496,OK
com-youtube,1,7,Ours_ST,149.293,210144,OK
com-youtube,1,6,Ours_ST,202.464,260428,OK
com-youtube,1,8,Ours_ST,93.3212,192064,OK
com-youtube,1,7,REF_R1,548.003,337400,OK
com-youtube,1,9,REF_R1,304.192,261148,OK
com-youtube,1,9,Ours_ST,56.224,154604,OK
com-youtube,1,6,REF_R1,690.777,575040,OK
com-youtube,1,8,REF_R1,392.195,294164,OK
com-youtube,1,10,Ours_ST,30.2562,129236,OK
com-youtube,1,12,Ours_ST,13.2107,110752,OK
com-youtube,1,10,REF_R1,248.798,238648,OK
com-youtube,1,11,Ours_ST,20.4155,116628,OK
com-youtube,1,12,REF_R1,215.478,164096,OK
com-youtube,1,13,Ours_ST,11.2383,107380,OK
com-youtube,1,11,REF_R1,235.324,170220,OK
com-youtube,1,13,REF_R1,211.885,160780,OK
com-youtube,1,14,Ours_ST,9.31479,106436,OK
com-youtube,1,15,Ours_ST,8.62647,105980,OK
com-youtube,1,17,Ours_ST,8.68203,105904,OK
com-youtube,1,16,REF_R1,197.386,211580,OK
com-youtube,1,14,REF_R1,198.438,212292,OK
com-youtube,1,15,REF_R1,195.51,211736,OK
com-youtube,1,17,REF_R1,195.945,158848,OK
com-youtube,1,16,Ours_ST,8.60982,105724,OK
web-Stanford,1,2,Ours_ST,213.366,219104,OK
web-Stanford,1,2,REF_R1,380.861,315900,OK
web-Stanford,1,3,Ours_ST,385.377,348596,OK
web-Stanford,1,3,REF_R1,745.986,481240,OK
web-Stanford,1,4,Ours_ST,351.659,359152,OK
web-Stanford,1,5,Ours_ST,343.348,341468,OK
web-Stanford,1,4,REF_R1,789.223,496584,OK
web-Stanford,1,5,REF_R1,702.477,474892,OK
web-Stanford,1,6,Ours_ST,283.463,311432,OK
web-Stanford,1,6,REF_R1,631.619,445120,OK
web-Stanford,1,7,Ours_ST,234.384,269512,OK
web-Stanford,1,8,Ours_ST,157.435,199052,OK
web-Stanford,1,7,REF_R1,616.473,401788,OK
web-Stanford,1,9,Ours_ST,143.213,195228,OK
web-Stanford,1,8,REF_R1,321.828,292440,OK
web-Stanford,1,9,REF_R1,297.96,279508,OK
web-Stanford,1,10,Ours_ST,132.51,180224,OK
web-Stanford,1,11,Ours_ST,122.744,172944,OK
web-Stanford,1,10,REF_R1,287.05,267184,OK
web-Stanford,1,12,Ours_ST,114.74,165968,OK
web-Stanford,1,11,REF_R1,270.174,255128,OK
web-Stanford,1,12,REF_R1,247.473,244860,OK
web-Stanford,1,13,Ours_ST,102.681,158864,OK
web-Stanford,1,13,REF_R1,319.149,234420,OK
web-Stanford,1,14,Ours_ST,91.2354,149916,OK
web-Stanford,1,15,Ours_ST,83.3039,143024,OK
web-Stanford,1,16,Ours_ST,64.17,125628,OK
web-Stanford,1,14,REF_R1,210.854,222820,OK
web-Stanford,1,15,REF_R1,181.607,212508,OK
web-Stanford,1,16,REF_R1,153.988,190356,OK
web-Stanford,1,17,Ours_ST,38.1073,108440,OK
web-Stanford,1,17,REF_R1,115.281,118516,OK
web-Stanford,1,18,Ours_ST,35.5405,104608,OK
web-Stanford,1,19,Ours_ST,32.0279,102412,OK
web-Stanford,1,18,REF_R1,109.682,115480,OK
web-Stanford,1,19,REF_R1,105.443,113796,OK
web-Stanford,1,20,Ours_ST,29.371,99544,OK
web-Stanford,1,20,REF_R1,100.052,111744,OK
web-Stanford,1,21,Ours_ST,26.3746,95064,OK
web-Stanford,1,21,REF_R1,93.4448,107868,OK
web-Stanford,1,22,Ours_ST,23.9153,92792,OK
web-Stanford,1,23,Ours_ST,25.0578,90484,OK
web-Stanford,1,22,REF_R1,94.983,106144,OK
web-Stanford,1,24,Ours_ST,22.0643,89304,OK
web-Stanford,1,24,REF_R1,87.5377,103660,OK
web-Stanford,1,23,REF_R1,90.3103,104212,OK
web-Stanford,1,25,Ours_ST,19.9521,88232,OK
web-Stanford,1,25,REF_R1,94.6089,102476,OK
web-Stanford,1,26,Ours_ST,19.0142,85352,OK
web-Stanford,1,26,REF_R1,84.1852,101732,OK
web-Stanford,1,27,REF_R1,82.1779,100476,OK
web-Stanford,1,27,Ours_ST,19.6679,86644,OK
web-Stanford,1,28,Ours_ST,18.7613,85644,OK
web-Stanford,1,28,REF_R1,82.5315,99856,OK
web-Stanford,1,29,Ours_ST,17.2296,83508,OK
web-Stanford,1,29,REF_R1,87.2937,97976,OK
web-Stanford,1,30,Ours_ST,15.6385,81540,OK
web-Stanford,1,30,REF_R1,87.3571,96508,OK
web-Stanford,1,31,Ours_ST,15.0025,79184,OK
web-Stanford,1,31,REF_R1,78.6515,94596,OK
web-Stanford,1,32,Ours_ST,14.872,77760,OK
web-Stanford,1,32,REF_R1,76.6163,93588,OK
web-Stanford,1,33,Ours_ST,12.7175,75572,OK
web-Stanford,1,33,REF_R1,80.1347,92036,OK
web-Stanford,1,34,Ours_ST,11.5291,74616,OK
web-Stanford,1,35,Ours_ST,11.34,73844,OK
web-Stanford,1,34,REF_R1,67.5576,91040,OK
web-Stanford,1,36,REF_R1,67.7078,90276,OK
web-Stanford,1,36,Ours_ST,11.922,73532,OK
web-Stanford,1,35,REF_R1,68.6975,90468,OK
web-Stanford,1,37,Ours_ST,11.752,73256,OK
web-Stanford,1,38,Ours_ST,10.4146,72404,OK
web-Stanford,1,37,REF_R1,76.4476,90112,OK
web-Stanford,1,38,REF_R1,65.4914,89544,OK
web-Stanford,1,39,Ours_ST,10.7552,71404,OK
web-Stanford,1,39,REF_R1,63.6687,89000,OK
web-Stanford,1,41,Ours_ST,9.51777,70912,OK
web-Stanford,1,40,Ours_ST,10.1172,71228,OK
web-Stanford,1,40,REF_R1,65.2058,88784,OK
web-Stanford,1,42,Ours_ST,9.27319,70680,OK
web-Stanford,1,41,REF_R1,62.8241,87384,OK
web-Stanford,1,42,REF_R1,62.4001,87716,OK
web-Stanford,1,43,Ours_ST,8.90449,70024,OK
web-Stanford,1,44,Ours_ST,8.18293,67600,OK
web-Stanford,1,43,REF_R1,60.6623,86212,OK
web-Stanford,1,44,REF_R1,58.6126,84428,OK
web-Stanford,1,45,Ours_ST,7.54756,64848,OK
web-Stanford,1,46,Ours_ST,7.17735,64340,OK
web-Stanford,1,45,REF_R1,67.2295,83572,OK
web-Stanford,1,47,REF_R1,54.8601,80084,OK
web-Stanford,1,46,REF_R1,55.9226,80528,OK
web-Stanford,1,47,Ours_ST,6.91613,64148,OK
web-Stanford,1,48,REF_R1,54.5243,79144,OK
web-Stanford,1,49,Ours_ST,6.65496,62876,OK
web-Stanford,1,48,Ours_ST,6.48546,63712,OK
web-Stanford,1,50,Ours_ST,5.34579,62132,OK
web-Stanford,1,49,REF_R1,52.9606,78392,OK
web-Stanford,1,50,REF_R1,51.5399,77504,OK
web-Stanford,1,51,Ours_ST,4.21111,59296,OK
web-Stanford,1,51,REF_R1,48.8561,74952,OK
web-Stanford,1,52,REF_R1,46.4541,72500,OK
web-Stanford,1,52,Ours_ST,3.02822,56052,OK
web-Stanford,1,53,Ours_ST,2.20062,54644,OK
web-Stanford,1,53,REF_R1,44.221,71004,OK
web-Stanford,1,54,Ours_ST,1.78988,53928,OK
web-Stanford,1,54,REF_R1,43.8684,70720,OK
web-Stanford,1,55,Ours_ST,2.11786,54024,OK
web-Stanford,1,55,REF_R1,43.5314,70560,OK
web-Stanford,1,56,REF_R1,43.0146,70580,OK
web-Stanford,1,56,Ours_ST,1.44389,53832,OK
web-Stanford,1,57,Ours_ST,1.44361,53908,OK
web-Stanford,1,57,REF_R1,42.648,70520,OK
web-Stanford,1,58,Ours_ST,1.46821,53580,OK
web-Stanford,1,58,REF_R1,42.5786,70548,OK
web-Stanford,1,60,Ours_ST,1.48632,53600,OK
web-Stanford,1,60,REF_R1,43.1004,70192,OK
web-Stanford,1,59,REF_R1,43.8431,70432,OK
web-Stanford,1,59,Ours_ST,1.5042,53964,OK
web-Stanford,1,61,Ours_ST,1.38521,53184,OK
web-Stanford,1,61,REF_R1,54.5927,70040,OK
web-it-2004,1,2,Ours_ST,381.273,461976,OK
web-it-2004,1,2,REF_R1,679.587,616632,OK
web-it-2004,1,3,Ours_ST,371.537,434876,OK
web-it-2004,1,3,REF_R1,682.19,571480,OK
web-it-2004,1,4,Ours_ST,313.604,419288,OK
web-it-2004,1,4,REF_R1,691.754,545824,OK
web-it-2004,1,5,Ours_ST,322.027,414040,OK
web-it-2004,1,5,REF_R1,688.742,538156,OK
web-it-2004,1,6,Ours_ST,319.658,404608,OK
web-it-2004,1,6,REF_R1,571.143,527248,OK
web-it-2004,1,7,Ours_ST,295.511,394612,OK
web-it-2004,1,7,REF_R1,639.005,515540,OK
web-it-2004,1,8,Ours_ST,296.334,389984,OK
web-it-2004,1,8,REF_R1,604.259,505720,OK
web-it-2004,1,9,Ours_ST,282.048,379828,OK
web-it-2004,1,9,REF_R1,503.105,496464,OK
web-it-2004,1,10,Ours_ST,280.609,367944,OK
web-it-2004,1,10,REF_R1,603.405,486924,OK
web-it-2004,1,11,Ours_ST,255.767,348504,OK
web-it-2004,1,11,REF_R1,467.353,461892,OK
web-it-2004,1,12,Ours_ST,238.836,333124,OK
web-it-2004,1,12,REF_R1,449.686,449444,OK
web-it-2004,1,13,Ours_ST,235.035,322420,OK
web-it-2004,1,13,REF_R1,422.111,437432,OK
web-it-2004,1,14,Ours_ST,228.175,315956,OK
web-it-2004,1,14,REF_R1,492.598,429768,OK
web-it-2004,1,15,Ours_ST,209.44,307644,OK
web-it-2004,1,15,REF_R1,461.199,421380,OK
web-it-2004,1,16,Ours_ST,182.692,298904,OK
web-it-2004,1,17,Ours_ST,144.069,266536,OK
web-it-2004,1,16,REF_R1,422.131,331448,OK
web-it-2004,1,17,REF_R1,306.402,297824,OK
web-it-2004,1,18,Ours_ST,115.187,247312,OK
web-it-2004,1,18,REF_R1,274.714,281480,OK
web-it-2004,1,19,Ours_ST,97.0773,260780,OK
web-it-2004,1,19,REF_R1,261.282,268284,OK
web-it-2004,1,20,Ours_ST,91.6276,254284,OK
web-it-2004,1,20,REF_R1,240.22,262524,OK
web-it-2004,1,21,Ours_ST,83.219,248788,OK
web-it-2004,1,21,REF_R1,235.1,258632,OK
web-it-2004,1,22,Ours_ST,71.2975,243752,OK
web-it-2004,1,22,REF_R1,228.098,253192,OK
web-it-2004,1,23,Ours_ST,68.0672,243224,OK
web-it-2004,1,23,REF_R1,265.581,252148,OK
web-it-2004,1,24,Ours_ST,72.8051,241044,OK
web-it-2004,1,24,REF_R1,224.603,250748,OK
web-it-2004,1,25,Ours_ST,65.7365,239016,OK
web-it-2004,1,25,REF_R1,271.375,248860,OK
web-it-2004,1,26,Ours_ST,68.2613,238044,OK
web-it-2004,1,26,REF_R1,294.959,248056,OK
web-it-2004,1,27,Ours_ST,66.9,238180,OK
web-it-2004,1,27,REF_R1,281.043,247800,OK
web-it-2004,1,28,Ours_ST,68.2865,236908,OK
web-it-2004,1,28,REF_R1,218.554,247336,OK
web-it-2004,1,29,Ours_ST,67.8523,237268,OK
web-it-2004,1,29,REF_R1,279.528,247036,OK
web-it-2004,1,30,Ours_ST,66.8082,236504,OK
web-it-2004,1,30,REF_R1,217.036,246768,OK
web-it-2004,1,31,Ours_ST,63.5621,235120,OK
web-it-2004,1,31,REF_R1,210.674,245300,OK
web-it-2004,1,32,Ours_ST,66.1201,233792,OK
web-it-2004,1,32,REF_R1,289.92,244720,OK
web-it-2004,1,33,Ours_ST,62.9396,233052,OK
web-it-2004,1,33,REF_R1,213.361,244392,OK
web-it-2004,1,34,Ours_ST,63.9574,232516,OK
web-it-2004,1,34,REF_R1,210.878,243944,OK
web-it-2004,1,35,Ours_ST,58.9047,232064,OK
web-it-2004,1,35,REF_R1,264.238,243556,OK
web-it-2004,1,36,Ours_ST,59.4141,231752,OK
web-it-2004,1,36,REF_R1,206.816,243340,OK
web-it-2004,1,37,Ours_ST,56.3465,231240,OK
web-it-2004,1,37,REF_R1,231.935,242600,OK
web-it-2004,1,38,REF_R1,199.811,241752,OK
web-it-2004,1,38,Ours_ST,57.0432,229608,OK
web-it-2004,1,39,Ours_ST,59.9692,229780,OK
web-it-2004,1,39,REF_R1,201.164,241044,OK
web-it-2004,1,40,Ours_ST,54.6751,229116,OK
web-it-2004,1,40,REF_R1,196.651,240464,OK
web-it-2004,1,41,Ours_ST,55.6686,228416,OK
web-it-2004,1,41,REF_R1,189.805,240444,OK
web-it-2004,1,42,Ours_ST,54.301,228744,OK
web-it-2004,1,42,REF_R1,191.137,240236,OK
web-it-2004,1,43,Ours_ST,53.2432,227720,OK
web-it-2004,1,43,REF_R1,248.163,240224,OK
web-it-2004,1,44,Ours_ST,52.741,227704,OK
web-it-2004,1,44,REF_R1,251.169,239864,OK
web-it-2004,1,45,Ours_ST,52.6191,228044,OK
web-it-2004,1,45,REF_R1,188.544,239928,OK
web-it-2004,1,46,Ours_ST,54.4765,227512,OK
web-it-2004,1,46,REF_R1,196.387,239648,OK
web-it-2004,1,47,Ours_ST,53.6066,227444,OK
web-it-2004,1,47,REF_R1,231.4,239404,OK
web-it-2004,1,48,Ours_ST,56.273,226500,OK
web-it-2004,1,48,REF_R1,236.549,239208,OK
web-it-2004,1,49,Ours_ST,56.7271,225748,OK
web-it-2004,1,49,REF_R1,191.434,238804,OK
web-it-2004,1,51,Ours_ST,50.9704,223560,OK
web-it-2004,1,50,Ours_ST,55.679,225324,OK
web-it-2004,1,50,REF_R1,190.992,238312,OK
web-it-2004,1,51,REF_R1,233.845,236596,OK
web-it-2004,1,52,Ours_ST,53.3312,222728,OK
web-it-2004,1,52,REF_R1,196.629,235828,OK
web-it-2004,1,53,Ours_ST,53.9112,221972,OK
web-it-2004,1,53,REF_R1,193.551,235024,OK
web-it-2004,1,54,REF_R1,188.341,235012,OK
web-it-2004,1,54,Ours_ST,50.9563,221588,OK
web-it-2004,1,55,Ours_ST,53.7322,221116,OK
web-it-2004,1,55,REF_R1,185.53,234652,OK
web-it-2004,1,56,Ours_ST,51.1363,220828,OK
web-it-2004,1,56,REF_R1,219.802,234632,OK
web-it-2004,1,57,Ours_ST,49.7455,220704,OK
web-it-2004,1,57,REF_R1,214.023,234256,OK
web-it-2004,1,58,Ours_ST,48.9356,221172,OK
web-it-2004,1,58,REF_R1,236.373,234032,OK
web-it-2004,1,59,Ours_ST,50.1572,219924,OK
web-it-2004,1,59,REF_R1,183.022,233988,OK
web-it-2004,1,60,Ours_ST,48.1419,220072,OK
web-it-2004,1,60,REF_R1,186.454,233908,OK
web-it-2004,1,61,Ours_ST,49.2949,219816,OK
web-it-2004,1,61,REF_R1,179.802,233912,OK
web-it-2004,1,62,Ours_ST,52.1229,220256,OK
web-it-2004,1,62,REF_R1,241.309,233588,OK
web-it-2004,1,63,Ours_ST,46.4128,219144,OK
web-it-2004,1,63,REF_R1,173.713,233712,OK
web-it-2004,1,64,Ours_ST,49.4814,219876,OK
web-it-2004,1,64,REF_R1,177.637,233668,OK
web-it-2004,1,65,Ours_ST,45.5593,219096,OK
web-it-2004,1,65,REF_R1,244.502,233480,OK
web-it-2004,1,66,Ours_ST,45.2708,218788,OK
web-it-2004,1,66,REF_R1,178.648,233504,OK
web-it-2004,1,67,Ours_ST,45.7433,219500,OK
web-it-2004,1,67,REF_R1,198.121,233496,OK
web-it-2004,1,68,Ours_ST,49.3218,218836,OK
web-it-2004,1,68,REF_R1,175.987,233484,OK
web-it-2004,1,69,Ours_ST,44.2214,218572,OK
web-it-2004,1,69,REF_R1,172.874,233356,OK
web-it-2004,1,70,Ours_ST,45.7876,219100,OK
web-it-2004,1,70,REF_R1,200.077,233116,OK
web-it-2004,1,71,Ours_ST,46.7685,218312,OK
web-it-2004,1,71,REF_R1,174.631,233036,OK
web-it-2004,1,72,Ours_ST,45.2604,218172,OK
web-it-2004,1,72,REF_R1,202.623,233012,OK
web-it-2004,1,73,Ours_ST,44.6283,218808,OK
web-it-2004,1,73,REF_R1,221.965,232984,OK
web-it-2004,1,74,REF_R1,176.134,232924,OK
web-it-2004,1,74,Ours_ST,46.6586,218624,OK
web-it-2004,1,75,Ours_ST,44.6681,217916,OK
web-it-2004,1,75,REF_R1,171.571,232696,OK
web-it-2004,1,76,Ours_ST,44.9486,218668,OK
web-it-2004,1,76,REF_R1,171.672,232716,OK
web-it-2004,1,77,Ours_ST,45.8378,218388,OK
web-it-2004,1,77,REF_R1,188.389,232656,OK
web-it-2004,1,78,Ours_ST,44.0451,218128,OK
web-it-2004,1,78,REF_R1,175.603,232540,OK
web-it-2004,1,79,Ours_ST,44.694,218132,OK
web-it-2004,1,79,REF_R1,175.553,232644,OK
web-it-2004,1,80,Ours_ST,43.5731,217992,OK
web-it-2004,1,80,REF_R1,171.494,232104,OK
web-it-2004,1,81,Ours_ST,46.8497,217792,OK
web-it-2004,1,81,REF_R1,167.555,232036,OK
web-it-2004,1,82,Ours_ST,42.144,216460,OK
web-it-2004,1,82,REF_R1,203.969,231660,OK
web-it-2004,1,83,Ours_ST,46.4834,216184,OK
web-it-2004,1,83,REF_R1,223.416,231416,OK
web-it-2004,1,84,Ours_ST,45.8531,216192,OK
web-it-2004,1,84,REF_R1,170.983,231344,OK
web-it-2004,1,85,Ours_ST,46.9657,216508,OK
web-it-2004,1,85,REF_R1,170.046,231236,OK
web-it-2004,1,86,Ours_ST,42.7106,216168,OK
web-it-2004,1,86,REF_R1,202.244,230908,OK
web-it-2004,1,87,Ours_ST,43.5772,216124,OK
web-it-2004,1,87,REF_R1,171.325,230864,OK
web-it-2004,1,88,Ours_ST,45.3479,215452,OK
web-it-2004,1,88,REF_R1,192.693,230728,OK
web-it-2004,1,89,Ours_ST,42.3625,215060,OK
web-it-2004,1,89,REF_R1,167.657,230644,OK
web-it-2004,1,90,Ours_ST,41.8161,214752,OK
web-it-2004,1,90,REF_R1,167.677,230316,OK
web-it-2004,1,91,Ours_ST,41.3101,214576,OK
web-it-2004,1,91,REF_R1,165.944,230164,OK
web-it-2004,1,92,Ours_ST,44.8474,214040,OK
web-it-2004,1,92,REF_R1,168.184,229124,OK
web-it-2004,1,93,Ours_ST,43.4989,213520,OK
web-it-2004,1,93,REF_R1,170.853,228952,OK
web-it-2004,1,94,Ours_ST,45.6726,213296,OK
web-it-2004,1,94,REF_R1,175.258,228712,OK
web-it-2004,1,95,Ours_ST,44.1824,212012,OK
web-it-2004,1,95,REF_R1,165.815,227692,OK
web-it-2004,1,96,Ours_ST,42.4454,211552,OK
web-it-2004,1,96,REF_R1,165.995,227456,OK
web-it-2004,1,97,Ours_ST,42.3214,212536,OK
web-it-2004,1,97,REF_R1,207.388,227536,OK
web-it-2004,1,98,Ours_ST,42.7279,211624,OK
web-it-2004,1,98,REF_R1,170.941,227340,OK
web-it-2004,1,99,Ours_ST,45.955,211672,OK
web-it-2004,1,99,REF_R1,167.615,227360,OK
web-it-2004,1,100,Ours_ST,40.9065,211908,OK
web-it-2004,1,100,REF_R1,205.265,227336,OK
web-it-2004,1,101,Ours_ST,40.7814,211228,OK
web-it-2004,1,101,REF_R1,165.563,227240,OK
web-it-2004,1,102,Ours_ST,43.9411,211460,OK
web-it-2004,1,102,REF_R1,170.821,227332,OK
web-it-2004,1,103,Ours_ST,42.0062,211064,OK
web-it-2004,1,103,REF_R1,191.243,227000,OK
web-it-2004,1,104,Ours_ST,39.9359,211048,OK
web-it-2004,1,104,REF_R1,218.399,227168,OK
web-it-2004,1,105,Ours_ST,43.0838,210996,OK
web-it-2004,1,105,REF_R1,166.302,227116,OK
web-it-2004,1,106,REF_R1,161.376,227100,OK
web-it-2004,1,106,Ours_ST,39.9911,210760,OK
web-it-2004,1,107,Ours_ST,42.2351,210840,OK
web-it-2004,1,107,REF_R1,163.259,226984,OK
web-it-2004,1,108,Ours_ST,39.037,210680,OK
web-it-2004,1,108,REF_R1,213.779,226844,OK
web-it-2004,1,109,Ours_ST,39.4565,210708,OK
web-it-2004,1,109,REF_R1,158.781,226884,OK
web-it-2004,1,110,Ours_ST,40.5763,210512,OK
web-it-2004,1,110,REF_R1,163.547,226760,OK
web-it-2004,1,111,Ours_ST,43.0122,210332,OK
web-it-2004,1,111,REF_R1,199.072,226676,OK
web-it-2004,1,112,Ours_ST,42.1751,210144,OK
web-it-2004,1,112,REF_R1,161.785,226608,OK
web-it-2004,1,113,Ours_ST,39.6033,210044,OK
web-it-2004,1,113,REF_R1,210.791,226540,OK
web-it-2004,1,114,Ours_ST,38.4262,210088,OK
web-it-2004,1,114,REF_R1,208.129,226656,OK
web-it-2004,1,115,Ours_ST,41.9462,209952,OK
web-it-2004,1,115,REF_R1,164.181,226616,OK
web-it-2004,1,116,Ours_ST,38.5593,209880,OK
web-it-2004,1,116,REF_R1,212.045,226324,OK
web-it-2004,1,117,Ours_ST,38.1296,209160,OK
web-it-2004,1,117,REF_R1,163.253,225988,OK
web-it-2004,1,118,Ours_ST,38.4804,209160,OK
web-it-2004,1,118,REF_R1,163.103,226092,OK
web-it-2004,1,119,Ours_ST,39.2543,208656,OK
web-it-2004,1,119,REF_R1,158.245,225572,OK
web-it-2004,1,120,Ours_ST,37.6553,208604,OK
web-it-2004,1,120,REF_R1,196.428,225544,OK
web-it-2004,1,121,Ours_ST,38.6259,208704,OK
web-it-2004,1,121,REF_R1,160.916,225668,OK
web-it-2004,1,122,Ours_ST,41.2272,208416,OK
web-it-2004,1,122,REF_R1,160.679,225520,OK
web-it-2004,1,123,Ours_ST,40.0177,208928,OK
web-it-2004,1,123,REF_R1,160.725,225456,OK
web-it-2004,1,124,Ours_ST,37.6881,208172,OK
web-it-2004,1,124,REF_R1,158.175,225292,OK
web-it-2004,1,125,Ours_ST,38.3388,208124,OK
web-it-2004,1,125,REF_R1,159.163,225016,OK
web-it-2004,1,126,Ours_ST,37.8371,208376,OK
web-it-2004,1,126,REF_R1,158.932,224864,OK
web-it-2004,1,127,Ours_ST,37.5224,208444,OK
web-it-2004,1,127,REF_R1,156.655,225004,OK
web-it-2004,1,128,Ours_ST,37.2695,207948,OK
web-it-2004,1,128,REF_R1,185.276,224772,OK
web-it-2004,1,129,Ours_ST,41.5108,207312,OK
web-it-2004,1,129,REF_R1,197.269,224548,OK
web-it-2004,1,130,Ours_ST,39.5208,207760,OK
web-it-2004,1,130,REF_R1,160.001,224408,OK
web-it-2004,1,131,Ours_ST,36.9441,206568,OK
web-it-2004,1,131,REF_R1,156.729,224148,OK
web-it-2004,1,132,Ours_ST,36.3243,207084,OK
web-it-2004,1,132,REF_R1,184.008,224028,OK
web-it-2004,1,133,Ours_ST,38.8375,206844,OK
web-it-2004,1,133,REF_R1,204.417,223676,OK
web-it-2004,1,134,Ours_ST,38.3242,206476,OK
web-it-2004,1,134,REF_R1,157.39,223228,OK
web-it-2004,1,135,Ours_ST,36.812,206400,OK
web-it-2004,1,135,REF_R1,151.969,223536,OK
web-it-2004,1,136,Ours_ST,40.1951,206092,OK
web-it-2004,1,136,REF_R1,182.102,223296,OK
web-it-2004,1,137,Ours_ST,38.3828,205768,OK
web-it-2004,1,137,REF_R1,208.808,223076,OK
web-it-2004,1,138,Ours_ST,36.3909,205156,OK
web-it-2004,1,138,REF_R1,153.156,223100,OK
web-it-2004,1,139,Ours_ST,39.184,205444,OK
web-it-2004,1,139,REF_R1,181.973,222792,OK
web-it-2004,1,140,Ours_ST,39.4361,205432,OK
web-it-2004,1,140,REF_R1,151.578,222836,OK
web-it-2004,1,141,Ours_ST,35.279,204908,OK
web-it-2004,1,141,REF_R1,191.531,222592,OK
web-it-2004,1,142,Ours_ST,34.8743,204640,OK
web-it-2004,1,142,REF_R1,196.865,222184,OK
web-it-2004,1,143,Ours_ST,36.2788,203912,OK
web-it-2004,1,143,REF_R1,199.233,221624,OK
web-it-2004,1,144,Ours_ST,35.3443,203672,OK
web-it-2004,1,144,REF_R1,183.581,221288,OK
web-it-2004,1,145,Ours_ST,34.632,203120,OK
web-it-2004,1,145,REF_R1,155.177,220936,OK
web-it-2004,1,146,Ours_ST,34.6104,202112,OK
web-it-2004,1,146,REF_R1,193.917,220048,OK
web-it-2004,1,147,Ours_ST,34.8192,202020,OK
web-it-2004,1,147,REF_R1,200.192,219612,OK
web-it-2004,1,148,Ours_ST,34.8849,201864,OK
web-it-2004,1,148,REF_R1,189.772,219808,OK
web-it-2004,1,149,Ours_ST,33.768,201904,OK
web-it-2004,1,149,REF_R1,151.752,219676,OK
web-it-2004,1,150,Ours_ST,33.9963,201480,OK
web-it-2004,1,150,REF_R1,154.976,219456,OK
web-it-2004,1,151,Ours_ST,34.5222,201388,OK
web-it-2004,1,151,REF_R1,148.942,219516,OK
web-it-2004,1,152,Ours_ST,35.6126,201376,OK
web-it-2004,1,152,REF_R1,152.718,219544,OK
web-it-2004,1,153,Ours_ST,33.7069,201360,OK
web-it-2004,1,153,REF_R1,152.176,219496,OK
web-it-2004,1,154,Ours_ST,35.4981,200860,OK
web-it-2004,1,155,Ours_ST,37.4315,200032,OK
web-it-2004,1,154,REF_R1,191.441,219252,OK
web-it-2004,1,155,REF_R1,150.05,218608,OK
web-it-2004,1,156,Ours_ST,33.377,200140,OK
web-it-2004,1,156,REF_R1,150.94,218448,OK
web-it-2004,1,157,Ours_ST,33.8235,199996,OK
web-it-2004,1,157,REF_R1,149.594,218328,OK
web-it-2004,1,158,Ours_ST,34.9442,199252,OK
web-it-2004,1,159,Ours_ST,33.0991,198756,OK
web-it-2004,1,158,REF_R1,150.62,217844,OK
web-it-2004,1,159,REF_R1,210.522,217248,OK
web-it-2004,1,160,Ours_ST,32.5821,198560,OK
web-it-2004,1,160,REF_R1,190.381,217420,OK
web-it-2004,1,161,Ours_ST,33.1056,198448,OK
web-it-2004,1,161,REF_R1,147.691,217340,OK
web-it-2004,1,162,Ours_ST,32.3143,197196,OK
web-it-2004,1,163,Ours_ST,34.5127,197072,OK
web-it-2004,1,162,REF_R1,151.691,216180,OK
web-it-2004,1,163,REF_R1,164.322,216116,OK
web-it-2004,1,164,Ours_ST,33.1808,196112,OK
web-it-2004,1,164,REF_R1,167.438,215132,OK
web-it-2004,1,165,Ours_ST,35.2608,195500,OK
web-it-2004,1,165,REF_R1,147.787,214536,OK
web-it-2004,1,166,Ours_ST,31.4402,194884,OK
web-it-2004,1,166,REF_R1,147.218,213856,OK
web-it-2004,1,167,Ours_ST,35.3617,194576,OK
web-it-2004,1,167,REF_R1,192.426,213580,OK
web-it-2004,1,168,Ours_ST,33.7436,194320,OK
web-it-2004,1,168,REF_R1,203.627,213732,OK
web-it-2004,1,169,Ours_ST,32.6068,193988,OK
web-it-2004,1,169,REF_R1,144.103,213276,OK
web-it-2004,1,170,Ours_ST,32.8493,193536,OK
web-it-2004,1,170,REF_R1,145.037,212776,OK
web-it-2004,1,171,Ours_ST,30.8567,192864,OK
web-it-2004,1,171,REF_R1,145.244,212464,OK
web-it-2004,1,172,Ours_ST,32.0022,191508,OK
web-it-2004,1,172,REF_R1,144.845,211132,OK
web-it-2004,1,173,Ours_ST,31.0035,190880,OK
web-it-2004,1,173,REF_R1,166.252,210712,OK
web-it-2004,1,174,Ours_ST,30.5941,190844,OK
web-it-2004,1,174,REF_R1,149.87,210756,OK
web-it-2004,1,175,Ours_ST,30.6731,190860,OK
web-it-2004,1,175,REF_R1,164.433,210544,OK
web-it-2004,1,176,Ours_ST,32.1026,189844,OK
web-it-2004,1,176,REF_R1,187.3,209900,OK
web-it-2004,1,177,Ours_ST,30.6301,189740,OK
web-it-2004,1,177,REF_R1,179.56,209604,OK
web-it-2004,1,178,Ours_ST,30.0039,189528,OK
web-it-2004,1,179,Ours_ST,32.4792,188944,OK
web-it-2004,1,178,REF_R1,151.366,209588,OK
web-it-2004,1,179,REF_R1,165.852,209264,OK
web-it-2004,1,180,Ours_ST,30.3286,188764,OK
web-it-2004,1,180,REF_R1,140.482,209148,OK
web-it-2004,1,181,Ours_ST,33.0193,188808,OK
web-it-2004,1,181,REF_R1,144.061,209032,OK
web-it-2004,1,182,Ours_ST,29.7316,188384,OK
web-it-2004,1,183,Ours_ST,32.0171,187372,OK
web-it-2004,1,182,REF_R1,145.432,208556,OK
web-it-2004,1,183,REF_R1,146.13,207984,OK
web-it-2004,1,184,Ours_ST,29.7423,187032,OK
web-it-2004,1,184,REF_R1,143.172,207392,OK
web-it-2004,1,185,Ours_ST,30.2346,186460,OK
web-it-2004,1,185,REF_R1,141.85,206916,OK
web-it-2004,1,186,Ours_ST,30.2964,184984,OK
web-it-2004,1,186,REF_R1,164.774,205848,OK
web-it-2004,1,187,Ours_ST,28.7841,184984,OK
web-it-2004,1,187,REF_R1,140.512,205688,OK
web-it-2004,1,188,Ours_ST,27.6734,184896,OK
web-it-2004,1,188,REF_R1,175.992,205716,OK
web-it-2004,1,189,Ours_ST,31.491,184748,OK
web-it-2004,1,189,REF_R1,186.822,205616,OK
web-it-2004,1,190,Ours_ST,29.1579,184548,OK
web-it-2004,1,190,REF_R1,141.736,205296,OK
web-it-2004,1,191,Ours_ST,27.9739,184284,OK
web-it-2004,1,191,REF_R1,139.633,205292,OK
web-it-2004,1,192,Ours_ST,29.6403,184284,OK
web-it-2004,1,192,REF_R1,136.36,205160,OK
web-it-2004,1,193,Ours_ST,29.4357,184168,OK
web-it-2004,1,193,REF_R1,136.592,205232,OK
web-it-2004,1,194,Ours_ST,28.9468,184008,OK
web-it-2004,1,195,Ours_ST,28.4164,183656,OK
web-it-2004,1,194,REF_R1,143.252,204996,OK
web-it-2004,1,195,REF_R1,135.096,205060,OK
web-it-2004,1,196,Ours_ST,26.5433,183284,OK
web-it-2004,1,196,REF_R1,136.619,204732,OK
web-it-2004,1,197,Ours_ST,28.7755,183344,OK
web-it-2004,1,197,REF_R1,133.227,204708,OK
web-it-2004,1,198,Ours_ST,29.3152,182888,OK
web-it-2004,1,198,REF_R1,135.443,204720,OK
web-it-2004,1,199,Ours_ST,26.8441,182992,OK
web-it-2004,1,199,REF_R1,133.343,204664,OK
web-it-2004,1,200,Ours_ST,25.9436,182452,OK
web-it-2004,1,200,REF_R1,133.771,203956,OK
web-it-2004,1,201,Ours_ST,30.7167,182224,OK
web-it-2004,1,201,REF_R1,134.179,204004,OK
web-it-2004,1,203,Ours_ST,26.2936,181420,OK
web-it-2004,1,202,Ours_ST,25.8817,182224,OK
web-it-2004,1,202,REF_R1,135.468,203672,OK
web-it-2004,1,203,REF_R1,153.84,203248,OK
web-it-2004,1,204,Ours_ST,28.4351,180872,OK
web-it-2004,1,204,REF_R1,174.818,203220,OK
web-it-2004,1,205,Ours_ST,25.5481,181372,OK
web-it-2004,1,205,REF_R1,175.526,203212,OK
web-it-2004,1,206,Ours_ST,27.5811,180832,OK
web-it-2004,1,206,REF_R1,136.675,202952,OK
web-it-2004,1,207,Ours_ST,28.5692,180288,OK
web-it-2004,1,207,REF_R1,168.75,202528,OK
web-it-2004,1,208,Ours_ST,27.1936,180656,OK
web-it-2004,1,208,REF_R1,133.132,202748,OK
web-it-2004,1,209,Ours_ST,24.7038,180520,OK
web-it-2004,1,209,REF_R1,130.916,202500,OK
web-it-2004,1,210,Ours_ST,29.7001,179840,OK
web-it-2004,1,210,REF_R1,170.336,202704,OK
web-it-2004,1,211,Ours_ST,25.3506,180532,OK
web-it-2004,1,211,REF_R1,131.524,202720,OK
web-it-2004,1,212,Ours_ST,26.5446,179544,OK
web-it-2004,1,212,REF_R1,131.9,202564,OK
web-it-2004,1,213,Ours_ST,24.1206,179692,OK
web-it-2004,1,213,REF_R1,173.484,202520,OK
web-it-2004,1,214,REF_R1,131.708,202512,OK
web-it-2004,1,214,Ours_ST,27.0928,179480,OK
web-it-2004,1,215,Ours_ST,25.5591,180020,OK
web-it-2004,1,215,REF_R1,130.855,202160,OK
web-it-2004,1,216,Ours_ST,26.0501,178680,OK
web-it-2004,1,216,REF_R1,181.662,201824,OK
web-it-2004,1,217,Ours_ST,28.036,178636,OK
web-it-2004,1,217,REF_R1,129.544,201724,OK
web-it-2004,1,218,Ours_ST,23.9198,177900,OK
web-it-2004,1,219,Ours_ST,26.2824,177440,OK
web-it-2004,1,218,REF_R1,132.978,201012,OK
web-it-2004,1,219,REF_R1,173.004,200484,OK
web-it-2004,1,220,Ours_ST,25.3117,177028,OK
web-it-2004,1,220,REF_R1,129.842,200436,OK
web-it-2004,1,221,Ours_ST,25.4686,176660,OK
web-it-2004,1,221,REF_R1,125.763,199684,OK
web-it-2004,1,222,Ours_ST,23.336,175244,OK
web-it-2004,1,223,Ours_ST,24.4287,174960,OK
web-it-2004,1,222,REF_R1,164.721,198680,OK
web-it-2004,1,223,REF_R1,173.908,198080,OK
web-it-2004,1,224,Ours_ST,25.3086,175108,OK
web-it-2004,1,224,REF_R1,166.757,198364,OK
web-it-2004,1,225,Ours_ST,25.3875,174708,OK
web-it-2004,1,225,REF_R1,128.883,198276,OK
web-it-2004,1,226,Ours_ST,25.7771,174664,OK
web-it-2004,1,226,REF_R1,130.085,198192,OK
web-it-2004,1,227,Ours_ST,23.2801,173708,OK
web-it-2004,1,227,REF_R1,126.393,197564,OK
web-it-2004,1,228,Ours_ST,25.7176,173856,OK
web-it-2004,1,228,REF_R1,126.422,197492,OK
web-it-2004,1,229,Ours_ST,25.9427,172128,OK
web-it-2004,1,229,REF_R1,126.071,195244,OK
web-it-2004,1,230,Ours_ST,23.0333,171344,OK
web-it-2004,1,231,Ours_ST,23.757,171348,OK
web-it-2004,1,230,REF_R1,165.292,194488,OK
web-it-2004,1,231,REF_R1,125.682,194108,OK
web-it-2004,1,232,Ours_ST,24.4119,171088,OK
web-it-2004,1,232,REF_R1,158.242,194396,OK
web-it-2004,1,233,Ours_ST,22.4032,170812,OK
web-it-2004,1,233,REF_R1,144.181,194252,OK
web-it-2004,1,234,Ours_ST,23.0643,170392,OK
web-it-2004,1,235,Ours_ST,21.9072,169992,OK
web-it-2004,1,234,REF_R1,167.842,194016,OK
web-it-2004,1,235,REF_R1,152.802,194092,OK
web-it-2004,1,236,Ours_ST,24.2062,170472,OK
web-it-2004,1,236,REF_R1,125.774,193936,OK
web-it-2004,1,237,Ours_ST,25.0529,170520,OK
web-it-2004,1,237,REF_R1,122.751,193892,OK
web-it-2004,1,238,Ours_ST,24.2063,170060,OK
web-it-2004,1,238,REF_R1,127.278,193796,OK
web-it-2004,1,239,Ours_ST,22.2645,170112,OK
web-it-2004,1,239,REF_R1,146.545,193840,OK
web-it-2004,1,240,Ours_ST,22.3278,170032,OK
web-it-2004,1,240,REF_R1,122.66,193728,OK
web-it-2004,1,241,Ours_ST,24.1484,169932,OK
web-it-2004,1,241,REF_R1,122.387,193652,OK
web-it-2004,1,242,Ours_ST,24.2228,169764,OK
web-it-2004,1,242,REF_R1,158.107,193404,OK
web-it-2004,1,243,Ours_ST,21.8488,169600,OK
web-it-2004,1,243,REF_R1,125.456,193236,OK
web-it-2004,1,244,Ours_ST,21.2411,169084,OK
web-it-2004,1,244,REF_R1,123.021,193408,OK
web-it-2004,1,245,Ours_ST,23.7959,169228,OK
web-it-2004,1,245,REF_R1,123.372,193376,OK
web-it-2004,1,246,Ours_ST,21.1404,169304,OK
web-it-2004,1,246,REF_R1,147.863,193216,OK
web-it-2004,1,247,Ours_ST,21.5998,168948,OK
web-it-2004,1,247,REF_R1,166.653,193220,OK
web-it-2004,1,248,Ours_ST,24.1063,169008,OK
web-it-2004,1,248,REF_R1,123.609,192944,OK
web-it-2004,1,249,Ours_ST,20.4508,168536,OK
web-it-2004,1,249,REF_R1,121.412,192852,OK
web-it-2004,1,250,Ours_ST,20.7908,168656,OK
web-it-2004,1,250,REF_R1,123.317,192960,OK
web-it-2004,1,251,Ours_ST,20.8067,168416,OK
web-it-2004,1,251,REF_R1,143.362,192864,OK
web-it-2004,1,252,Ours_ST,22.6144,168412,OK
web-it-2004,1,252,REF_R1,121.9,192744,OK
web-it-2004,1,253,Ours_ST,20.8273,168116,OK
web-it-2004,1,253,REF_R1,162.818,192800,OK
web-it-2004,1,254,Ours_ST,22.5546,168028,OK
web-it-2004,1,254,REF_R1,124.307,192536,OK
web-it-2004,1,255,Ours_ST,20.3142,168132,OK
web-it-2004,1,255,REF_R1,159.64,192412,OK
web-it-2004,1,256,Ours_ST,20.0594,168012,OK
web-it-2004,1,256,REF_R1,118.797,192480,OK
web-it-2004,1,257,Ours_ST,20.2835,167160,OK
web-it-2004,1,257,REF_R1,121.983,191900,OK
web-it-2004,1,258,Ours_ST,21.962,167196,OK
web-it-2004,1,258,REF_R1,123.155,191980,OK
web-it-2004,1,259,Ours_ST,22.2026,166608,OK
web-it-2004,1,259,REF_R1,161.079,191752,OK
web-it-2004,1,260,Ours_ST,20.4102,166500,OK
web-it-2004,1,260,REF_R1,120.221,191236,OK
web-it-2004,1,261,Ours_ST,21.9473,165668,OK
web-it-2004,1,261,REF_R1,117.85,191248,OK
web-it-2004,1,262,Ours_ST,19.5034,165896,OK
web-it-2004,1,263,Ours_ST,21.9246,165860,OK
web-it-2004,1,262,REF_R1,156.937,190716,OK
web-it-2004,1,263,REF_R1,122.035,190944,OK
web-it-2004,1,264,Ours_ST,21.7781,164936,OK
web-it-2004,1,264,REF_R1,155.687,189892,OK
web-it-2004,1,265,Ours_ST,19.8396,164564,OK
web-it-2004,1,265,REF_R1,118.061,189828,OK
web-it-2004,1,266,Ours_ST,19.1814,163388,OK
web-it-2004,1,266,REF_R1,118.522,188524,OK
web-it-2004,1,267,Ours_ST,19.5888,162720,OK
web-it-2004,1,267,REF_R1,150.498,187876,OK
web-it-2004,1,268,Ours_ST,19.4221,162220,OK
web-it-2004,1,268,REF_R1,117.858,187268,OK
web-it-2004,1,269,Ours_ST,18.6293,162156,OK
web-it-2004,1,269,REF_R1,137.163,187380,OK
web-it-2004,1,270,Ours_ST,19.6386,161760,OK
web-it-2004,1,270,REF_R1,121.214,187120,OK
web-it-2004,1,271,Ours_ST,18.8478,161412,OK
web-it-2004,1,271,REF_R1,135.531,186968,OK
web-it-2004,1,272,Ours_ST,21.7744,161016,OK
web-it-2004,1,272,REF_R1,119.511,186764,OK
web-it-2004,1,273,Ours_ST,21.2551,161024,OK
web-it-2004,1,273,REF_R1,138.688,186668,OK
web-it-2004,1,274,Ours_ST,18.3454,160324,OK
web-it-2004,1,274,REF_R1,117.92,185940,OK
web-it-2004,1,275,Ours_ST,18.445,159964,OK
web-it-2004,1,275,REF_R1,133.403,186036,OK
web-it-2004,1,276,Ours_ST,19.6596,160172,OK
web-it-2004,1,276,REF_R1,114.735,185964,OK
web-it-2004,1,277,Ours_ST,18.2767,160008,OK
web-it-2004,1,277,REF_R1,132.733,185868,OK
web-it-2004,1,278,Ours_ST,18.2746,159348,OK
web-it-2004,1,279,Ours_ST,18.2395,159216,OK
web-it-2004,1,278,REF_R1,114.662,185248,OK
web-it-2004,1,279,REF_R1,143.18,185196,OK
web-it-2004,1,280,Ours_ST,19.265,158420,OK
web-it-2004,1,280,REF_R1,115.196,185072,OK
web-it-2004,1,281,Ours_ST,18.0256,158376,OK
web-it-2004,1,281,REF_R1,114.419,184968,OK
web-it-2004,1,282,Ours_ST,19.1361,158788,OK
web-it-2004,1,283,Ours_ST,17.6523,158632,OK
web-it-2004,1,282,REF_R1,117.059,184988,OK
web-it-2004,1,283,REF_R1,136.499,184924,OK
web-it-2004,1,284,Ours_ST,19.7493,158648,OK
web-it-2004,1,284,REF_R1,133.37,184928,OK
web-it-2004,1,285,Ours_ST,19.3586,157864,OK
web-it-2004,1,285,REF_R1,113.097,184296,OK
web-it-2004,1,286,Ours_ST,17.5814,156908,OK
web-it-2004,1,286,REF_R1,116.261,184036,OK
web-it-2004,1,287,Ours_ST,18.6514,157384,OK
web-it-2004,1,287,REF_R1,113.348,183924,OK
web-it-2004,1,288,Ours_ST,18.1449,156104,OK
web-it-2004,1,288,REF_R1,133.4,182656,OK
web-it-2004,1,289,Ours_ST,16.6805,155944,OK
web-it-2004,1,289,REF_R1,132.27,182540,OK
web-it-2004,1,290,Ours_ST,16.7475,155980,OK
web-it-2004,1,290,REF_R1,112.974,182676,OK
web-it-2004,1,291,Ours_ST,16.9622,155792,OK
web-it-2004,1,291,REF_R1,110.256,182512,OK
web-it-2004,1,292,Ours_ST,18.029,155624,OK
web-it-2004,1,292,REF_R1,111.02,182568,OK
web-it-2004,1,293,Ours_ST,16.3855,155608,OK
web-it-2004,1,293,REF_R1,112.263,182420,OK
web-it-2004,1,294,Ours_ST,16.6554,155544,OK
web-it-2004,1,295,Ours_ST,16.2993,154668,OK
web-it-2004,1,294,REF_R1,113.64,182232,OK
web-it-2004,1,295,REF_R1,132.101,182364,OK
web-it-2004,1,296,Ours_ST,18.2547,155100,OK
web-it-2004,1,296,REF_R1,111.336,182108,OK
web-it-2004,1,297,Ours_ST,17.4184,155072,OK
web-it-2004,1,297,REF_R1,139.081,181912,OK
web-it-2004,1,298,Ours_ST,16.119,154440,OK
web-it-2004,1,299,Ours_ST,17.327,154464,OK
web-it-2004,1,298,REF_R1,113.59,181736,OK
web-it-2004,1,299,REF_R1,139.013,181536,OK
web-it-2004,1,300,Ours_ST,17.2188,154364,OK
web-it-2004,1,300,REF_R1,131.212,181472,OK
web-it-2004,1,301,Ours_ST,15.6105,154040,OK
web-it-2004,1,301,REF_R1,109.706,181524,OK
web-it-2004,1,302,Ours_ST,15.5452,153264,OK
web-it-2004,1,303,Ours_ST,16.1087,152576,OK
web-it-2004,1,302,REF_R1,110.244,180840,OK
web-it-2004,1,303,REF_R1,111.026,180744,OK
web-it-2004,1,304,Ours_ST,15.2225,152456,OK
web-it-2004,1,304,REF_R1,109.919,180548,OK
web-it-2004,1,305,Ours_ST,16.9304,151672,OK
web-it-2004,1,305,REF_R1,109.078,180016,OK
web-it-2004,1,306,Ours_ST,15.2827,152180,OK
web-it-2004,1,306,REF_R1,110.092,179800,OK
web-it-2004,1,307,Ours_ST,15.0308,151388,OK
web-it-2004,1,307,REF_R1,107.677,179844,OK
web-it-2004,1,308,Ours_ST,15.38,151660,OK
web-it-2004,1,308,REF_R1,128.183,179488,OK
web-it-2004,1,309,Ours_ST,14.9197,150752,OK
web-it-2004,1,309,REF_R1,129.614,179316,OK
web-it-2004,1,310,Ours_ST,16.2099,151312,OK
web-it-2004,1,310,REF_R1,108.808,179044,OK
web-it-2004,1,311,Ours_ST,20.0944,150504,OK
web-it-2004,1,311,REF_R1,107.39,178524,OK
web-it-2004,1,312,Ours_ST,14.5833,150184,OK
web-it-2004,1,312,REF_R1,108.526,177992,OK
web-it-2004,1,313,Ours_ST,14.2872,149604,OK
web-it-2004,1,313,REF_R1,106.541,177824,OK
web-it-2004,1,314,Ours_ST,14.5781,149636,OK
web-it-2004,1,314,REF_R1,108.068,177708,OK
web-it-2004,1,315,Ours_ST,14.2731,148300,OK
web-it-2004,1,315,REF_R1,105.281,177096,OK
web-it-2004,1,316,Ours_ST,15.879,148164,OK
web-it-2004,1,316,REF_R1,106.948,177000,OK
web-it-2004,1,317,Ours_ST,15.5631,147752,OK
web-it-2004,1,317,REF_R1,134.11,176468,OK
web-it-2004,1,318,Ours_ST,13.6622,145924,OK
web-it-2004,1,318,REF_R1,106.681,175216,OK
web-it-2004,1,319,Ours_ST,13.7873,145708,OK
web-it-2004,1,319,REF_R1,103.479,175140,OK
web-it-2004,1,320,Ours_ST,14.8365,145160,OK
web-it-2004,1,320,REF_R1,128.925,174216,OK
web-it-2004,1,321,Ours_ST,13.2298,145000,OK
web-it-2004,1,321,REF_R1,105.131,174316,OK
web-it-2004,1,322,Ours_ST,14.5728,144640,OK
web-it-2004,1,322,REF_R1,125.98,174200,OK
web-it-2004,1,323,Ours_ST,14.2884,144652,OK
web-it-2004,1,323,REF_R1,134.23,174008,OK
web-it-2004,1,324,Ours_ST,12.7563,143256,OK
web-it-2004,1,324,REF_R1,105.598,172760,OK
web-it-2004,1,325,Ours_ST,13.1166,142640,OK
web-it-2004,1,325,REF_R1,101.167,172376,OK
web-it-2004,1,326,Ours_ST,14.3847,142672,OK
web-it-2004,1,326,REF_R1,124.911,172140,OK
web-it-2004,1,327,Ours_ST,14.7294,142472,OK
web-it-2004,1,327,REF_R1,103.147,172140,OK
web-it-2004,1,328,Ours_ST,12.9317,142336,OK
web-it-2004,1,328,REF_R1,102.101,172020,OK
web-it-2004,1,329,Ours_ST,12.573,141440,OK
web-it-2004,1,329,REF_R1,100.007,171036,OK
web-it-2004,1,330,Ours_ST,13.4068,141444,OK
web-it-2004,1,330,REF_R1,101.565,170776,OK
web-it-2004,1,331,Ours_ST,12.6356,141384,OK
web-it-2004,1,331,REF_R1,132.572,168704,OK
web-it-2004,1,332,Ours_ST,12.4405,141156,OK
web-it-2004,1,332,REF_R1,125.493,168688,OK
web-it-2004,1,333,Ours_ST,12.191,141148,OK
web-it-2004,1,333,REF_R1,119.614,168624,OK
web-it-2004,1,334,Ours_ST,12.2399,141124,OK
web-it-2004,1,334,REF_R1,100.132,168736,OK
web-it-2004,1,335,Ours_ST,12.3426,140524,OK
web-it-2004,1,335,REF_R1,122.207,168676,OK
web-it-2004,1,336,Ours_ST,12.9055,140616,OK
web-it-2004,1,336,REF_R1,100.362,168456,OK
web-it-2004,1,337,Ours_ST,13.4299,140752,OK
web-it-2004,1,337,REF_R1,100.493,168688,OK
web-it-2004,1,338,Ours_ST,11.9693,140496,OK
web-it-2004,1,338,REF_R1,120.488,168576,OK
web-it-2004,1,339,Ours_ST,11.1037,136660,OK
web-it-2004,1,339,REF_R1,125.385,166604,OK
web-it-2004,1,340,Ours_ST,14.6215,136644,OK
web-it-2004,1,340,REF_R1,94.214,166684,OK
web-it-2004,1,341,Ours_ST,11.0978,136624,OK
web-it-2004,1,341,REF_R1,99.4708,164624,OK
web-it-2004,1,342,Ours_ST,11.6091,136780,OK
web-it-2004,1,342,REF_R1,119.02,164648,OK
web-it-2004,1,343,Ours_ST,11.3158,136748,OK
web-it-2004,1,343,REF_R1,120.327,164692,OK
web-it-2004,1,344,Ours_ST,14.314,136684,OK
web-it-2004,1,344,REF_R1,94.9967,164584,OK
web-it-2004,1,345,Ours_ST,14.4191,136792,OK
web-it-2004,1,345,REF_R1,95.2709,164696,OK
web-it-2004,1,346,Ours_ST,14.1516,136736,OK
web-it-2004,1,346,REF_R1,96.6211,164684,OK
web-it-2004,1,347,Ours_ST,10.3933,136788,OK
web-it-2004,1,347,REF_R1,96.1243,164728,OK
web-it-2004,1,348,Ours_ST,13.7532,136576,OK
web-it-2004,1,348,REF_R1,94.6498,164688,OK
web-it-2004,1,349,Ours_ST,10.1984,136680,OK
web-it-2004,1,349,REF_R1,120.381,164580,OK
web-it-2004,1,350,Ours_ST,13.6355,136688,OK
web-it-2004,1,351,Ours_ST,9.70832,136708,OK
web-it-2004,1,350,REF_R1,125.358,164692,OK
web-it-2004,1,351,REF_R1,93.5376,164688,OK
web-it-2004,1,352,Ours_ST,9.78033,136712,OK
web-it-2004,1,352,REF_R1,92.7613,164468,OK
web-it-2004,1,353,Ours_ST,13.0821,136604,OK
web-it-2004,1,353,REF_R1,94.6399,164704,OK
web-it-2004,1,354,Ours_ST,15.666,132600,OK
web-it-2004,1,354,REF_R1,95.7795,162628,OK
web-it-2004,1,355,Ours_ST,8.85312,132844,OK
web-it-2004,1,355,REF_R1,117.072,162704,OK
web-it-2004,1,356,Ours_ST,8.77413,132612,OK
web-it-2004,1,356,REF_R1,124.274,160592,OK
web-it-2004,1,357,Ours_ST,14.8567,132644,OK
web-it-2004,1,357,REF_R1,122.559,160500,OK
web-it-2004,1,358,Ours_ST,8.21837,132764,OK
web-it-2004,1,358,REF_R1,93.0504,160772,OK
web-it-2004,1,359,Ours_ST,8.03704,132548,OK
web-it-2004,1,359,REF_R1,91.0725,160584,OK
web-it-2004,1,360,Ours_ST,7.89752,132676,OK
web-it-2004,1,360,REF_R1,91.8419,160584,OK
web-it-2004,1,361,Ours_ST,11.2499,132760,OK
web-it-2004,1,361,REF_R1,116.097,160500,OK
web-it-2004,1,362,Ours_ST,11.2403,132656,OK
web-it-2004,1,362,REF_R1,93.3459,160676,OK
web-it-2004,1,363,Ours_ST,7.59812,132808,OK
web-it-2004,1,363,REF_R1,116.653,160588,OK
web-it-2004,1,364,Ours_ST,7.41273,132660,OK
web-it-2004,1,364,REF_R1,89.4434,160720,OK
web-it-2004,1,365,Ours_ST,7.41193,132624,OK
web-it-2004,1,365,REF_R1,116.733,160652,OK
web-it-2004,1,366,Ours_ST,7.31923,132700,OK
web-it-2004,1,366,REF_R1,89.1519,160584,OK
web-it-2004,1,367,Ours_ST,11.8021,132756,OK
web-it-2004,1,367,REF_R1,113.793,160768,OK
web-it-2004,1,368,Ours_ST,6.98525,132636,OK
web-it-2004,1,368,REF_R1,85.8719,160692,OK
web-it-2004,1,369,Ours_ST,6.85027,132676,OK
web-it-2004,1,369,REF_R1,86.4149,160720,OK
web-it-2004,1,370,Ours_ST,6.85318,132764,OK
web-it-2004,1,370,REF_R1,113.689,160616,OK
web-it-2004,1,371,Ours_ST,6.7307,132844,OK
web-it-2004,1,371,REF_R1,86.4262,160772,OK
web-it-2004,1,372,Ours_ST,11.0708,132564,OK
web-it-2004,1,372,REF_R1,85.032,160680,OK
web-it-2004,1,373,Ours_ST,10.7595,132648,OK
web-it-2004,1,373,REF_R1,87.4314,160760,OK
web-it-2004,1,374,Ours_ST,6.32031,132768,OK
web-it-2004,1,374,REF_R1,112.844,160720,OK
web-it-2004,1,375,Ours_ST,6.12634,132620,OK
web-it-2004,1,375,REF_R1,83.0977,160636,OK
web-it-2004,1,376,Ours_ST,10.5947,132692,OK
web-it-2004,1,376,REF_R1,86.1506,160688,OK
web-it-2004,1,377,Ours_ST,6.03094,132768,OK
web-it-2004,1,377,REF_R1,83.2167,160736,OK
web-it-2004,1,378,Ours_ST,10.5667,132756,OK
web-it-2004,1,379,Ours_ST,5.84387,132760,OK
web-it-2004,1,378,REF_R1,113.265,160580,OK
web-it-2004,1,379,REF_R1,83.6617,160600,OK
web-it-2004,1,380,Ours_ST,5.8695,132672,OK
web-it-2004,1,380,REF_R1,84.588,160712,OK
web-it-2004,1,381,Ours_ST,10.2624,132720,OK
web-it-2004,1,381,REF_R1,83.1872,160648,OK
web-it-2004,1,382,Ours_ST,8.78487,132576,OK
web-it-2004,1,382,REF_R1,86.2161,160364,OK
web-it-2004,1,383,Ours_ST,5.63328,132732,OK
web-it-2004,1,383,REF_R1,113.425,160732,OK
web-it-2004,1,384,Ours_ST,5.58556,132820,OK
web-it-2004,1,384,REF_R1,113.335,160712,OK
web-it-2004,1,385,Ours_ST,5.3163,132700,OK
web-it-2004,1,385,REF_R1,82.0872,160580,OK
web-it-2004,1,386,Ours_ST,8.80365,132764,OK
web-it-2004,1,387,Ours_ST,5.13423,132724,OK
web-it-2004,1,386,REF_R1,112.663,160664,OK
web-it-2004,1,387,REF_R1,111.239,160604,OK
web-it-2004,1,388,Ours_ST,5.03718,132784,OK
web-it-2004,1,388,REF_R1,111.378,160488,OK
web-it-2004,1,389,Ours_ST,8.33928,132572,OK
web-it-2004,1,389,REF_R1,81.7757,160544,OK
web-it-2004,1,390,Ours_ST,8.38551,132444,OK
web-it-2004,1,390,REF_R1,83.0378,160716,OK
web-it-2004,1,391,Ours_ST,5.06557,132764,OK
web-it-2004,1,391,REF_R1,110.874,160628,OK
web-it-2004,1,392,Ours_ST,4.78203,132816,OK
web-it-2004,1,392,REF_R1,111.028,160660,OK
web-it-2004,1,393,Ours_ST,8.04471,132600,OK
web-it-2004,1,393,REF_R1,112.004,160672,OK
web-it-2004,1,394,Ours_ST,4.86544,132800,OK
web-it-2004,1,395,Ours_ST,7.69302,132448,OK
web-it-2004,1,394,REF_R1,110.558,160588,OK
web-it-2004,1,395,REF_R1,80.2771,160696,OK
web-it-2004,1,396,Ours_ST,4.75472,132500,OK
web-it-2004,1,396,REF_R1,110.291,160724,OK
web-it-2004,1,397,Ours_ST,4.66389,132808,OK
web-it-2004,1,397,REF_R1,110.314,160728,OK
web-it-2004,1,398,Ours_ST,4.85459,132688,OK
web-it-2004,1,399,Ours_ST,4.74625,132796,OK
web-it-2004,1,398,REF_R1,81.0932,160708,OK
web-it-2004,1,399,REF_R1,106.592,160732,OK
web-it-2004,1,400,Ours_ST,7.6928,132596,OK
web-it-2004,1,400,REF_R1,109.032,160648,OK
web-it-2004,1,401,Ours_ST,4.57516,132816,OK
web-it-2004,1,401,REF_R1,109.444,160640,OK
web-it-2004,1,402,Ours_ST,4.53902,132656,OK
web-it-2004,1,403,Ours_ST,4.51867,132668,OK
web-it-2004,1,402,REF_R1,109.495,160624,OK
web-it-2004,1,403,REF_R1,110.565,160740,OK
web-it-2004,1,404,Ours_ST,7.61103,132476,OK
web-it-2004,1,404,REF_R1,107.397,160644,OK
web-it-2004,1,405,Ours_ST,7.728,132676,OK
web-it-2004,1,405,REF_R1,80.1039,160692,OK
web-it-2004,1,406,Ours_ST,4.22079,132840,OK
web-it-2004,1,406,REF_R1,79.1323,160584,OK
web-it-2004,1,407,Ours_ST,4.48247,132688,OK
web-it-2004,1,407,REF_R1,107.524,160620,OK
web-it-2004,1,408,Ours_ST,4.27426,132548,OK
web-it-2004,1,408,REF_R1,78.7712,160608,OK
web-it-2004,1,409,Ours_ST,4.45676,132676,OK
web-it-2004,1,409,REF_R1,79.4901,160572,OK
web-it-2004,1,410,Ours_ST,4.39616,132748,OK
web-it-2004,1,410,REF_R1,80.0299,160624,OK
web-it-2004,1,411,Ours_ST,4.39374,132796,OK
web-it-2004,1,411,REF_R1,107.794,160696,OK
web-it-2004,1,412,Ours_ST,4.09845,132700,OK
web-it-2004,1,412,REF_R1,79.8284,160652,OK
web-it-2004,1,413,Ours_ST,4.19504,132820,OK
web-it-2004,1,413,REF_R1,106.309,160572,OK
web-it-2004,1,414,Ours_ST,4.19391,132804,OK
web-it-2004,1,415,Ours_ST,4.11006,132704,OK
web-it-2004,1,414,REF_R1,79.5183,160644,OK
web-it-2004,1,415,REF_R1,78.4971,160684,OK
web-it-2004,1,416,Ours_ST,4.36432,132808,OK
web-it-2004,1,416,REF_R1,77.8307,160728,OK
web-it-2004,1,417,Ours_ST,7.14284,132652,OK
web-it-2004,1,417,REF_R1,79.068,160492,OK
web-it-2004,1,418,Ours_ST,5.03813,132708,OK
web-it-2004,1,419,Ours_ST,4.12175,132676,OK
web-it-2004,1,418,REF_R1,108.43,160724,OK
web-it-2004,1,419,REF_R1,107.284,160600,OK
web-it-2004,1,420,Ours_ST,4.25936,132560,OK
web-it-2004,1,420,REF_R1,108.19,160572,OK
web-it-2004,1,421,Ours_ST,4.06261,132760,OK
web-it-2004,1,421,REF_R1,78.7626,160676,OK
web-it-2004,1,422,Ours_ST,7.25203,132672,OK
web-it-2004,1,422,REF_R1,80.4509,160668,OK
web-it-2004,1,423,Ours_ST,4.08785,132780,OK
web-it-2004,1,423,REF_R1,107.853,160732,OK
web-it-2004,1,424,Ours_ST,3.89503,132860,OK
web-it-2004,1,424,REF_R1,109.246,160624,OK
web-it-2004,1,425,Ours_ST,3.8658,132760,OK
web-it-2004,1,425,REF_R1,76.9026,160500,OK
web-it-2004,1,426,Ours_ST,6.90904,132644,OK
web-it-2004,1,427,Ours_ST,3.76772,132592,OK
web-it-2004,1,426,REF_R1,106.717,160664,OK
web-it-2004,1,427,REF_R1,77.349,160588,OK
web-it-2004,1,428,Ours_ST,3.7765,132764,OK
web-it-2004,1,428,REF_R1,77.0386,160592,OK
web-it-2004,1,429,Ours_ST,6.97974,132740,OK
web-it-2004,1,429,REF_R1,106.137,160660,OK
web-it-2004,1,430,Ours_ST,4.07958,132640,OK
web-it-2004,1,430,REF_R1,78.5932,160508,OK
com-dblp,1,2,Ours_ST,246.132,155052,OK
com-dblp,1,2,REF_R1,408.523,225172,OK
com-dblp,1,3,Ours_ST,250.223,135284,OK
com-dblp,1,3,REF_R1,400.022,198192,OK
com-dblp,1,4,Ours_ST,91.5937,96884,OK
com-dblp,1,4,REF_R1,299.674,119440,OK
com-dblp,1,5,Ours_ST,75.5811,72576,OK
com-dblp,1,5,REF_R1,194.692,97712,OK
com-dblp,1,6,Ours_ST,26.8983,59656,OK
com-dblp,1,6,REF_R1,91.7713,85828,OK
com-dblp,1,7,Ours_ST,24.9343,51780,OK
com-dblp,1,7,REF_R1,76.1519,78644,OK
com-dblp,1,8,Ours_ST,11.1056,48272,OK
com-dblp,1,8,REF_R1,99.9133,74648,OK
com-dblp,1,9,Ours_ST,12.5162,46040,OK
com-dblp,1,9,REF_R1,91.4449,72196,OK
com-dblp,1,10,Ours_ST,9.83291,44560,OK
com-dblp,1,10,REF_R1,85.241,70644,OK
com-dblp,1,11,Ours_ST,8.16372,43392,OK
com-dblp,1,11,REF_R1,82.9759,69596,OK
com-dblp,1,12,Ours_ST,7.1479,42560,OK
com-dblp,1,12,REF_R1,80.3779,68636,OK
com-dblp,1,13,Ours_ST,4.30822,42196,OK
com-dblp,1,13,REF_R1,79.0701,68152,OK
com-dblp,1,14,Ours_ST,3.84858,41728,OK
com-dblp,1,14,REF_R1,77.6268,67888,OK
com-dblp,1,15,Ours_ST,5.4339,41460,OK
com-dblp,1,15,REF_R1,54.5045,67440,OK
com-dblp,1,16,Ours_ST,5.01382,41344,OK
com-dblp,1,16,REF_R1,77.4121,67224,OK
com-dblp,1,17,Ours_ST,3.22543,41164,OK
com-dblp,1,17,REF_R1,75.2325,66708,OK
com-dblp,1,18,Ours_ST,4.53737,41064,OK
com-dblp,1,18,REF_R1,75.0629,66708,OK
com-dblp,1,19,Ours_ST,4.31227,36880,OK
com-dblp,1,19,REF_R1,74.6649,66580,OK
com-dblp,1,20,Ours_ST,2.90179,36788,OK
com-dblp,1,20,REF_R1,75.9794,66528,OK
com-dblp,1,21,Ours_ST,2.77954,40712,OK
com-dblp,1,21,REF_R1,74.1904,66272,OK
com-dblp,1,22,Ours_ST,2.76544,40516,OK
com-dblp,1,22,REF_R1,52.175,66268,OK
com-dblp,1,23,Ours_ST,2.53277,36568,OK
com-dblp,1,23,REF_R1,52.7308,66132,OK
com-dblp,1,24,Ours_ST,2.81041,36268,OK
com-dblp,1,24,REF_R1,52.4121,65876,OK
com-dblp,1,25,Ours_ST,3.84556,36296,OK
com-dblp,1,25,REF_R1,51.8485,66040,OK
com-dblp,1,26,Ours_ST,3.73433,36076,OK
com-dblp,1,26,REF_R1,51.8441,65628,OK
com-dblp,1,27,Ours_ST,2.7418,36268,OK
com-dblp,1,27,REF_R1,51.682,65760,OK
com-dblp,1,28,Ours_ST,3.38482,35880,OK
com-dblp,1,28,REF_R1,51.9134,65780,OK
com-dblp,1,29,Ours_ST,3.5929,35912,OK
com-dblp,1,29,REF_R1,53.0348,65756,OK
com-dblp,1,30,Ours_ST,2.42415,36048,OK
com-dblp,1,30,REF_R1,49.7498,115040,OK
com-dblp,1,31,Ours_ST,2.36698,35964,OK
com-dblp,1,31,REF_R1,49.4127,115044,OK
com-dblp,1,32,Ours_ST,3.39353,35848,OK
com-dblp,1,32,REF_R1,70.6989,114940,OK
com-dblp,1,33,Ours_ST,2.32423,35888,OK
com-dblp,1,33,REF_R1,74.0455,65380,OK
com-dblp,1,34,Ours_ST,3.34759,35544,OK
com-dblp,1,34,REF_R1,75.6446,50816,OK
com-dblp,1,35,Ours_ST,2.46926,35852,OK
com-dblp,1,35,REF_R1,70.1468,114948,OK
com-dblp,1,36,Ours_ST,2.27521,35672,OK
com-dblp,1,36,REF_R1,49.6747,114600,OK
com-dblp,1,37,Ours_ST,2.27788,35776,OK
com-dblp,1,37,REF_R1,69.7142,114876,OK
com-dblp,1,38,Ours_ST,3.29119,35656,OK
com-dblp,1,38,REF_R1,69.8687,114760,OK
com-dblp,1,39,Ours_ST,3.26951,35648,OK
com-dblp,1,39,REF_R1,69.8253,114688,OK
com-dblp,1,40,Ours_ST,3.21964,35720,OK
com-dblp,1,40,REF_R1,68.8335,114792,OK
com-dblp,1,41,Ours_ST,3.22581,35684,OK
com-dblp,1,41,REF_R1,57.5399,114732,OK
com-dblp,1,42,Ours_ST,2.43972,35592,OK
com-dblp,1,42,REF_R1,69.6353,114516,OK
com-dblp,1,43,Ours_ST,2.19238,35664,OK
com-dblp,1,43,REF_R1,69.5638,114704,OK
com-dblp,1,44,Ours_ST,3.24339,35504,OK
com-dblp,1,44,REF_R1,69.9345,114592,OK
com-dblp,1,45,Ours_ST,2.18315,35756,OK
com-dblp,1,45,REF_R1,68.5382,114508,OK
com-dblp,1,46,Ours_ST,3.06011,35756,OK
com-dblp,1,46,REF_R1,49.4054,114596,OK
com-dblp,1,47,Ours_ST,3.15041,35672,OK
com-dblp,1,47,REF_R1,69.665,114592,OK
com-dblp,1,48,Ours_ST,3.11501,35572,OK
com-dblp,1,48,REF_R1,69.8052,114532,OK
com-dblp,1,49,Ours_ST,3.12349,35600,OK
com-dblp,1,49,REF_R1,68.5822,114720,OK
com-dblp,1,50,Ours_ST,2.99131,35656,OK
com-dblp,1,50,REF_R1,68.633,114608,OK
com-dblp,1,51,Ours_ST,2.91922,35596,OK
com-dblp,1,51,REF_R1,68.1645,114724,OK
com-dblp,1,52,Ours_ST,1.97546,35516,OK
com-dblp,1,52,REF_R1,68.6518,114448,OK
com-dblp,1,53,Ours_ST,2.1409,35524,OK
com-dblp,1,53,REF_R1,49.0851,114460,OK
com-dblp,1,54,Ours_ST,3.0033,35512,OK
com-dblp,1,54,REF_R1,68.6769,114540,OK
com-dblp,1,55,Ours_ST,3.09714,35332,OK
com-dblp,1,55,REF_R1,68.4093,114368,OK
com-dblp,1,56,Ours_ST,2.91968,35420,OK
com-dblp,1,56,REF_R1,68.4673,114632,OK
com-dblp,1,57,Ours_ST,3.05937,35636,OK
com-dblp,1,57,REF_R1,49.8359,114448,OK
com-dblp,1,58,Ours_ST,3.03489,35568,OK
com-dblp,1,58,REF_R1,68.7057,114384,OK
com-dblp,1,59,Ours_ST,2.07796,35392,OK
com-dblp,1,59,REF_R1,48.8404,114536,OK
com-dblp,1,60,Ours_ST,2.12586,35300,OK
com-dblp,1,60,REF_R1,49.0015,114468,OK
com-dblp,1,61,Ours_ST,3.04786,35564,OK
com-dblp,1,61,REF_R1,48.8676,114596,OK
com-dblp,1,62,Ours_ST,2.86163,35436,OK
com-dblp,1,62,REF_R1,49.0848,114580,OK
com-dblp,1,63,Ours_ST,3.0829,35528,OK
com-dblp,1,63,REF_R1,48.6629,114552,OK
com-dblp,1,64,Ours_ST,2.82773,35560,OK
com-dblp,1,64,REF_R1,49.219,114236,OK
com-dblp,1,65,Ours_ST,2.32508,35468,OK
com-dblp,1,65,REF_R1,68.195,114544,OK
com-dblp,1,66,Ours_ST,2.13431,35396,OK
com-dblp,1,66,REF_R1,48.988,114296,OK
com-dblp,1,67,Ours_ST,2.07777,35348,OK
com-dblp,1,67,REF_R1,68.9715,114436,OK
com-dblp,1,68,Ours_ST,3.09617,35456,OK
com-dblp,1,68,REF_R1,68.8847,114432,OK
com-dblp,1,69,Ours_ST,3.00724,35436,OK
com-dblp,1,69,REF_R1,68.6361,114316,OK
com-dblp,1,70,Ours_ST,3.09075,35448,OK
com-dblp,1,70,REF_R1,68.1491,114472,OK
com-dblp,1,71,Ours_ST,3.02398,35356,OK
com-dblp,1,71,REF_R1,69.9046,114568,OK
com-dblp,1,72,Ours_ST,2.85607,35452,OK
com-dblp,1,72,REF_R1,68.8991,114272,OK
com-dblp,1,73,Ours_ST,2.80783,35296,OK
com-dblp,1,73,REF_R1,68.3437,114368,OK
com-dblp,1,74,Ours_ST,3.01878,35476,OK
com-dblp,1,74,REF_R1,69.2223,114512,OK
com-dblp,1,75,Ours_ST,3.01264,35412,OK
com-dblp,1,75,REF_R1,69.176,114580,OK
com-dblp,1,76,Ours_ST,2.99014,35444,OK
com-dblp,1,76,REF_R1,69.0707,114508,OK
com-dblp,1,77,Ours_ST,3.04922,35228,OK
com-dblp,1,77,REF_R1,69.7881,114552,OK
com-dblp,1,78,Ours_ST,2.8687,35344,OK
com-dblp,1,78,REF_R1,68.4598,114472,OK
com-dblp,1,79,Ours_ST,2.99412,35416,OK
com-dblp,1,79,REF_R1,68.4913,114120,OK
com-dblp,1,80,Ours_ST,3.00787,35384,OK
com-dblp,1,80,REF_R1,68.4125,114440,OK
com-dblp,1,81,Ours_ST,2.09452,35360,OK
com-dblp,1,81,REF_R1,68.2962,114424,OK
com-dblp,1,82,Ours_ST,1.90853,35236,OK
com-dblp,1,82,REF_R1,68.531,114464,OK
com-dblp,1,83,Ours_ST,2.97473,35504,OK
com-dblp,1,83,REF_R1,68.2656,114508,OK
com-dblp,1,84,Ours_ST,2.12432,35384,OK
com-dblp,1,84,REF_R1,69.6363,114240,OK
com-dblp,1,85,Ours_ST,1.99811,35320,OK
com-dblp,1,85,REF_R1,48.8419,114524,OK
com-dblp,1,86,Ours_ST,2.06972,35424,OK
com-dblp,1,86,REF_R1,69.8545,114500,OK
com-dblp,1,87,Ours_ST,2.05759,35244,OK
com-dblp,1,87,REF_R1,68.7233,114448,OK
com-dblp,1,88,Ours_ST,2.03547,35332,OK
com-dblp,1,88,REF_R1,48.6236,114096,OK
com-dblp,1,89,Ours_ST,2.92819,35324,OK
com-dblp,1,89,REF_R1,68.9941,114252,OK
com-dblp,1,90,Ours_ST,2.75901,35356,OK
com-dblp,1,90,REF_R1,68.9066,114048,OK
com-dblp,1,91,Ours_ST,2.99534,35308,OK
com-dblp,1,91,REF_R1,68.3082,114468,OK
com-dblp,1,92,Ours_ST,1.87208,35336,OK
com-dblp,1,92,REF_R1,67.8905,114180,OK
com-dblp,1,93,Ours_ST,2.05591,35340,OK
com-dblp,1,93,REF_R1,68.8277,114160,OK
com-dblp,1,94,Ours_ST,3.0227,35356,OK
com-dblp,1,94,REF_R1,68.6991,114048,OK
com-dblp,1,95,Ours_ST,2.93718,35472,OK
com-dblp,1,95,REF_R1,68.2519,113892,OK
com-dblp,1,96,Ours_ST,2.97621,35228,OK
com-dblp,1,96,REF_R1,68.5241,114072,OK
com-dblp,1,97,Ours_ST,2.41011,35300,OK
com-dblp,1,97,REF_R1,48.9395,113888,OK
com-dblp,1,98,Ours_ST,2.82234,35372,OK
com-dblp,1,98,REF_R1,49.18,114068,OK
com-dblp,1,99,Ours_ST,2.92613,35300,OK
com-dblp,1,99,REF_R1,69.1429,113976,OK
com-dblp,1,100,Ours_ST,1.9426,35316,OK
com-dblp,1,100,REF_R1,68.8586,114004,OK
com-dblp,1,101,Ours_ST,2.92223,35252,OK
com-dblp,1,101,REF_R1,72.0794,64772,OK
com-dblp,1,102,Ours_ST,2.70492,35380,OK
com-dblp,1,102,REF_R1,72.4084,64640,OK
com-dblp,1,103,Ours_ST,2.9106,35184,OK
com-dblp,1,103,REF_R1,72.8442,64964,OK
com-dblp,1,104,Ours_ST,2.81923,35124,OK
com-dblp,1,104,REF_R1,72.4564,64792,OK
com-dblp,1,105,Ours_ST,2.93002,35276,OK
com-dblp,1,105,REF_R1,72.8412,64844,OK
com-dblp,1,106,Ours_ST,2.91827,35196,OK
com-dblp,1,106,REF_R1,72.1773,64784,OK
com-dblp,1,107,Ours_ST,2.86767,35268,OK
com-dblp,1,107,REF_R1,62.7629,64868,OK
com-dblp,1,108,Ours_ST,2.9398,35340,OK
com-dblp,1,108,REF_R1,72.383,64744,OK
com-dblp,1,109,Ours_ST,2.98507,35184,OK
com-dblp,1,109,REF_R1,51.4297,64784,OK
com-dblp,1,110,Ours_ST,2.94703,35132,OK
com-dblp,1,110,REF_R1,73.3437,64664,OK
com-amazon.ungraph,1,2,Ours_ST,219.5,154384,OK
com-amazon.ungraph,1,2,REF_R1,356.9,232784,OK
com-amazon.ungraph,1,3,Ours_ST,182.9,116228,OK
com-amazon.ungraph,1,3,REF_R1,329.1,190736,OK
com-amazon.ungraph,1,4,Ours_ST,83.1,75392,OK
com-amazon.ungraph,1,4,REF_R1,185.0,104968,OK
com-amazon.ungraph,1,5,Ours_ST,26.7,47496,OK
com-amazon.ungraph,1,5,REF_R1,98.4,79880,OK
com-amazon.ungraph,1,6,Ours_ST,6.3,36792,OK
com-amazon.ungraph,1,6,REF_R1,67.9,68292,OK
com-amazon.ungraph,1,7,Ours_ST,2.6,33600,OK
com-amazon.ungraph,1,7,REF_R1,60.1,65516,OK
com-amazon.ungraph,1,8,Ours_ST,2.4,33488,OK
com-amazon.ungraph,1,8,REF_R1,59.1,65328,OK
com-amazon.ungraph,1,9,Ours_ST,2.6,33524,OK
com-amazon.ungraph,1,9,REF_R1,59.2,65220,OK
com-amazon.ungraph,1,10,Ours_ST,2.5,33616,OK
com-amazon.ungraph,1,10,REF_R1,58.8,65324,OK
com-amazon.ungraph,1,11,Ours_ST,2.3,33624,OK
com-amazon.ungraph,1,11,REF_R1,59.6,65272,OK
com-amazon.ungraph,1,12,Ours_ST,2.5,33676,OK
com-amazon.ungraph,1,12,REF_R1,59.5,65260,OK
com-amazon.ungraph,1,13,Ours_ST,2.5,33568,OK
com-amazon.ungraph,1,13,REF_R1,49.3,65144,OK
com-amazon.ungraph,1,14,Ours_ST,2.5,33584,OK
com-amazon.ungraph,1,14,REF_R1,49.3,65152,OK
com-amazon.ungraph,1,15,Ours_ST,2.5,33392,OK
com-amazon.ungraph,1,15,REF_R1,49.0,65420,OK
com-amazon.ungraph,1,16,Ours_ST,2.6,33692,OK
com-amazon.ungraph,1,16,REF_R1,49.2,65376,OK
com-amazon.ungraph,1,17,Ours_ST,2.3,33640,OK
com-amazon.ungraph,1,17,REF_R1,49.0,65288,OK
com-amazon.ungraph,1,18,Ours_ST,2.1,33640,OK
com-amazon.ungraph,1,18,REF_R1,58.5,65304,OK
com-amazon.ungraph,1,19,Ours_ST,2.4,33648,OK
com-amazon.ungraph,1,19,REF_R1,58.6,65168,OK
com-amazon.ungraph,1,20,Ours_ST,2.3,33580,OK
com-amazon.ungraph,1,20,REF_R1,49.3,65340,OK
com-amazon.ungraph,1,21,Ours_ST,2.5,33572,OK
com-amazon.ungraph,1,21,REF_R1,49.1,65032,OK
com-amazon.ungraph,1,22,Ours_ST,2.5,33544,OK
com-amazon.ungraph,1,22,REF_R1,49.2,65412,OK
com-amazon.ungraph,1,23,Ours_ST,2.1,33656,OK
com-amazon.ungraph,1,23,REF_R1,58.6,65384,OK
com-amazon.ungraph,1,24,Ours_ST,2.0,33592,OK
com-amazon.ungraph,1,24,REF_R1,58.4,65208,OK
com-amazon.ungraph,1,25,Ours_ST,2.2,33520,OK
com-amazon.ungraph,1,25,REF_R1,58.3,65336,OK
com-amazon.ungraph,1,26,Ours_ST,2.1,33576,OK
com-amazon.ungraph,1,26,REF_R1,49.3,65408,OK
com-amazon.ungraph,1,27,Ours_ST,2.6,33564,OK
com-amazon.ungraph,1,27,REF_R1,49.9,65284,OK
com-amazon.ungraph,1,28,Ours_ST,2.5,33592,OK
com-amazon.ungraph,1,28,REF_R1,49.0,65360,OK
com-amazon.ungraph,1,29,Ours_ST,2.2,33672,OK
com-amazon.ungraph,1,29,REF_R1,49.3,65344,OK
com-amazon.ungraph,1,30,Ours_ST,2.3,33752,OK
com-amazon.ungraph,1,30,REF_R1,49.2,65152,OK
twitter_combined,1,2,Ours_ST,156.8,196400,OK
twitter_combined,1,2,REF_R1,326.5,250548,OK
twitter_combined,1,3,Ours_ST,732.7,823396,OK
twitter_combined,1,3,REF_R1,1533.4,1018880,OK
twitter_combined,1,4,Ours_ST,2050.3,2392048,OK
twitter_combined,1,4,REF_R1,5076.3,3044788,OK
twitter_combined,1,5,Ours_ST,4349.9,5371052,OK
twitter_combined,1,5,REF_R1,12665.8,6848764,OK
twitter_combined,1,6,Ours_ST,7394.4,9212412,OK
twitter_combined,1,6,REF_R1,23895.6,12035636,OK
twitter_combined,1,7,Ours_ST,10497.5,11897244,OK
twitter_combined,1,7,REF_R1,36649.8,17828808,OK
twitter_combined,1,8,Ours_ST,13226.3,12921716,OK
twitter_combined,1,8,REF_R1,47374.1,22701112,OK
twitter_combined,1,9,Ours_ST,14940.8,13472736,OK
twitter_combined,1,9,REF_R1,54450.1,26130636,OK
twitter_combined,1,10,Ours_ST,15947.4,13626640,OK
twitter_combined,1,10,REF_R1,58444.1,28183576,OK
twitter_combined,1,11,Ours_ST,16262.2,13523564,OK
twitter_combined,1,11,REF_R1,60057.7,28723100,OK
twitter_combined,1,12,Ours_ST,16081.6,13302816,OK
twitter_combined,1,12,REF_R1,60199.1,28491976,OK
twitter_combined,1,13,Ours_ST,15893.2,13081756,OK
twitter_combined,1,13,REF_R1,59291.5,28216184,OK
twitter_combined,1,14,Ours_ST,15497.2,12724632,OK
twitter_combined,1,14,REF_R1,58002.1,27759732,OK
twitter_combined,1,15,Ours_ST,15130.8,12370612,OK
twitter_combined,1,15,REF_R1,56527.4,27257244,OK
twitter_combined,1,16,Ours_ST,14549.2,11987324,OK
twitter_combined,1,16,REF_R1,54819.1,26615056,OK
twitter_combined,1,17,Ours_ST,14012.1,11463500,OK
twitter_combined,1,17,REF_R1,52954.0,25740728,OK
twitter_combined,1,18,Ours_ST,13435.8,10885520,OK
twitter_combined,1,18,REF_R1,50635.7,24991668,OK
twitter_combined,1,19,Ours_ST,12980.7,10360704,OK
twitter_combined,1,19,REF_R1,48339.2,24101084,OK
twitter_combined,1,20,Ours_ST,12289.8,9711356,OK
twitter_combined,1,20,REF_R1,45981.9,23097656,OK
twitter_combined,1,21,Ours_ST,11580.3,9109372,OK
twitter_combined,1,21,REF_R1,43663.9,22319544,OK
twitter_combined,1,22,Ours_ST,11011.9,8560636,OK
twitter_combined,1,22,REF_R1,41762.5,21500752,OK
twitter_combined,1,23,Ours_ST,10667.9,8082708,OK
twitter_combined,1,23,REF_R1,39927.7,20854120,OK
twitter_combined,1,24,Ours_ST,10288.1,7702300,OK
twitter_combined,1,24,REF_R1,38207.0,20257620,OK
twitter_combined,1,25,Ours_ST,9715.9,7385052,OK
twitter_combined,1,25,REF_R1,36831.8,19405756,OK
twitter_combined,1,26,Ours_ST,9563.9,7113724,OK
twitter_combined,1,26,REF_R1,35397.3,18412880,OK
twitter_combined,1,27,Ours_ST,8885.9,6729820,OK
twitter_combined,1,27,REF_R1,34109.8,17785052,OK
twitter_combined,1,28,Ours_ST,8447.2,6408032,OK
twitter_combined,1,28,REF_R1,31567.0,16977600,OK
twitter_combined,1,29,Ours_ST,7956.7,6119728,OK
twitter_combined,1,29,REF_R1,30984.2,16238812,OK
twitter_combined,1,30,Ours_ST,7503.0,5811540,OK
twitter_combined,1,30,REF_R1,27650.7,15413452,OK
web-Google,1,2,Ours_ST,728.2,436568,OK
web-Google,1,2,REF_R1,1105.2,725392,OK
web-Google,1,3,Ours_ST,812.3,450480,OK
web-Google,1,3,REF_R1,1315.0,680444,OK
web-Google,1,4,Ours_ST,622.1,395140,OK
web-Google,1,4,REF_R1,1043.0,597216,OK
web-Google,1,5,Ours_ST,490.6,331216,OK
web-Google,1,5,REF_R1,866.1,557280,OK
web-Google,1,6,Ours_ST,399.0,303904,OK
web-Google,1,6,REF_R1,737.0,513544,OK
web-Google,1,7,Ours_ST,327.8,275224,OK
web-Google,1,7,REF_R1,643.1,344528,OK
web-Google,1,8,Ours_ST,266.0,256156,OK
web-Google,1,8,REF_R1,548.4,318908,OK
web-Google,1,9,Ours_ST,217.5,233616,OK
web-Google,1,9,REF_R1,472.8,294052,OK
web-Google,1,10,Ours_ST,171.7,222816,OK
web-Google,1,10,REF_R1,402.9,270784,OK
web-Google,1,11,Ours_ST,135.6,152620,OK
web-Google,1,11,REF_R1,341.9,250036,OK
web-Google,1,12,Ours_ST,98.1,176868,OK
web-Google,1,12,REF_R1,288.8,231908,OK
web-Google,1,13,Ours_ST,73.6,162328,OK
web-Google,1,13,REF_R1,249.9,216740,OK
web-Google,1,14,Ours_ST,56.1,150424,OK
web-Google,1,14,REF_R1,218.7,203896,OK
web-Google,1,15,Ours_ST,41.9,136876,OK
web-Google,1,15,REF_R1,197.0,193120,OK
web-Google,1,16,Ours_ST,30.5,116064,OK
web-Google,1,16,REF_R1,177.9,184136,OK
web-Google,1,17,Ours_ST,21.0,119016,OK
web-Google,1,17,REF_R1,162.5,177308,OK
web-Google,1,18,Ours_ST,16.8,104140,OK
web-Google,1,18,REF_R1,155.0,172220,OK
web-Google,1,19,Ours_ST,13.2,100340,OK
web-Google,1,19,REF_R1,148.2,168448,OK
web-Google,1,20,Ours_ST,10.2,97808,OK
web-Google,1,20,REF_R1,149.1,166008,OK
web-Google,1,21,Ours_ST,8.4,96228,OK
web-Google,1,21,REF_R1,144.9,164316,OK
web-Google,1,22,Ours_ST,7.3,95356,OK
web-Google,1,22,REF_R1,142.7,163048,OK
web-Google,1,23,Ours_ST,7.0,94544,OK
web-Google,1,23,REF_R1,141.3,162284,OK
web-Google,1,24,Ours_ST,6.7,94444,OK
web-Google,1,24,REF_R1,141.4,162284,OK
web-Google,1,25,Ours_ST,6.8,94464,OK
web-Google,1,25,REF_R1,134.6,298440,OK
web-Google,1,26,Ours_ST,6.4,94244,OK
web-Google,1,26,REF_R1,134.4,298284,OK
web-Google,1,27,Ours_ST,6.7,94036,OK
web-Google,1,27,REF_R1,134.4,298432,OK
web-Google,1,28,Ours_ST,6.6,94104,OK
web-Google,1,28,REF_R1,134.9,297956,OK
web-Google,1,29,Ours_ST,6.6,93984,OK
web-Google,1,29,REF_R1,135.5,298268,OK
web-Google,1,30,Ours_ST,6.4,93892,OK
web-Google,1,30,REF_R1,129.2,298100,OK
web-Google,1,31,Ours_ST,6.3,93992,OK
web-Google,1,31,REF_R1,128.9,298044,OK
web-Google,1,32,Ours_ST,6.5,94044,OK
web-Google,1,32,REF_R1,134.4,298148,OK
web-Google,1,33,Ours_ST,6.4,93848,OK
web-Google,1,33,REF_R1,134.6,297976,OK
web-Google,1,34,Ours_ST,6.7,93832,OK
web-Google,1,34,REF_R1,134.5,298200,OK
web-Google,1,35,Ours_ST,6.7,93796,OK
web-Google,1,35,REF_R1,134.0,298140,OK
web-Google,1,36,Ours_ST,6.4,93944,OK
web-Google,1,36,REF_R1,133.8,298048,OK
web-Google,1,37,Ours_ST,6.7,93736,OK
web-Google,1,37,REF_R1,133.9,297768,OK
web-Google,1,38,Ours_ST,6.5,93868,OK
web-Google,1,38,REF_R1,140.4,161396,OK
web-Google,1,39,Ours_ST,6.1,93712,OK
web-Google,1,39,REF_R1,140.7,161384,OK
web-Google,1,40,Ours_ST,6.4,93764,OK
web-Google,1,40,REF_R1,140.6,161332,OK
wiki-Talk,1,2,Ours_ST,918.3,917068,OK
wiki-Talk,1,2,REF_R1,1583.4,1509932,OK
wiki-Talk,1,3,Ours_ST,813.4,1154972,OK
wiki-Talk,1,3,REF_R1,2610.1,1908568,OK
wiki-Talk,1,4,Ours_ST,2744.8,4355580,OK
wiki-Talk,1,4,REF_R1,11879.5,6343356,OK
wiki-Talk,1,5,Ours_ST,8645.5,10854220,OK
wiki-Talk,1,5,REF_R1,40939.7,18014524,OK
wiki-Talk,1,6,Ours_ST,19001.0,16748344,OK
wiki-Talk,1,6,REF_R1,90106.2,34805112,OK
wiki-Talk,1,7,Ours_ST,28406.7,20214888,OK
wiki-Talk,1,7,REF_R1,137393.0,48437516,OK
wiki-Talk,1,8,Ours_ST,33357.4,21177916,OK
wiki-Talk,1,8,REF_R1,158275.0,55267444,OK
wiki-Talk,1,9,Ours_ST,34471.3,21103792,OK
wiki-Talk,1,9,REF_R1,162337.0,56420984,OK
wiki-Talk,1,10,Ours_ST,33881.5,20656648,OK
wiki-Talk,1,10,REF_R1,158936.0,55492868,OK
wiki-Talk,1,11,Ours_ST,32639.4,19770196,OK
wiki-Talk,1,11,REF_R1,152407.0,52806004,OK
wiki-Talk,1,12,Ours_ST,30401.5,18547536,OK
wiki-Talk,1,12,REF_R1,140795.0,49608520,OK
wiki-Talk,1,13,Ours_ST,27089.4,16628092,OK
wiki-Talk,1,13,REF_R1,132386.0,45110080,OK
wiki-Talk,1,14,Ours_ST,22856.8,14203600,OK
wiki-Talk,1,14,REF_R1,110646.0,37609292,OK
wiki-Talk,1,15,Ours_ST,17720.2,11125140,OK
wiki-Talk,1,15,REF_R1,84267.3,29632968,OK
wiki-Talk,1,16,Ours_ST,12318.2,8405764,OK
wiki-Talk,1,16,REF_R1,58449.5,21142240,OK
wiki-Talk,1,17,Ours_ST,7671.6,5743000,OK
wiki-Talk,1,17,REF_R1,36305.9,13482160,OK
wiki-Talk,1,18,Ours_ST,4304.3,3819844,OK
wiki-Talk,1,18,REF_R1,19624.7,8114668,OK
wiki-Talk,1,19,Ours_ST,2157.1,2344212,OK
wiki-Talk,1,19,REF_R1,9421.5,4302956,OK
wiki-Talk,1,20,Ours_ST,936.0,1182828,OK
wiki-Talk,1,20,REF_R1,3944.7,2192196,OK
wiki-Talk,1,21,Ours_ST,348.9,539540,OK
wiki-Talk,1,21,REF_R1,1607.7,807096,OK
wiki-Talk,1,22,Ours_ST,106.1,283924,OK
wiki-Talk,1,22,REF_R1,732.8,501948,OK
wiki-Talk,1,23,Ours_ST,40.4,183868,OK
wiki-Talk,1,23,REF_R1,481.6,397720,OK
wiki-Talk,1,24,Ours_ST,24.6,158956,OK
wiki-Talk,1,24,REF_R1,437.2,371840,OK
wiki-Talk,1,25,Ours_ST,20.9,153888,OK
wiki-Talk,1,25,REF_R1,427.4,365876,OK
soc-pokec-relationships,1,2,Ours_ST,5702.1,2764012,OK
soc-pokec-relationships,1,2,REF_R1,11051.9,4272300,OK
soc-pokec-relationships,1,3,Ours_ST,8023.6,2951912,OK
soc-pokec-relationships,1,3,REF_R1,15171.2,4263180,OK
soc-pokec-relationships,1,4,Ours_ST,6294.7,2546092,OK
soc-pokec-relationships,1,4,REF_R1,11874.0,3525676,OK
soc-pokec-relationships,1,5,Ours_ST,4309.5,1929064,OK
soc-pokec-relationships,1,5,REF_R1,8094.9,2653060,OK
soc-pokec-relationships,1,6,Ours_ST,2714.0,1435512,OK
soc-pokec-relationships,1,6,REF_R1,5219.8,1976268,OK
soc-pokec-relationships,1,7,Ours_ST,1647.2,1033368,OK
soc-pokec-relationships,1,7,REF_R1,3436.2,1475956,OK
soc-pokec-relationships,1,8,Ours_ST,930.2,795412,OK
soc-pokec-relationships,1,8,REF_R1,2174.3,1140068,OK
soc-pokec-relationships,1,9,Ours_ST,551.1,632108,OK
soc-pokec-relationships,1,9,REF_R1,1542.7,949072,OK
soc-pokec-relationships,1,10,Ours_ST,309.7,514744,OK
soc-pokec-relationships,1,10,REF_R1,1067.4,616264,OK
soc-pokec-relationships,1,11,Ours_ST,196.7,441328,OK
soc-pokec-relationships,1,11,REF_R1,802.8,537288,OK
soc-pokec-relationships,1,12,Ours_ST,117.6,396976,OK
soc-pokec-relationships,1,12,REF_R1,597.0,487048,OK
soc-pokec-relationships,1,13,Ours_ST,83.4,374660,OK
soc-pokec-relationships,1,13,REF_R1,497.1,458676,OK
soc-pokec-relationships,1,14,Ours_ST,54.7,354308,OK
soc-pokec-relationships,1,14,REF_R1,398.4,443904,OK
soc-pokec-relationships,1,15,Ours_ST,37.7,344380,OK
soc-pokec-relationships,1,15,REF_R1,357.7,433784,OK
soc-pokec-relationships,1,16,Ours_ST,26.2,339836,OK
soc-pokec-relationships,1,16,REF_R1,318.0,429188,OK
soc-pokec-relationships,1,17,Ours_ST,20.7,337152,OK
soc-pokec-relationships,1,17,REF_R1,297.2,426596,OK
soc-pokec-relationships,1,18,Ours_ST,17.5,335924,OK
soc-pokec-relationships,1,18,REF_R1,286.8,425072,OK
soc-pokec-relationships,1,19,Ours_ST,15.7,334196,OK
soc-pokec-relationships,1,19,REF_R1,279.3,423528,OK
soc-pokec-relationships,1,20,Ours_ST,14.4,333340,OK
soc-pokec-relationships,1,20,REF_R1,273.8,422572,OK
soc-pokec-relationships,1,21,Ours_ST,13.8,332676,OK
soc-pokec-relationships,1,21,REF_R1,268.3,422008,OK
soc-pokec-relationships,1,22,Ours_ST,13.6,332804,OK
soc-pokec-relationships,1,22,REF_R1,277.7,422088,OK
soc-pokec-relationships,1,23,Ours_ST,13.5,332672,OK
soc-pokec-relationships,1,23,REF_R1,269.1,419468,OK
soc-pokec-relationships,1,24,Ours_ST,13.1,332688,OK
soc-pokec-relationships,1,24,REF_R1,265.0,417276,OK
soc-pokec-relationships,1,25,Ours_ST,13.4,332756,OK
soc-pokec-relationships,1,25,REF_R1,262.0,417192,OK
com-orkut,1,2,Ours_ST,33645.1,14834232,OK
com-orkut,1,2,REF_R1,60171.6,21690972,OK
com-orkut,1,3,Ours_ST,102998.0,52509052,OK
com-orkut,1,3,REF_R1,219449.0,73626248,OK
com-orkut,1,4,Ours_ST,200694.0,143111800,OK
com-orkut,1,4,REF_R1,776153.0,198865928,OK
com-orkut,1,5,Ours_ST,,,FAIL(-9)
