graph,s,algo,phase,n_runs,time_ms,rss_kb,delta_rss_kb,component_bytes
com-youtube,3,ours,loadAndSort,3,2081.340,112164,110028,0
com-youtube,3,ours,buildSDCT,3,3863.020,366464,254292,39375120
com-youtube,3,ours,preMutation,3,0.687,366464,0,0
com-youtube,3,ours,prepareGraph,3,85.369,378500,12036,0
com-youtube,3,ours,dispatch_total,3,440.133,390632,12132,0
com-youtube,3,ref,loadAndSort,3,1812.240,112160,109920,0
com-youtube,3,ref,buildSDCT,3,3864.910,428284,316124,39375120
com-youtube,3,ref,preMutation,3,0.682,428284,0,0
com-youtube,3,ref,prepareGraph,3,71.350,408980,-19304,0
com-youtube,3,ref,REF_initSupports,3,54.258,408980,0,9079128
com-youtube,3,ref,REF_heapBuild,3,63.108,514640,105660,90839600
com-youtube,3,ref,REF_peel_loop,3,789.716,746696,232056,0
com-youtube,3,ref,dispatch_total,3,165.900,695584,-51112,0
com-youtube,5,ours,loadAndSort,3,2028.130,112096,109896,0
com-youtube,5,ours,buildSDCT,3,3729.830,322772,210676,25855560
com-youtube,5,ours,preMutation,3,0.727,322772,0,0
com-youtube,5,ours,prepareGraph,3,71.843,303232,-19540,0
com-youtube,5,ours,dispatch_total,3,273.493,316436,13204,0
com-youtube,5,ref,loadAndSort,3,1732.050,112124,110000,0
com-youtube,5,ref,buildSDCT,3,3684.090,384744,272564,25855560
com-youtube,5,ref,preMutation,3,0.687,384744,0,0
com-youtube,5,ref,prepareGraph,3,70.149,365256,-19424,0
com-youtube,5,ref,REF_initSupports,3,54.140,365256,0,9079128
com-youtube,5,ref,REF_heapBuild,3,56.763,457188,91872,70560260
com-youtube,5,ref,REF_peel_loop,3,581.608,657564,200376,0
com-youtube,5,ref,dispatch_total,3,112.872,624120,-33448,0
com-youtube,8,ours,loadAndSort,3,1966.920,112016,109840,0
com-youtube,8,ours,buildSDCT,3,2991.160,188504,76484,7078296
com-youtube,8,ours,preMutation,3,0.563,188504,0,0
com-youtube,8,ours,prepareGraph,3,70.206,168964,-19540,0
com-youtube,8,ours,dispatch_total,3,86.280,191992,23028,0
com-youtube,8,ref,loadAndSort,3,1638.340,112076,109848,0
com-youtube,8,ref,buildSDCT,3,2986.620,250528,138452,7078296
com-youtube,8,ref,preMutation,3,0.476,250528,0,0
com-youtube,8,ref,prepareGraph,3,69.318,231088,-19440,0
com-youtube,8,ref,REF_initSupports,3,19.031,231088,0,9079128
com-youtube,8,ref,REF_heapBuild,3,47.332,293920,62832,42394364
com-youtube,8,ref,REF_peel_loop,3,270.240,471064,177144,0
com-youtube,8,ref,dispatch_total,3,40.657,294128,-176936,0
com-youtube,12,ours,loadAndSort,3,1689.300,111964,109804,0
com-youtube,12,ours,buildSDCT,3,2700.940,121520,9556,363216
com-youtube,12,ours,preMutation,3,0.241,121520,0,0
com-youtube,12,ours,prepareGraph,3,69.107,101980,-19540,0
com-youtube,12,ours,dispatch_total,3,13.037,110752,8772,0
com-youtube,12,ref,loadAndSort,3,1639.630,111928,109772,0
com-youtube,12,ref,buildSDCT,3,2605.430,183384,71456,363216
com-youtube,12,ref,preMutation,3,0.192,183384,0,0
com-youtube,12,ref,prepareGraph,3,69.260,164080,-19308,0
com-youtube,12,ref,REF_initSupports,3,2.067,164080,0,9079128
com-youtube,12,ref,REF_heapBuild,3,41.382,217144,53064,32321744
com-youtube,12,ref,REF_peel_loop,3,148.450,394552,177408,0
com-youtube,12,ref,dispatch_total,3,9.080,217532,-177020,0
com-youtube,16,ours,loadAndSort,3,1639.700,112176,110064,0
com-youtube,16,ours,buildSDCT,3,2458.400,116832,4656,1152
com-youtube,16,ours,preMutation,3,0.081,116832,0,0
com-youtube,16,ours,prepareGraph,3,68.833,97292,-19540,0
com-youtube,16,ours,dispatch_total,3,8.227,106064,8772,0
com-youtube,16,ref,loadAndSort,3,1964.390,112196,110044,0
com-youtube,16,ref,buildSDCT,3,2447.830,178780,66584,1152
com-youtube,16,ref,preMutation,3,0.072,178780,0,0
com-youtube,16,ref,prepareGraph,3,69.410,159376,-19404,0
com-youtube,16,ref,REF_initSupports,3,0.636,159376,0,9079128
com-youtube,16,ref,REF_heapBuild,3,39.657,211680,52272,31778648
com-youtube,16,ref,REF_peel_loop,3,131.780,389088,177408,0
com-youtube,16,ref,dispatch_total,3,16.461,211896,-177192,0
web-Stanford,3,ours,loadAndSort,3,1251.140,51664,49552,0
web-Stanford,3,ours,buildSDCT,3,6602.360,332012,280352,30154944
web-Stanford,3,ours,preMutation,3,0.666,332012,0,0
web-Stanford,3,ours,prepareGraph,3,42.072,337224,5212,0
web-Stanford,3,ours,dispatch_total,3,381.577,346572,9348,0
web-Stanford,3,ref,loadAndSort,3,1249.530,51520,49372,0
web-Stanford,3,ref,buildSDCT,3,6476.420,347268,295756,30154944
web-Stanford,3,ref,preMutation,3,0.388,347268,0,0
web-Stanford,3,ref,prepareGraph,3,36.524,350380,3132,0
web-Stanford,3,ref,REF_initSupports,3,45.326,350396,0,2255232
web-Stanford,3,ref,REF_heapBuild,3,26.335,396280,45936,53125700
web-Stanford,3,ref,REF_peel_loop,3,521.545,520440,124080,0
web-Stanford,3,ref,dispatch_total,3,119.098,481368,-39028,0
web-Stanford,5,ours,loadAndSort,3,1230.950,51632,49424,0
web-Stanford,5,ours,buildSDCT,3,6491.230,336076,284448,23684976
web-Stanford,5,ours,preMutation,3,0.656,336076,0,0
web-Stanford,5,ours,prepareGraph,3,41.996,341328,5252,0
web-Stanford,5,ours,dispatch_total,3,323.659,341408,80,0
web-Stanford,5,ref,loadAndSort,3,1556.820,51632,49404,0
web-Stanford,5,ref,buildSDCT,3,6407.750,351332,299700,23684976
web-Stanford,5,ref,preMutation,3,0.479,351332,0,0
web-Stanford,5,ref,prepareGraph,3,36.118,354612,3280,0
web-Stanford,5,ref,REF_initSupports,3,44.093,354612,0,2255232
web-Stanford,5,ref,REF_heapBuild,3,22.617,390516,35904,43420748
web-Stanford,5,ref,REF_peel_loop,3,519.268,505884,115368,0
web-Stanford,5,ref,dispatch_total,3,102.920,475080,-30804,0
web-Stanford,10,ours,loadAndSort,3,975.390,51696,49584,0
web-Stanford,10,ours,buildSDCT,3,5839.900,178876,127180,6286416
web-Stanford,10,ours,preMutation,3,0.489,178876,0,0
web-Stanford,10,ours,prepareGraph,3,36.588,180236,1360,0
web-Stanford,10,ours,dispatch_total,3,130.348,180316,80,0
web-Stanford,10,ref,loadAndSort,3,1225.470,51712,49476,0
web-Stanford,10,ref,buildSDCT,3,5928.060,194128,142412,6286416
web-Stanford,10,ref,preMutation,3,0.406,194128,0,0
web-Stanford,10,ref,prepareGraph,3,35.651,197360,3244,0
web-Stanford,10,ref,REF_initSupports,3,19.587,197360,0,2255232
web-Stanford,10,ref,REF_heapBuild,3,13.046,207392,10032,17322908
web-Stanford,10,ref,REF_peel_loop,3,210.069,267320,59928,0
web-Stanford,10,ref,dispatch_total,3,30.820,267320,0,0
web-Stanford,20,ours,loadAndSort,3,998.760,51640,49532,0
web-Stanford,20,ours,buildSDCT,3,5481.900,91160,39460,1086000
web-Stanford,20,ours,preMutation,3,0.553,91160,0,0
web-Stanford,20,ours,prepareGraph,3,35.313,93576,2416,0
web-Stanford,20,ours,dispatch_total,3,28.900,99708,6132,0
web-Stanford,20,ref,loadAndSort,3,1228.000,51648,49476,0
web-Stanford,20,ref,buildSDCT,3,5577.050,106412,54764,1086000
web-Stanford,20,ref,preMutation,3,0.262,106412,0,0
web-Stanford,20,ref,prepareGraph,3,35.305,109640,3164,0
web-Stanford,20,ref,REF_initSupports,3,5.992,109640,0,2255232
web-Stanford,20,ref,REF_heapBuild,3,8.123,111752,2112,9522284
web-Stanford,20,ref,REF_peel_loop,3,77.795,154784,43032,0
web-Stanford,20,ref,dispatch_total,3,6.305,112060,-42724,0
web-Stanford,40,ours,loadAndSort,3,1224.440,51564,49408,0
web-Stanford,40,ours,buildSDCT,3,5087.290,68336,16712,371232
web-Stanford,40,ours,preMutation,3,0.145,68336,0,0
web-Stanford,40,ours,prepareGraph,3,35.201,71316,2980,0
web-Stanford,40,ours,dispatch_total,3,9.627,71316,0,0
web-Stanford,40,ref,loadAndSort,3,1034.450,51712,49580,0
web-Stanford,40,ref,buildSDCT,3,4997.770,83892,32180,371232
web-Stanford,40,ref,preMutation,3,0.075,83892,0,0
web-Stanford,40,ref,prepareGraph,3,35.859,86756,2864,0
web-Stanford,40,ref,REF_initSupports,3,2.743,86756,0,2255232
web-Stanford,40,ref,REF_heapBuild,3,6.915,88868,2112,8450132
web-Stanford,40,ref,REF_peel_loop,3,49.580,131636,42768,0
web-Stanford,40,ref,dispatch_total,3,2.851,89064,-42572,0
web-Stanford,60,ours,loadAndSort,3,1223.730,51668,49500,0
web-Stanford,60,ours,buildSDCT,3,4900.080,51812,208,576
web-Stanford,60,ours,preMutation,3,0.057,51812,0,0
web-Stanford,60,ours,prepareGraph,3,34.955,54208,2396,0
web-Stanford,60,ours,dispatch_total,3,1.360,54208,0,0
web-Stanford,60,ref,loadAndSort,3,1223.940,51736,49564,0
web-Stanford,60,ref,buildSDCT,3,4900.090,67104,15368,576
web-Stanford,60,ref,preMutation,3,0.057,67104,0,0
web-Stanford,60,ref,prepareGraph,3,35.726,69492,2452,0
web-Stanford,60,ref,REF_initSupports,3,0.194,69492,0,2255232
web-Stanford,60,ref,REF_heapBuild,3,6.322,70284,792,7894148
web-Stanford,60,ref,REF_peel_loop,3,31.253,113316,43032,0
web-Stanford,60,ref,dispatch_total,3,4.206,70716,-42660,0
web-it-2004,3,ours,loadAndSort,3,3389.000,142088,139940,0
web-it-2004,3,ours,buildSDCT,3,124074.000,425232,283080,13119216
web-it-2004,3,ours,preMutation,3,0.489,425232,0,0
web-it-2004,3,ours,prepareGraph,3,92.358,415500,-9732,0
web-it-2004,3,ours,dispatch_total,3,351.011,435084,19584,0
web-it-2004,3,ref,loadAndSort,3,3378.190,142216,140044,0
web-it-2004,3,ref,buildSDCT,3,125259.000,453100,310872,13119216
web-it-2004,3,ref,preMutation,3,0.535,453100,0,0
web-it-2004,3,ref,prepareGraph,3,87.212,443532,-9568,0
web-it-2004,3,ref,REF_initSupports,3,46.313,447488,3956,4074712
web-it-2004,3,ref,REF_heapBuild,3,42.002,474416,26928,33940288
web-it-2004,3,ref,REF_peel_loop,3,465.876,569720,95304,0
web-it-2004,3,ref,dispatch_total,3,89.261,569720,0,0
web-it-2004,10,ours,loadAndSort,3,3397.980,142316,140140,0
web-it-2004,10,ours,buildSDCT,3,124472.000,366576,224268,6600312
web-it-2004,10,ours,preMutation,3,0.907,366576,0,0
web-it-2004,10,ours,prepareGraph,3,86.854,356832,-9744,0
web-it-2004,10,ours,dispatch_total,3,274.297,364212,7380,0
web-it-2004,10,ref,loadAndSort,3,3419.430,142172,140064,0
web-it-2004,10,ref,buildSDCT,3,127613.000,394144,251972,6600312
web-it-2004,10,ref,preMutation,3,0.665,394144,0,0
web-it-2004,10,ref,prepareGraph,3,86.862,384764,-9380,0
web-it-2004,10,ref,REF_initSupports,3,29.668,384764,0,4074712
web-it-2004,10,ref,REF_heapBuild,3,35.768,407200,22436,24161932
web-it-2004,10,ref,REF_peel_loop,3,390.196,487192,79992,0
web-it-2004,10,ref,dispatch_total,3,50.403,487192,0,0
web-it-2004,30,ours,loadAndSort,3,3371.520,142168,139996,0
web-it-2004,30,ours,buildSDCT,3,122558.000,218448,76280,564672
web-it-2004,30,ours,preMutation,3,0.727,218448,0,0
web-it-2004,30,ours,prepareGraph,3,78.841,204872,-13576,0
web-it-2004,30,ours,dispatch_total,3,63.935,236080,31208,0
web-it-2004,30,ref,loadAndSort,3,3037.480,142192,140052,0
web-it-2004,30,ref,buildSDCT,3,122658.000,246324,104132,564672
web-it-2004,30,ref,preMutation,3,0.555,246324,0,0
web-it-2004,30,ref,prepareGraph,3,82.449,232816,-13508,0
web-it-2004,30,ref,REF_initSupports,3,10.974,232816,0,4074712
web-it-2004,30,ref,REF_heapBuild,3,19.536,246804,13988,15108472
web-it-2004,30,ref,REF_peel_loop,3,173.709,322308,75504,0
web-it-2004,30,ref,dispatch_total,3,6.808,246936,-75372,0
web-it-2004,100,ours,loadAndSort,3,3407.340,142236,140048,0
web-it-2004,100,ours,buildSDCT,3,121891.000,199176,56940,261000
web-it-2004,100,ours,preMutation,3,0.308,199176,0,0
web-it-2004,100,ours,prepareGraph,3,82.757,185600,-13576,0
web-it-2004,100,ours,dispatch_total,3,40.133,211788,26192,0
web-it-2004,100,ref,loadAndSort,3,3377.370,142216,140072,0
web-it-2004,100,ref,buildSDCT,3,121347.000,226812,84596,261000
web-it-2004,100,ref,preMutation,3,0.347,226812,0,0
web-it-2004,100,ref,prepareGraph,3,82.114,213500,-13316,0
web-it-2004,100,ref,REF_initSupports,3,8.250,213500,0,4074712
web-it-2004,100,ref,REF_heapBuild,3,16.445,227264,13724,14652964
web-it-2004,100,ref,REF_peel_loop,3,135.848,302992,75768,0
web-it-2004,100,ref,dispatch_total,3,4.889,227616,-75376,0
web-it-2004,200,ours,loadAndSort,3,3416.210,142200,140064,0
web-it-2004,200,ours,buildSDCT,3,113825.000,175824,33624,129648
web-it-2004,200,ours,preMutation,3,0.296,175824,0,0
web-it-2004,200,ours,prepareGraph,3,82.643,162248,-13576,0
web-it-2004,200,ours,dispatch_total,3,26.078,182572,20384,0
web-it-2004,200,ref,loadAndSort,3,3406.130,142208,140072,0
web-it-2004,200,ref,buildSDCT,3,107495.000,203572,61364,129648
web-it-2004,200,ref,preMutation,3,0.221,203572,0,0
web-it-2004,200,ref,prepareGraph,3,82.427,190180,-13392,0
web-it-2004,200,ref,REF_initSupports,3,5.376,190180,0,4074712
web-it-2004,200,ref,REF_heapBuild,3,15.874,204168,13988,14455936
web-it-2004,200,ref,REF_peel_loop,3,108.455,279672,75504,0
web-it-2004,200,ref,dispatch_total,3,4.182,204300,-75372,0
web-it-2004,400,ours,loadAndSort,3,3408.610,142132,139952,0
web-it-2004,400,ours,buildSDCT,3,7849.580,142524,328,3120
web-it-2004,400,ours,preMutation,3,0.080,142524,0,0
web-it-2004,400,ours,prepareGraph,3,82.442,128948,-13576,0
web-it-2004,400,ours,dispatch_total,3,4.604,132964,4016,0
web-it-2004,400,ref,loadAndSort,3,3368.320,142244,140084,0
web-it-2004,400,ref,buildSDCT,3,7833.940,170284,28040,3120
web-it-2004,400,ref,preMutation,3,0.086,170284,0,0
web-it-2004,400,ref,prepareGraph,3,82.308,156876,-13372,0
web-it-2004,400,ref,REF_initSupports,3,0.568,156876,0,4074712
web-it-2004,400,ref,REF_heapBuild,3,12.392,160832,3956,14266144
web-it-2004,400,ref,REF_peel_loop,3,62.737,232376,71544,0
web-it-2004,400,ref,dispatch_total,3,3.616,160988,-71388,0
