meta	phase	duration_ms	rss_kb	delta_rss_kb	component_bytes
graph=com-youtube,r=1,s=3,algo=ours,run=0	loadAndSort	2085.26	112108	109936	0
graph=com-youtube,r=1,s=3,algo=ours,run=0	buildSDCT	3911.29	366464	254356	39375120
graph=com-youtube,r=1,s=3,algo=ours,run=0	preMutation	0.687314	366464	0	0
graph=com-youtube,r=1,s=3,algo=ours,run=0	prepareGraph	87.7379	378500	12036	0
graph=com-youtube,r=1,s=3,algo=ours,run=0	dispatch_total	444.828	390632	12132	0
graph=com-youtube,r=1,s=3,algo=ours,run=1	loadAndSort	2081.34	112240	110064	0
graph=com-youtube,r=1,s=3,algo=ours,run=1	buildSDCT	3863.02	366472	254232	39375120
graph=com-youtube,r=1,s=3,algo=ours,run=1	preMutation	0.687072	366472	0	0
graph=com-youtube,r=1,s=3,algo=ours,run=1	prepareGraph	85.3694	378508	12036	0
graph=com-youtube,r=1,s=3,algo=ours,run=1	dispatch_total	440.133	390640	12132	0
graph=com-youtube,r=1,s=3,algo=ours,run=2	loadAndSort	1734.82	112164	110028	0
graph=com-youtube,r=1,s=3,algo=ours,run=2	buildSDCT	3858.49	366456	254292	39375120
graph=com-youtube,r=1,s=3,algo=ours,run=2	preMutation	0.679946	366456	0	0
graph=com-youtube,r=1,s=3,algo=ours,run=2	prepareGraph	85.099	378492	12036	0
graph=com-youtube,r=1,s=3,algo=ours,run=2	dispatch_total	439.355	390560	12068	0
graph=com-youtube,r=1,s=3,algo=ref,run=0	loadAndSort	1754.82	112160	109920	0
graph=com-youtube,r=1,s=3,algo=ref,run=0	buildSDCT	3864.91	428284	316124	39375120
graph=com-youtube,r=1,s=3,algo=ref,run=0	preMutation	0.682418	428284	0	0
graph=com-youtube,r=1,s=3,algo=ref,run=0	prepareGraph	72.2107	408980	-19304	0
graph=com-youtube,r=1,s=3,algo=ref,run=0	REF_initSupports	54.2845	408980	0	9079128
graph=com-youtube,r=1,s=3,algo=ref,run=0	REF_heapBuild	63.1084	514640	105660	90839600
graph=com-youtube,r=1,s=3,algo=ref,run=0	REF_peel_loop	796.406	746696	232056	0
graph=com-youtube,r=1,s=3,algo=ref,run=0	dispatch_total	166.725	695584	-51112	0
graph=com-youtube,r=1,s=3,algo=ref,run=1	loadAndSort	2537.68	112196	110072	0
graph=com-youtube,r=1,s=3,algo=ref,run=1	buildSDCT	3817.5	428320	316124	39375120
graph=com-youtube,r=1,s=3,algo=ref,run=1	preMutation	0.668236	428320	0	0
graph=com-youtube,r=1,s=3,algo=ref,run=1	prepareGraph	71.3502	409016	-19304	0
graph=com-youtube,r=1,s=3,algo=ref,run=1	REF_initSupports	54.023	409016	0	9079128
graph=com-youtube,r=1,s=3,algo=ref,run=1	REF_heapBuild	62.904	514676	105660	90839600
graph=com-youtube,r=1,s=3,algo=ref,run=1	REF_peel_loop	789.716	746732	232056	0
graph=com-youtube,r=1,s=3,algo=ref,run=1	dispatch_total	164.49	695620	-51112	0
graph=com-youtube,r=1,s=3,algo=ref,run=2	loadAndSort	1812.24	111888	109724	0
graph=com-youtube,r=1,s=3,algo=ref,run=2	buildSDCT	4054.4	428072	316184	39375120
graph=com-youtube,r=1,s=3,algo=ref,run=2	preMutation	0.689471	428072	0	0
graph=com-youtube,r=1,s=3,algo=ref,run=2	prepareGraph	70.7393	408836	-19236	0
graph=com-youtube,r=1,s=3,algo=ref,run=2	REF_initSupports	54.2585	408836	0	9079128
graph=com-youtube,r=1,s=3,algo=ref,run=2	REF_heapBuild	65.0163	514436	105600	90839600
graph=com-youtube,r=1,s=3,algo=ref,run=2	REF_peel_loop	787.623	746492	232056	0
graph=com-youtube,r=1,s=3,algo=ref,run=2	dispatch_total	165.9	695376	-51116	0
graph=com-youtube,r=1,s=5,algo=ours,run=0	loadAndSort	2028.13	112132	109896	0
graph=com-youtube,r=1,s=5,algo=ours,run=0	buildSDCT	3711.41	322808	210676	25855560
graph=com-youtube,r=1,s=5,algo=ours,run=0	preMutation	0.723521	322808	0	0
graph=com-youtube,r=1,s=5,algo=ours,run=0	prepareGraph	71.3009	303268	-19540	0
graph=com-youtube,r=1,s=5,algo=ours,run=0	dispatch_total	273.296	316472	13204	0
graph=com-youtube,r=1,s=5,algo=ours,run=1	loadAndSort	1756.78	112056	109848	0
graph=com-youtube,r=1,s=5,algo=ours,run=1	buildSDCT	3731.44	322608	210552	25855560
graph=com-youtube,r=1,s=5,algo=ours,run=1	preMutation	0.740685	322608	0	0
graph=com-youtube,r=1,s=5,algo=ours,run=1	prepareGraph	71.8427	303068	-19540	0
graph=com-youtube,r=1,s=5,algo=ours,run=1	dispatch_total	273.493	316272	13204	0
graph=com-youtube,r=1,s=5,algo=ours,run=2	loadAndSort	2065.93	112096	109908	0
graph=com-youtube,r=1,s=5,algo=ours,run=2	buildSDCT	3729.83	322772	210676	25855560
graph=com-youtube,r=1,s=5,algo=ours,run=2	preMutation	0.726622	322772	0	0
graph=com-youtube,r=1,s=5,algo=ours,run=2	prepareGraph	73.4852	303232	-19540	0
graph=com-youtube,r=1,s=5,algo=ours,run=2	dispatch_total	276.863	316436	13204	0
graph=com-youtube,r=1,s=5,algo=ref,run=0	loadAndSort	1732.05	112180	110008	0
graph=com-youtube,r=1,s=5,algo=ref,run=0	buildSDCT	3728.05	384744	272564	25855560
graph=com-youtube,r=1,s=5,algo=ref,run=0	preMutation	0.689672	384744	0	0
graph=com-youtube,r=1,s=5,algo=ref,run=0	prepareGraph	70.3019	365256	-19488	0
graph=com-youtube,r=1,s=5,algo=ref,run=0	REF_initSupports	54.1399	365256	0	9079128
graph=com-youtube,r=1,s=5,algo=ref,run=0	REF_heapBuild	56.8297	457188	91932	70560260
graph=com-youtube,r=1,s=5,algo=ref,run=0	REF_peel_loop	578.815	657564	200376	0
graph=com-youtube,r=1,s=5,algo=ref,run=0	dispatch_total	113.967	624120	-33444	0
graph=com-youtube,r=1,s=5,algo=ref,run=1	loadAndSort	2012.4	111892	109736	0
graph=com-youtube,r=1,s=5,algo=ref,run=1	buildSDCT	3684.09	384456	272564	25855560
graph=com-youtube,r=1,s=5,algo=ref,run=1	preMutation	0.668905	384456	0	0
graph=com-youtube,r=1,s=5,algo=ref,run=1	prepareGraph	69.3679	365032	-19424	0
graph=com-youtube,r=1,s=5,algo=ref,run=1	REF_initSupports	53.9648	365032	0	9079128
graph=com-youtube,r=1,s=5,algo=ref,run=1	REF_heapBuild	56.6256	456904	91872	70560260
graph=com-youtube,r=1,s=5,algo=ref,run=1	REF_peel_loop	582.64	657280	200376	0
graph=com-youtube,r=1,s=5,algo=ref,run=1	dispatch_total	110.78	623832	-33448	0
graph=com-youtube,r=1,s=5,algo=ref,run=2	loadAndSort	1728.4	112124	110000	0
graph=com-youtube,r=1,s=5,algo=ref,run=2	buildSDCT	3681.24	384748	272624	25855560
graph=com-youtube,r=1,s=5,algo=ref,run=2	preMutation	0.686843	384748	0	0
graph=com-youtube,r=1,s=5,algo=ref,run=2	prepareGraph	70.1488	365328	-19420	0
graph=com-youtube,r=1,s=5,algo=ref,run=2	REF_initSupports	54.1422	365328	0	9079128
graph=com-youtube,r=1,s=5,algo=ref,run=2	REF_heapBuild	56.763	457200	91872	70560260
graph=com-youtube,r=1,s=5,algo=ref,run=2	REF_peel_loop	581.608	657576	200376	0
graph=com-youtube,r=1,s=5,algo=ref,run=2	dispatch_total	112.872	624128	-33448	0
graph=com-youtube,r=1,s=8,algo=ours,run=0	loadAndSort	2014.78	112068	109840	0
graph=com-youtube,r=1,s=8,algo=ours,run=0	buildSDCT	3427.82	188552	76484	7078296
graph=com-youtube,r=1,s=8,algo=ours,run=0	preMutation	0.704925	188552	0	0
graph=com-youtube,r=1,s=8,algo=ours,run=0	prepareGraph	84.3352	169012	-19540	0
graph=com-youtube,r=1,s=8,algo=ours,run=0	dispatch_total	84.5329	192252	23240	0
graph=com-youtube,r=1,s=8,algo=ours,run=1	loadAndSort	1962.04	112016	109844	0
graph=com-youtube,r=1,s=8,algo=ours,run=1	buildSDCT	2987.97	188504	76488	7078296
graph=com-youtube,r=1,s=8,algo=ours,run=1	preMutation	0.558576	188504	0	0
graph=com-youtube,r=1,s=8,algo=ours,run=1	prepareGraph	70.206	168964	-19540	0
graph=com-youtube,r=1,s=8,algo=ours,run=1	dispatch_total	86.4685	191992	23028	0
graph=com-youtube,r=1,s=8,algo=ours,run=2	loadAndSort	1966.92	111956	109808	0
graph=com-youtube,r=1,s=8,algo=ours,run=2	buildSDCT	2991.16	188440	76484	7078296
graph=com-youtube,r=1,s=8,algo=ours,run=2	preMutation	0.563356	188440	0	0
graph=com-youtube,r=1,s=8,algo=ours,run=2	prepareGraph	70.1183	168900	-19540	0
graph=com-youtube,r=1,s=8,algo=ours,run=2	dispatch_total	86.2804	191928	23028	0
graph=com-youtube,r=1,s=8,algo=ref,run=0	loadAndSort	1636.08	112076	109848	0
graph=com-youtube,r=1,s=8,algo=ref,run=0	buildSDCT	2986.62	250528	138452	7078296
graph=com-youtube,r=1,s=8,algo=ref,run=0	preMutation	0.465768	250528	0	0
graph=com-youtube,r=1,s=8,algo=ref,run=0	prepareGraph	68.8478	231088	-19440	0
graph=com-youtube,r=1,s=8,algo=ref,run=0	REF_initSupports	19.0311	231088	0	9079128
graph=com-youtube,r=1,s=8,algo=ref,run=0	REF_heapBuild	47.2823	293920	62832	42394364
graph=com-youtube,r=1,s=8,algo=ref,run=0	REF_peel_loop	270.24	471064	177144	0
graph=com-youtube,r=1,s=8,algo=ref,run=0	dispatch_total	40.6685	294128	-176936	0
graph=com-youtube,r=1,s=8,algo=ref,run=1	loadAndSort	1643.06	112228	110044	0
graph=com-youtube,r=1,s=8,algo=ref,run=1	buildSDCT	2986.92	250680	138452	7078296
graph=com-youtube,r=1,s=8,algo=ref,run=1	preMutation	0.47673	250680	0	0
graph=com-youtube,r=1,s=8,algo=ref,run=1	prepareGraph	69.3181	231176	-19504	0
graph=com-youtube,r=1,s=8,algo=ref,run=1	REF_initSupports	19.2082	231176	0	9079128
graph=com-youtube,r=1,s=8,algo=ref,run=1	REF_heapBuild	47.3435	294008	62832	42394364
graph=com-youtube,r=1,s=8,algo=ref,run=1	REF_peel_loop	281.526	471152	177144	0
graph=com-youtube,r=1,s=8,algo=ref,run=1	dispatch_total	37.9865	294216	-176936	0
graph=com-youtube,r=1,s=8,algo=ref,run=2	loadAndSort	1638.34	112064	109832	0
graph=com-youtube,r=1,s=8,algo=ref,run=2	buildSDCT	2981.92	250516	138452	7078296
graph=com-youtube,r=1,s=8,algo=ref,run=2	preMutation	0.476474	250516	0	0
graph=com-youtube,r=1,s=8,algo=ref,run=2	prepareGraph	69.8182	231076	-19440	0
graph=com-youtube,r=1,s=8,algo=ref,run=2	REF_initSupports	18.9186	231076	0	9079128
graph=com-youtube,r=1,s=8,algo=ref,run=2	REF_heapBuild	47.332	293908	62832	42394364
graph=com-youtube,r=1,s=8,algo=ref,run=2	REF_peel_loop	270.169	471052	177144	0
graph=com-youtube,r=1,s=8,algo=ref,run=2	dispatch_total	40.6572	294116	-176936	0
graph=com-youtube,r=1,s=12,algo=ours,run=0	loadAndSort	1888.6	112020	109848	0
graph=com-youtube,r=1,s=12,algo=ours,run=0	buildSDCT	2700.94	121576	9556	363216
graph=com-youtube,r=1,s=12,algo=ours,run=0	preMutation	0.247557	121576	0	0
graph=com-youtube,r=1,s=12,algo=ours,run=0	prepareGraph	69.2445	102036	-19540	0
graph=com-youtube,r=1,s=12,algo=ours,run=0	dispatch_total	13.091	110808	8772	0
graph=com-youtube,r=1,s=12,algo=ours,run=1	loadAndSort	1664.65	111964	109804	0
graph=com-youtube,r=1,s=12,algo=ours,run=1	buildSDCT	2613.26	121520	9556	363216
graph=com-youtube,r=1,s=12,algo=ours,run=1	preMutation	0.238649	121520	0	0
graph=com-youtube,r=1,s=12,algo=ours,run=1	prepareGraph	69.107	101980	-19540	0
graph=com-youtube,r=1,s=12,algo=ours,run=1	dispatch_total	13.0033	110752	8772	0
graph=com-youtube,r=1,s=12,algo=ours,run=2	loadAndSort	1689.3	111864	109708	0
graph=com-youtube,r=1,s=12,algo=ours,run=2	buildSDCT	2919.57	121420	9556	363216
graph=com-youtube,r=1,s=12,algo=ours,run=2	preMutation	0.240583	121420	0	0
graph=com-youtube,r=1,s=12,algo=ours,run=2	prepareGraph	68.9491	101880	-19540	0
graph=com-youtube,r=1,s=12,algo=ours,run=2	dispatch_total	13.0368	110652	8772	0
graph=com-youtube,r=1,s=12,algo=ref,run=0	loadAndSort	1635.39	112032	109860	0
graph=com-youtube,r=1,s=12,algo=ref,run=0	buildSDCT	2602.08	183488	71456	363216
graph=com-youtube,r=1,s=12,algo=ref,run=0	preMutation	0.192652	183488	0	0
graph=com-youtube,r=1,s=12,algo=ref,run=0	prepareGraph	68.8857	164180	-19308	0
graph=com-youtube,r=1,s=12,algo=ref,run=0	REF_initSupports	2.06664	164180	0	9079128
graph=com-youtube,r=1,s=12,algo=ref,run=0	REF_heapBuild	41.3819	217244	53064	32321744
graph=com-youtube,r=1,s=12,algo=ref,run=0	REF_peel_loop	149.903	394652	177408	0
graph=com-youtube,r=1,s=12,algo=ref,run=0	dispatch_total	9.07236	217632	-177020	0
graph=com-youtube,r=1,s=12,algo=ref,run=1	loadAndSort	1645.97	111928	109772	0
graph=com-youtube,r=1,s=12,algo=ref,run=1	buildSDCT	2605.43	183384	71456	363216
graph=com-youtube,r=1,s=12,algo=ref,run=1	preMutation	0.192035	183384	0	0
graph=com-youtube,r=1,s=12,algo=ref,run=1	prepareGraph	70.2302	164080	-19304	0
graph=com-youtube,r=1,s=12,algo=ref,run=1	REF_initSupports	2.09347	164080	0	9079128
graph=com-youtube,r=1,s=12,algo=ref,run=1	REF_heapBuild	41.4726	217144	53064	32321744
graph=com-youtube,r=1,s=12,algo=ref,run=1	REF_peel_loop	147.797	394552	177408	0
graph=com-youtube,r=1,s=12,algo=ref,run=1	dispatch_total	9.07965	217532	-177020	0
graph=com-youtube,r=1,s=12,algo=ref,run=2	loadAndSort	1639.63	111900	109744	0
graph=com-youtube,r=1,s=12,algo=ref,run=2	buildSDCT	2615.88	183296	71396	363216
graph=com-youtube,r=1,s=12,algo=ref,run=2	preMutation	0.188515	183296	0	0
graph=com-youtube,r=1,s=12,algo=ref,run=2	prepareGraph	69.2602	163984	-19312	0
graph=com-youtube,r=1,s=12,algo=ref,run=2	REF_initSupports	2.05694	163984	0	9079128
graph=com-youtube,r=1,s=12,algo=ref,run=2	REF_heapBuild	41.3314	217048	53064	32321744
graph=com-youtube,r=1,s=12,algo=ref,run=2	REF_peel_loop	148.45	394456	177408	0
graph=com-youtube,r=1,s=12,algo=ref,run=2	dispatch_total	9.14719	217436	-177020	0
graph=com-youtube,r=1,s=16,algo=ours,run=0	loadAndSort	1639.7	112096	109972	0
graph=com-youtube,r=1,s=16,algo=ours,run=0	buildSDCT	2458.4	116812	4716	1152
graph=com-youtube,r=1,s=16,algo=ours,run=0	preMutation	0.072786	116812	0	0
graph=com-youtube,r=1,s=16,algo=ours,run=0	prepareGraph	69.2025	97272	-19540	0
graph=com-youtube,r=1,s=16,algo=ours,run=0	dispatch_total	8.41328	106044	8772	0
graph=com-youtube,r=1,s=16,algo=ours,run=1	loadAndSort	2057.28	112192	110068	0
graph=com-youtube,r=1,s=16,algo=ours,run=1	buildSDCT	2451.84	116844	4652	1152
graph=com-youtube,r=1,s=16,algo=ours,run=1	preMutation	0.08121	116844	0	0
graph=com-youtube,r=1,s=16,algo=ours,run=1	prepareGraph	68.7026	97304	-19540	0
graph=com-youtube,r=1,s=16,algo=ours,run=1	dispatch_total	8.22693	106076	8772	0
graph=com-youtube,r=1,s=16,algo=ours,run=2	loadAndSort	1612.76	112176	110064	0
graph=com-youtube,r=1,s=16,algo=ours,run=2	buildSDCT	2467.87	116832	4656	1152
graph=com-youtube,r=1,s=16,algo=ours,run=2	preMutation	0.081613	116832	0	0
graph=com-youtube,r=1,s=16,algo=ours,run=2	prepareGraph	68.8331	97292	-19540	0
graph=com-youtube,r=1,s=16,algo=ours,run=2	dispatch_total	8.07881	106064	8772	0
graph=com-youtube,r=1,s=16,algo=ref,run=0	loadAndSort	1964.39	112124	110000	0
graph=com-youtube,r=1,s=16,algo=ref,run=0	buildSDCT	2450.28	178708	66584	1152
graph=com-youtube,r=1,s=16,algo=ref,run=0	preMutation	0.059803	178708	0	0
graph=com-youtube,r=1,s=16,algo=ref,run=0	prepareGraph	69.5028	159368	-19340	0
graph=com-youtube,r=1,s=16,algo=ref,run=0	REF_initSupports	0.635861	159368	0	9079128
graph=com-youtube,r=1,s=16,algo=ref,run=0	REF_heapBuild	40.0232	211640	52272	31778648
graph=com-youtube,r=1,s=16,algo=ref,run=0	REF_peel_loop	132.024	389048	177408	0
graph=com-youtube,r=1,s=16,algo=ref,run=0	dispatch_total	16.417	211856	-177192	0
graph=com-youtube,r=1,s=16,algo=ref,run=1	loadAndSort	1885.41	112228	110044	0
graph=com-youtube,r=1,s=16,algo=ref,run=1	buildSDCT	2447.83	178812	66584	1152
graph=com-youtube,r=1,s=16,algo=ref,run=1	preMutation	0.072279	178812	0	0
graph=com-youtube,r=1,s=16,algo=ref,run=1	prepareGraph	69.1186	159408	-19404	0
graph=com-youtube,r=1,s=16,algo=ref,run=1	REF_initSupports	0.632901	159408	0	9079128
graph=com-youtube,r=1,s=16,algo=ref,run=1	REF_heapBuild	39.657	211680	52272	31778648
graph=com-youtube,r=1,s=16,algo=ref,run=1	REF_peel_loop	131.533	389088	177408	0
graph=com-youtube,r=1,s=16,algo=ref,run=1	dispatch_total	16.5577	211896	-177192	0
graph=com-youtube,r=1,s=16,algo=ref,run=2	loadAndSort	2052.01	112196	110072	0
graph=com-youtube,r=1,s=16,algo=ref,run=2	buildSDCT	2447.47	178780	66584	1152
graph=com-youtube,r=1,s=16,algo=ref,run=2	preMutation	0.073101	178780	0	0
graph=com-youtube,r=1,s=16,algo=ref,run=2	prepareGraph	69.4099	159376	-19404	0
graph=com-youtube,r=1,s=16,algo=ref,run=2	REF_initSupports	0.645604	159376	0	9079128
graph=com-youtube,r=1,s=16,algo=ref,run=2	REF_heapBuild	39.5623	211708	52332	31778648
graph=com-youtube,r=1,s=16,algo=ref,run=2	REF_peel_loop	131.78	389116	177408	0
graph=com-youtube,r=1,s=16,algo=ref,run=2	dispatch_total	16.4612	211928	-177188	0
graph=web-Stanford,r=1,s=3,algo=ours,run=0	loadAndSort	1256.78	51764	49624	0
graph=web-Stanford,r=1,s=3,algo=ours,run=0	buildSDCT	6602.36	331992	280228	30154944
graph=web-Stanford,r=1,s=3,algo=ours,run=0	preMutation	0.666422	331992	0	0
graph=web-Stanford,r=1,s=3,algo=ours,run=0	prepareGraph	41.7996	337204	5212	0
graph=web-Stanford,r=1,s=3,algo=ours,run=0	dispatch_total	382.75	346552	9348	0
graph=web-Stanford,r=1,s=3,algo=ours,run=1	loadAndSort	997.511	51664	49552	0
graph=web-Stanford,r=1,s=3,algo=ours,run=1	buildSDCT	6413.73	332016	280352	30154944
graph=web-Stanford,r=1,s=3,algo=ours,run=1	preMutation	0.675723	332016	0	0
graph=web-Stanford,r=1,s=3,algo=ours,run=1	prepareGraph	42.1401	337228	5212	0
graph=web-Stanford,r=1,s=3,algo=ours,run=1	dispatch_total	381.332	346576	9348	0
graph=web-Stanford,r=1,s=3,algo=ours,run=2	loadAndSort	1251.14	51656	49532	0
graph=web-Stanford,r=1,s=3,algo=ours,run=2	buildSDCT	6860.66	332012	280356	30154944
graph=web-Stanford,r=1,s=3,algo=ours,run=2	preMutation	0.650599	332012	0	0
graph=web-Stanford,r=1,s=3,algo=ours,run=2	prepareGraph	42.0717	337224	5212	0
graph=web-Stanford,r=1,s=3,algo=ours,run=2	dispatch_total	381.577	346572	9348	0
graph=web-Stanford,r=1,s=3,algo=ref,run=0	loadAndSort	1249.53	51520	49372	0
graph=web-Stanford,r=1,s=3,algo=ref,run=0	buildSDCT	6476.42	347212	295692	30154944
graph=web-Stanford,r=1,s=3,algo=ref,run=0	preMutation	0.419743	347212	0	0
graph=web-Stanford,r=1,s=3,algo=ref,run=0	prepareGraph	36.0429	350344	3132	0
graph=web-Stanford,r=1,s=3,algo=ref,run=0	REF_initSupports	45.326	350344	0	2255232
graph=web-Stanford,r=1,s=3,algo=ref,run=0	REF_heapBuild	26.2738	396280	45936	53125700
graph=web-Stanford,r=1,s=3,algo=ref,run=0	REF_peel_loop	533.011	520360	124080	0
graph=web-Stanford,r=1,s=3,algo=ref,run=0	dispatch_total	122.255	481332	-39028	0
graph=web-Stanford,r=1,s=3,algo=ref,run=1	loadAndSort	1024.22	51492	49344	0
graph=web-Stanford,r=1,s=3,algo=ref,run=1	buildSDCT	6714.46	347268	295776	30154944
graph=web-Stanford,r=1,s=3,algo=ref,run=1	preMutation	0.375902	347268	0	0
graph=web-Stanford,r=1,s=3,algo=ref,run=1	prepareGraph	38.9102	350380	3112	0
graph=web-Stanford,r=1,s=3,algo=ref,run=1	REF_initSupports	49.6653	350396	16	2255232
graph=web-Stanford,r=1,s=3,algo=ref,run=1	REF_heapBuild	26.3348	396216	45820	53125700
graph=web-Stanford,r=1,s=3,algo=ref,run=1	REF_peel_loop	521.545	520620	124404	0
graph=web-Stanford,r=1,s=3,algo=ref,run=1	dispatch_total	117.906	481368	-39252	0
graph=web-Stanford,r=1,s=3,algo=ref,run=2	loadAndSort	1605.04	51536	49384	0
graph=web-Stanford,r=1,s=3,algo=ref,run=2	buildSDCT	6304.95	347292	295756	30154944
graph=web-Stanford,r=1,s=3,algo=ref,run=2	preMutation	0.387854	347292	0	0
graph=web-Stanford,r=1,s=3,algo=ref,run=2	prepareGraph	36.5243	350424	3132	0
graph=web-Stanford,r=1,s=3,algo=ref,run=2	REF_initSupports	44.6511	350424	0	2255232
graph=web-Stanford,r=1,s=3,algo=ref,run=2	REF_heapBuild	26.5232	396360	45936	53125700
graph=web-Stanford,r=1,s=3,algo=ref,run=2	REF_peel_loop	517.986	520440	124080	0
graph=web-Stanford,r=1,s=3,algo=ref,run=2	dispatch_total	119.098	481412	-39028	0
graph=web-Stanford,r=1,s=5,algo=ours,run=0	loadAndSort	1225.43	51556	49420	0
graph=web-Stanford,r=1,s=5,algo=ours,run=0	buildSDCT	6491.23	336068	284512	23684976
graph=web-Stanford,r=1,s=5,algo=ours,run=0	preMutation	0.647357	336068	0	0
graph=web-Stanford,r=1,s=5,algo=ours,run=0	prepareGraph	41.9956	341320	5252	0
graph=web-Stanford,r=1,s=5,algo=ours,run=0	dispatch_total	323.653	341400	80	0
graph=web-Stanford,r=1,s=5,algo=ours,run=1	loadAndSort	1235.8	51632	49424	0
graph=web-Stanford,r=1,s=5,algo=ours,run=1	buildSDCT	6487.28	336076	284444	23684976
graph=web-Stanford,r=1,s=5,algo=ours,run=1	preMutation	0.674335	336076	0	0
graph=web-Stanford,r=1,s=5,algo=ours,run=1	prepareGraph	41.9073	341328	5252	0
graph=web-Stanford,r=1,s=5,algo=ours,run=1	dispatch_total	323.659	341408	80	0
graph=web-Stanford,r=1,s=5,algo=ours,run=2	loadAndSort	1230.95	51744	49640	0
graph=web-Stanford,r=1,s=5,algo=ours,run=2	buildSDCT	6495.28	336192	284448	23684976
graph=web-Stanford,r=1,s=5,algo=ours,run=2	preMutation	0.656044	336192	0	0
graph=web-Stanford,r=1,s=5,algo=ours,run=2	prepareGraph	41.9958	341444	5252	0
graph=web-Stanford,r=1,s=5,algo=ours,run=2	dispatch_total	324.253	341524	80	0
graph=web-Stanford,r=1,s=5,algo=ref,run=0	loadAndSort	1227.47	51632	49500	0
graph=web-Stanford,r=1,s=5,algo=ref,run=0	buildSDCT	6472.89	351332	299700	23684976
graph=web-Stanford,r=1,s=5,algo=ref,run=0	preMutation	0.47939	351332	0	0
graph=web-Stanford,r=1,s=5,algo=ref,run=0	prepareGraph	36.0119	354612	3280	0
graph=web-Stanford,r=1,s=5,algo=ref,run=0	REF_initSupports	44.0727	354612	0	2255232
graph=web-Stanford,r=1,s=5,algo=ref,run=0	REF_heapBuild	22.6166	390516	35904	43420748
graph=web-Stanford,r=1,s=5,algo=ref,run=0	REF_peel_loop	519.268	505884	115368	0
graph=web-Stanford,r=1,s=5,algo=ref,run=0	dispatch_total	102.92	475080	-30804	0
graph=web-Stanford,r=1,s=5,algo=ref,run=1	loadAndSort	1609.7	51632	49400	0
graph=web-Stanford,r=1,s=5,algo=ref,run=1	buildSDCT	6407.75	351332	299700	23684976
graph=web-Stanford,r=1,s=5,algo=ref,run=1	preMutation	0.48695	351332	0	0
graph=web-Stanford,r=1,s=5,algo=ref,run=1	prepareGraph	36.1185	354612	3280	0
graph=web-Stanford,r=1,s=5,algo=ref,run=1	REF_initSupports	46.2364	354612	0	2255232
graph=web-Stanford,r=1,s=5,algo=ref,run=1	REF_heapBuild	22.5975	390516	35904	43420748
graph=web-Stanford,r=1,s=5,algo=ref,run=1	REF_peel_loop	520.915	505884	115368	0
graph=web-Stanford,r=1,s=5,algo=ref,run=1	dispatch_total	102.996	475080	-30804	0
graph=web-Stanford,r=1,s=5,algo=ref,run=2	loadAndSort	1556.82	51572	49404	0
graph=web-Stanford,r=1,s=5,algo=ref,run=2	buildSDCT	6405.83	351272	299700	23684976
graph=web-Stanford,r=1,s=5,algo=ref,run=2	preMutation	0.469137	351272	0	0
graph=web-Stanford,r=1,s=5,algo=ref,run=2	prepareGraph	36.1545	354552	3280	0
graph=web-Stanford,r=1,s=5,algo=ref,run=2	REF_initSupports	44.0935	354552	0	2255232
graph=web-Stanford,r=1,s=5,algo=ref,run=2	REF_heapBuild	25.0201	390456	35904	43420748
graph=web-Stanford,r=1,s=5,algo=ref,run=2	REF_peel_loop	516.873	505824	115368	0
graph=web-Stanford,r=1,s=5,algo=ref,run=2	dispatch_total	102.656	475020	-30804	0
graph=web-Stanford,r=1,s=10,algo=ours,run=0	loadAndSort	974.642	51736	49592	0
graph=web-Stanford,r=1,s=10,algo=ours,run=0	buildSDCT	5833.58	178912	127176	6286416
graph=web-Stanford,r=1,s=10,algo=ours,run=0	preMutation	0.489349	178912	0	0
graph=web-Stanford,r=1,s=10,algo=ours,run=0	prepareGraph	36.614	180272	1360	0
graph=web-Stanford,r=1,s=10,algo=ours,run=0	dispatch_total	130.391	180352	80	0
graph=web-Stanford,r=1,s=10,algo=ours,run=1	loadAndSort	975.39	51624	49416	0
graph=web-Stanford,r=1,s=10,algo=ours,run=1	buildSDCT	5839.9	178804	127180	6286416
graph=web-Stanford,r=1,s=10,algo=ours,run=1	preMutation	0.484781	178804	0	0
graph=web-Stanford,r=1,s=10,algo=ours,run=1	prepareGraph	36.57	180164	1360	0
graph=web-Stanford,r=1,s=10,algo=ours,run=1	dispatch_total	129.828	180244	80	0
graph=web-Stanford,r=1,s=10,algo=ours,run=2	loadAndSort	1229.72	51696	49584	0
graph=web-Stanford,r=1,s=10,algo=ours,run=2	buildSDCT	5926.37	178876	127180	6286416
graph=web-Stanford,r=1,s=10,algo=ours,run=2	preMutation	0.494653	178876	0	0
graph=web-Stanford,r=1,s=10,algo=ours,run=2	prepareGraph	36.5884	180236	1360	0
graph=web-Stanford,r=1,s=10,algo=ours,run=2	dispatch_total	130.348	180316	80	0
graph=web-Stanford,r=1,s=10,algo=ref,run=0	loadAndSort	1228.84	51712	49576	0
graph=web-Stanford,r=1,s=10,algo=ref,run=0	buildSDCT	5928.06	194244	142532	6286416
graph=web-Stanford,r=1,s=10,algo=ref,run=0	preMutation	0.406041	194244	0	0
graph=web-Stanford,r=1,s=10,algo=ref,run=0	prepareGraph	35.651	197488	3244	0
graph=web-Stanford,r=1,s=10,algo=ref,run=0	REF_initSupports	19.6053	197488	0	2255232
graph=web-Stanford,r=1,s=10,algo=ref,run=0	REF_heapBuild	13.0281	207520	10032	17322908
graph=web-Stanford,r=1,s=10,algo=ref,run=0	REF_peel_loop	210.069	267508	59988	0
graph=web-Stanford,r=1,s=10,algo=ref,run=0	dispatch_total	30.7354	267508	0	0
graph=web-Stanford,r=1,s=10,algo=ref,run=1	loadAndSort	1011.2	51716	49476	0
graph=web-Stanford,r=1,s=10,algo=ref,run=1	buildSDCT	5831.91	194128	142412	6286416
graph=web-Stanford,r=1,s=10,algo=ref,run=1	preMutation	0.403403	194128	0	0
graph=web-Stanford,r=1,s=10,algo=ref,run=1	prepareGraph	35.6542	197360	3232	0
graph=web-Stanford,r=1,s=10,algo=ref,run=1	REF_initSupports	19.5869	197360	0	2255232
graph=web-Stanford,r=1,s=10,algo=ref,run=1	REF_heapBuild	13.0531	207392	10032	17322908
graph=web-Stanford,r=1,s=10,algo=ref,run=1	REF_peel_loop	215.523	267320	59928	0
graph=web-Stanford,r=1,s=10,algo=ref,run=1	dispatch_total	32.017	267320	0	0
graph=web-Stanford,r=1,s=10,algo=ref,run=2	loadAndSort	1225.47	51436	49276	0
graph=web-Stanford,r=1,s=10,algo=ref,run=2	buildSDCT	5955.26	193848	142412	6286416
graph=web-Stanford,r=1,s=10,algo=ref,run=2	preMutation	0.410344	193848	0	0
graph=web-Stanford,r=1,s=10,algo=ref,run=2	prepareGraph	35.4654	197144	3296	0
graph=web-Stanford,r=1,s=10,algo=ref,run=2	REF_initSupports	19.5641	197144	0	2255232
graph=web-Stanford,r=1,s=10,algo=ref,run=2	REF_heapBuild	13.0461	207176	10032	17322908
graph=web-Stanford,r=1,s=10,algo=ref,run=2	REF_peel_loop	210.002	267104	59928	0
graph=web-Stanford,r=1,s=10,algo=ref,run=2	dispatch_total	30.8196	267104	0	0
graph=web-Stanford,r=1,s=20,algo=ours,run=0	loadAndSort	998.76	51780	49548	0
graph=web-Stanford,r=1,s=20,algo=ours,run=0	buildSDCT	5452.94	91240	39460	1086000
graph=web-Stanford,r=1,s=20,algo=ours,run=0	preMutation	0.54401	91240	0	0
graph=web-Stanford,r=1,s=20,algo=ours,run=0	prepareGraph	35.3912	93656	2416	0
graph=web-Stanford,r=1,s=20,algo=ours,run=0	dispatch_total	28.933	99788	6132	0
graph=web-Stanford,r=1,s=20,algo=ours,run=1	loadAndSort	1227.37	51640	49532	0
graph=web-Stanford,r=1,s=20,algo=ours,run=1	buildSDCT	5552.13	91160	39520	1086000
graph=web-Stanford,r=1,s=20,algo=ours,run=1	preMutation	0.55251	91160	0	0
graph=web-Stanford,r=1,s=20,algo=ours,run=1	prepareGraph	35.1388	93576	2416	0
graph=web-Stanford,r=1,s=20,algo=ours,run=1	dispatch_total	28.6566	99708	6132	0
graph=web-Stanford,r=1,s=20,algo=ours,run=2	loadAndSort	996.702	51520	49364	0
graph=web-Stanford,r=1,s=20,algo=ours,run=2	buildSDCT	5481.9	90980	39460	1086000
graph=web-Stanford,r=1,s=20,algo=ours,run=2	preMutation	0.569698	90980	0	0
graph=web-Stanford,r=1,s=20,algo=ours,run=2	prepareGraph	35.3135	93396	2416	0
graph=web-Stanford,r=1,s=20,algo=ours,run=2	dispatch_total	28.8996	99528	6132	0
graph=web-Stanford,r=1,s=20,algo=ref,run=0	loadAndSort	1228.56	51648	49476	0
graph=web-Stanford,r=1,s=20,algo=ref,run=0	buildSDCT	5577.05	106412	54764	1086000
graph=web-Stanford,r=1,s=20,algo=ref,run=0	preMutation	0.261568	106412	0	0
graph=web-Stanford,r=1,s=20,algo=ref,run=0	prepareGraph	35.2446	109640	3228	0
graph=web-Stanford,r=1,s=20,algo=ref,run=0	REF_initSupports	5.99047	109640	0	2255232
graph=web-Stanford,r=1,s=20,algo=ref,run=0	REF_heapBuild	8.11238	111752	2112	9522284
graph=web-Stanford,r=1,s=20,algo=ref,run=0	REF_peel_loop	77.4205	154784	43032	0
graph=web-Stanford,r=1,s=20,algo=ref,run=0	dispatch_total	6.29834	112060	-42724	0
graph=web-Stanford,r=1,s=20,algo=ref,run=1	loadAndSort	995.09	51752	49644	0
graph=web-Stanford,r=1,s=20,algo=ref,run=1	buildSDCT	5449.45	106516	54764	1086000
graph=web-Stanford,r=1,s=20,algo=ref,run=1	preMutation	0.254161	106516	0	0
graph=web-Stanford,r=1,s=20,algo=ref,run=1	prepareGraph	35.3054	109680	3164	0
graph=web-Stanford,r=1,s=20,algo=ref,run=1	REF_initSupports	6.00134	109680	0	2255232
graph=web-Stanford,r=1,s=20,algo=ref,run=1	REF_heapBuild	8.13974	111792	2112	9522284
graph=web-Stanford,r=1,s=20,algo=ref,run=1	REF_peel_loop	77.7953	154824	43032	0
graph=web-Stanford,r=1,s=20,algo=ref,run=1	dispatch_total	6.30459	112100	-42724	0
graph=web-Stanford,r=1,s=20,algo=ref,run=2	loadAndSort	1228	51560	49408	0
graph=web-Stanford,r=1,s=20,algo=ref,run=2	buildSDCT	5593.67	106324	54764	1086000
graph=web-Stanford,r=1,s=20,algo=ref,run=2	preMutation	0.26151	106324	0	0
graph=web-Stanford,r=1,s=20,algo=ref,run=2	prepareGraph	35.3646	109488	3164	0
graph=web-Stanford,r=1,s=20,algo=ref,run=2	REF_initSupports	5.99221	109488	0	2255232
graph=web-Stanford,r=1,s=20,algo=ref,run=2	REF_heapBuild	8.12265	111660	2172	9522284
graph=web-Stanford,r=1,s=20,algo=ref,run=2	REF_peel_loop	77.8934	154692	43032	0
graph=web-Stanford,r=1,s=20,algo=ref,run=2	dispatch_total	6.33765	111972	-42720	0
graph=web-Stanford,r=1,s=40,algo=ours,run=0	loadAndSort	1230.21	51564	49356	0
graph=web-Stanford,r=1,s=40,algo=ours,run=0	buildSDCT	5087.29	68336	16772	371232
graph=web-Stanford,r=1,s=40,algo=ours,run=0	preMutation	0.150304	68336	0	0
graph=web-Stanford,r=1,s=40,algo=ours,run=0	prepareGraph	35.2012	71316	2980	0
graph=web-Stanford,r=1,s=40,algo=ours,run=0	dispatch_total	9.59167	71316	0	0
graph=web-Stanford,r=1,s=40,algo=ours,run=1	loadAndSort	1002.1	51684	49472	0
graph=web-Stanford,r=1,s=40,algo=ours,run=1	buildSDCT	4998.4	68396	16712	371232
graph=web-Stanford,r=1,s=40,algo=ours,run=1	preMutation	0.14496	68396	0	0
graph=web-Stanford,r=1,s=40,algo=ours,run=1	prepareGraph	35.3525	71376	2980	0
graph=web-Stanford,r=1,s=40,algo=ours,run=1	dispatch_total	10.0701	71376	0	0
graph=web-Stanford,r=1,s=40,algo=ours,run=2	loadAndSort	1224.44	51564	49408	0
graph=web-Stanford,r=1,s=40,algo=ours,run=2	buildSDCT	5120.85	68276	16712	371232
graph=web-Stanford,r=1,s=40,algo=ours,run=2	preMutation	0.143616	68276	0	0
graph=web-Stanford,r=1,s=40,algo=ours,run=2	prepareGraph	35.1462	71256	2980	0
graph=web-Stanford,r=1,s=40,algo=ours,run=2	dispatch_total	9.62681	71256	0	0
graph=web-Stanford,r=1,s=40,algo=ref,run=0	loadAndSort	1034.45	51448	49292	0
graph=web-Stanford,r=1,s=40,algo=ref,run=0	buildSDCT	4997.77	83508	32060	371232
graph=web-Stanford,r=1,s=40,algo=ref,run=0	preMutation	0.075836	83508	0	0
graph=web-Stanford,r=1,s=40,algo=ref,run=0	prepareGraph	35.859	86424	2916	0
graph=web-Stanford,r=1,s=40,algo=ref,run=0	REF_initSupports	2.74002	86424	0	2255232
graph=web-Stanford,r=1,s=40,algo=ref,run=0	REF_heapBuild	6.91503	88536	2112	8450132
graph=web-Stanford,r=1,s=40,algo=ref,run=0	REF_peel_loop	49.5803	131304	42768	0
graph=web-Stanford,r=1,s=40,algo=ref,run=0	dispatch_total	2.8511	88668	-42636	0
graph=web-Stanford,r=1,s=40,algo=ref,run=1	loadAndSort	1224.79	51724	49580	0
graph=web-Stanford,r=1,s=40,algo=ref,run=1	buildSDCT	5190.6	83904	32180	371232
graph=web-Stanford,r=1,s=40,algo=ref,run=1	preMutation	0.074432	83904	0	0
graph=web-Stanford,r=1,s=40,algo=ref,run=1	prepareGraph	35.365	86768	2864	0
graph=web-Stanford,r=1,s=40,algo=ref,run=1	REF_initSupports	2.77255	86768	0	2255232
graph=web-Stanford,r=1,s=40,algo=ref,run=1	REF_heapBuild	6.90071	88880	2112	8450132
graph=web-Stanford,r=1,s=40,algo=ref,run=1	REF_peel_loop	49.333	131648	42768	0
graph=web-Stanford,r=1,s=40,algo=ref,run=1	dispatch_total	2.82373	89076	-42572	0
graph=web-Stanford,r=1,s=40,algo=ref,run=2	loadAndSort	1033	51712	49580	0
graph=web-Stanford,r=1,s=40,algo=ref,run=2	buildSDCT	4995.19	83892	32180	371232
graph=web-Stanford,r=1,s=40,algo=ref,run=2	preMutation	0.074714	83892	0	0
graph=web-Stanford,r=1,s=40,algo=ref,run=2	prepareGraph	35.9937	86756	2864	0
graph=web-Stanford,r=1,s=40,algo=ref,run=2	REF_initSupports	2.74255	86756	0	2255232
graph=web-Stanford,r=1,s=40,algo=ref,run=2	REF_heapBuild	6.98634	88868	2112	8450132
graph=web-Stanford,r=1,s=40,algo=ref,run=2	REF_peel_loop	49.5933	131636	42768	0
graph=web-Stanford,r=1,s=40,algo=ref,run=2	dispatch_total	2.86132	89064	-42572	0
graph=web-Stanford,r=1,s=60,algo=ours,run=0	loadAndSort	994.953	51484	49324	0
graph=web-Stanford,r=1,s=60,algo=ours,run=0	buildSDCT	4811.33	51756	272	576
graph=web-Stanford,r=1,s=60,algo=ours,run=0	preMutation	0.056763	51756	0	0
graph=web-Stanford,r=1,s=60,algo=ours,run=0	prepareGraph	34.8746	54152	2396	0
graph=web-Stanford,r=1,s=60,algo=ours,run=0	dispatch_total	1.36931	54152	0	0
graph=web-Stanford,r=1,s=60,algo=ours,run=1	loadAndSort	1223.73	51668	49500	0
graph=web-Stanford,r=1,s=60,algo=ours,run=1	buildSDCT	4910.18	51812	144	576
graph=web-Stanford,r=1,s=60,algo=ours,run=1	preMutation	0.05512	51812	0	0
graph=web-Stanford,r=1,s=60,algo=ours,run=1	prepareGraph	34.9552	54208	2396	0
graph=web-Stanford,r=1,s=60,algo=ours,run=1	dispatch_total	1.3604	54208	0	0
graph=web-Stanford,r=1,s=60,algo=ours,run=2	loadAndSort	1224.39	51668	49544	0
graph=web-Stanford,r=1,s=60,algo=ours,run=2	buildSDCT	4900.08	51876	208	576
graph=web-Stanford,r=1,s=60,algo=ours,run=2	preMutation	0.05741	51876	0	0
graph=web-Stanford,r=1,s=60,algo=ours,run=2	prepareGraph	34.967	54272	2396	0
graph=web-Stanford,r=1,s=60,algo=ours,run=2	dispatch_total	1.35692	54272	0	0
graph=web-Stanford,r=1,s=60,algo=ref,run=0	loadAndSort	993.808	51580	49416	0
graph=web-Stanford,r=1,s=60,algo=ref,run=0	buildSDCT	4806.88	66948	15368	576
graph=web-Stanford,r=1,s=60,algo=ref,run=0	preMutation	0.055568	66948	0	0
graph=web-Stanford,r=1,s=60,algo=ref,run=0	prepareGraph	35.7264	69464	2516	0
graph=web-Stanford,r=1,s=60,algo=ref,run=0	REF_initSupports	0.225253	69464	0	2255232
graph=web-Stanford,r=1,s=60,algo=ref,run=0	REF_heapBuild	6.41579	70256	792	7894148
graph=web-Stanford,r=1,s=60,algo=ref,run=0	REF_peel_loop	31.3038	113288	43032	0
graph=web-Stanford,r=1,s=60,algo=ref,run=0	dispatch_total	4.20566	70624	-42664	0
graph=web-Stanford,r=1,s=60,algo=ref,run=1	loadAndSort	1223.94	51740	49636	0
graph=web-Stanford,r=1,s=60,algo=ref,run=1	buildSDCT	4900.87	67108	15368	576
graph=web-Stanford,r=1,s=60,algo=ref,run=1	preMutation	0.057103	67108	0	0
graph=web-Stanford,r=1,s=60,algo=ref,run=1	prepareGraph	34.4245	69560	2452	0
graph=web-Stanford,r=1,s=60,algo=ref,run=1	REF_initSupports	0.182785	69560	0	2255232
graph=web-Stanford,r=1,s=60,algo=ref,run=1	REF_heapBuild	6.2821	70412	852	7894148
graph=web-Stanford,r=1,s=60,algo=ref,run=1	REF_peel_loop	31.085	113444	43032	0
graph=web-Stanford,r=1,s=60,algo=ref,run=1	dispatch_total	4.20548	70784	-42660	0
graph=web-Stanford,r=1,s=60,algo=ref,run=2	loadAndSort	1226.85	51736	49564	0
graph=web-Stanford,r=1,s=60,algo=ref,run=2	buildSDCT	4900.09	67104	15368	576
graph=web-Stanford,r=1,s=60,algo=ref,run=2	preMutation	0.059827	67104	0	0
graph=web-Stanford,r=1,s=60,algo=ref,run=2	prepareGraph	37.739	69492	2388	0
graph=web-Stanford,r=1,s=60,algo=ref,run=2	REF_initSupports	0.193796	69492	0	2255232
graph=web-Stanford,r=1,s=60,algo=ref,run=2	REF_heapBuild	6.32163	70284	792	7894148
graph=web-Stanford,r=1,s=60,algo=ref,run=2	REF_peel_loop	31.2534	113316	43032	0
graph=web-Stanford,r=1,s=60,algo=ref,run=2	dispatch_total	4.23445	70716	-42600	0
graph=web-it-2004,r=1,s=3,algo=ours,run=0	loadAndSort	3490.5	142088	139940	0
graph=web-it-2004,r=1,s=3,algo=ours,run=0	buildSDCT	124074	425232	283144	13119216
graph=web-it-2004,r=1,s=3,algo=ours,run=0	preMutation	0.489479	425232	0	0
graph=web-it-2004,r=1,s=3,algo=ours,run=0	prepareGraph	92.3583	415500	-9732	0
graph=web-it-2004,r=1,s=3,algo=ours,run=0	dispatch_total	346.701	435084	19584	0
graph=web-it-2004,r=1,s=3,algo=ours,run=1	loadAndSort	3018.28	142200	139968	0
graph=web-it-2004,r=1,s=3,algo=ours,run=1	buildSDCT	124664	425280	283080	13119216
graph=web-it-2004,r=1,s=3,algo=ours,run=1	preMutation	0.478296	425280	0	0
graph=web-it-2004,r=1,s=3,algo=ours,run=1	prepareGraph	91.8265	415548	-9732	0
graph=web-it-2004,r=1,s=3,algo=ours,run=1	dispatch_total	351.011	435132	19584	0
graph=web-it-2004,r=1,s=3,algo=ours,run=2	loadAndSort	3389	141960	139804	0
graph=web-it-2004,r=1,s=3,algo=ours,run=2	buildSDCT	124070	425040	283080	13119216
graph=web-it-2004,r=1,s=3,algo=ours,run=2	preMutation	0.536404	425040	0	0
graph=web-it-2004,r=1,s=3,algo=ours,run=2	prepareGraph	123.7	415308	-9732	0
graph=web-it-2004,r=1,s=3,algo=ours,run=2	dispatch_total	360.45	434892	19584	0
graph=web-it-2004,r=1,s=3,algo=ref,run=0	loadAndSort	3382.78	142256	140132	0
graph=web-it-2004,r=1,s=3,algo=ref,run=0	buildSDCT	123824	453100	310844	13119216
graph=web-it-2004,r=1,s=3,algo=ref,run=0	preMutation	0.526814	453100	0	0
graph=web-it-2004,r=1,s=3,algo=ref,run=0	prepareGraph	87.1747	443532	-9568	0
graph=web-it-2004,r=1,s=3,algo=ref,run=0	REF_initSupports	46.3071	447488	3956	4074712
graph=web-it-2004,r=1,s=3,algo=ref,run=0	REF_heapBuild	42.9383	474416	26928	33940288
graph=web-it-2004,r=1,s=3,algo=ref,run=0	REF_peel_loop	472.233	569720	95304	0
graph=web-it-2004,r=1,s=3,algo=ref,run=0	dispatch_total	89.2852	569720	0	0
graph=web-it-2004,r=1,s=3,algo=ref,run=1	loadAndSort	3362.98	142216	140044	0
graph=web-it-2004,r=1,s=3,algo=ref,run=1	buildSDCT	131906	453120	310904	13119216
graph=web-it-2004,r=1,s=3,algo=ref,run=1	preMutation	0.534929	453120	0	0
graph=web-it-2004,r=1,s=3,algo=ref,run=1	prepareGraph	87.4099	443616	-9504	0
graph=web-it-2004,r=1,s=3,algo=ref,run=1	REF_initSupports	46.3133	447572	3956	4074712
graph=web-it-2004,r=1,s=3,algo=ref,run=1	REF_heapBuild	41.7936	474500	26928	33940288
graph=web-it-2004,r=1,s=3,algo=ref,run=1	REF_peel_loop	465.876	569804	95304	0
graph=web-it-2004,r=1,s=3,algo=ref,run=1	dispatch_total	88.9067	569804	0	0
graph=web-it-2004,r=1,s=3,algo=ref,run=2	loadAndSort	3378.19	142056	139896	0
graph=web-it-2004,r=1,s=3,algo=ref,run=2	buildSDCT	125259	452928	310872	13119216
graph=web-it-2004,r=1,s=3,algo=ref,run=2	preMutation	0.536241	452928	0	0
graph=web-it-2004,r=1,s=3,algo=ref,run=2	prepareGraph	87.2115	443332	-9596	0
graph=web-it-2004,r=1,s=3,algo=ref,run=2	REF_initSupports	46.5631	447308	3976	4074712
graph=web-it-2004,r=1,s=3,algo=ref,run=2	REF_heapBuild	42.0023	474344	27036	33940288
graph=web-it-2004,r=1,s=3,algo=ref,run=2	REF_peel_loop	465.551	569692	95348	0
graph=web-it-2004,r=1,s=3,algo=ref,run=2	dispatch_total	89.2609	569692	0	0
graph=web-it-2004,r=1,s=10,algo=ours,run=0	loadAndSort	3397.98	142316	140140	0
graph=web-it-2004,r=1,s=10,algo=ours,run=0	buildSDCT	124472	366584	224268	6600312
graph=web-it-2004,r=1,s=10,algo=ours,run=0	preMutation	0.885769	366584	0	0
graph=web-it-2004,r=1,s=10,algo=ours,run=0	prepareGraph	86.9423	356840	-9744	0
graph=web-it-2004,r=1,s=10,algo=ours,run=0	dispatch_total	272.631	364220	7380	0
graph=web-it-2004,r=1,s=10,algo=ours,run=1	loadAndSort	3382.83	142112	139956	0
graph=web-it-2004,r=1,s=10,algo=ours,run=1	buildSDCT	124027	366380	224268	6600312
graph=web-it-2004,r=1,s=10,algo=ours,run=1	preMutation	0.907001	366380	0	0
graph=web-it-2004,r=1,s=10,algo=ours,run=1	prepareGraph	86.854	356636	-9744	0
graph=web-it-2004,r=1,s=10,algo=ours,run=1	dispatch_total	274.868	364016	7380	0
graph=web-it-2004,r=1,s=10,algo=ours,run=2	loadAndSort	3440.37	142372	140252	0
graph=web-it-2004,r=1,s=10,algo=ours,run=2	buildSDCT	132278	366576	224204	6600312
graph=web-it-2004,r=1,s=10,algo=ours,run=2	preMutation	0.909915	366576	0	0
graph=web-it-2004,r=1,s=10,algo=ours,run=2	prepareGraph	86.8118	356832	-9744	0
graph=web-it-2004,r=1,s=10,algo=ours,run=2	dispatch_total	274.297	364212	7380	0
graph=web-it-2004,r=1,s=10,algo=ref,run=0	loadAndSort	3423.18	141964	139800	0
graph=web-it-2004,r=1,s=10,algo=ref,run=0	buildSDCT	133303	393936	251972	6600312
graph=web-it-2004,r=1,s=10,algo=ref,run=0	preMutation	0.665306	393936	0	0
graph=web-it-2004,r=1,s=10,algo=ref,run=0	prepareGraph	86.8619	384556	-9380	0
graph=web-it-2004,r=1,s=10,algo=ref,run=0	REF_initSupports	29.83	384556	0	4074712
graph=web-it-2004,r=1,s=10,algo=ref,run=0	REF_heapBuild	35.768	406992	22436	24161932
graph=web-it-2004,r=1,s=10,algo=ref,run=0	REF_peel_loop	390.196	486984	79992	0
graph=web-it-2004,r=1,s=10,algo=ref,run=0	dispatch_total	51.6389	486984	0	0
graph=web-it-2004,r=1,s=10,algo=ref,run=1	loadAndSort	3419.43	142172	140064	0
graph=web-it-2004,r=1,s=10,algo=ref,run=1	buildSDCT	127469	394144	251972	6600312
graph=web-it-2004,r=1,s=10,algo=ref,run=1	preMutation	0.622249	394144	0	0
graph=web-it-2004,r=1,s=10,algo=ref,run=1	prepareGraph	85.7173	384764	-9380	0
graph=web-it-2004,r=1,s=10,algo=ref,run=1	REF_initSupports	29.4075	384764	0	4074712
graph=web-it-2004,r=1,s=10,algo=ref,run=1	REF_heapBuild	36.2884	407200	22436	24161932
graph=web-it-2004,r=1,s=10,algo=ref,run=1	REF_peel_loop	386.067	487192	79992	0
graph=web-it-2004,r=1,s=10,algo=ref,run=1	dispatch_total	48.9805	487192	0	0
graph=web-it-2004,r=1,s=10,algo=ref,run=2	loadAndSort	3372.33	142292	140168	0
graph=web-it-2004,r=1,s=10,algo=ref,run=2	buildSDCT	127613	394264	251972	6600312
graph=web-it-2004,r=1,s=10,algo=ref,run=2	preMutation	0.668392	394264	0	0
graph=web-it-2004,r=1,s=10,algo=ref,run=2	prepareGraph	87.003	384820	-9444	0
graph=web-it-2004,r=1,s=10,algo=ref,run=2	REF_initSupports	29.6675	384820	0	4074712
graph=web-it-2004,r=1,s=10,algo=ref,run=2	REF_heapBuild	35.3605	407316	22496	24161932
graph=web-it-2004,r=1,s=10,algo=ref,run=2	REF_peel_loop	391.014	487308	79992	0
graph=web-it-2004,r=1,s=10,algo=ref,run=2	dispatch_total	50.403	487308	0	0
graph=web-it-2004,r=1,s=30,algo=ours,run=0	loadAndSort	3412.58	142244	140120	0
graph=web-it-2004,r=1,s=30,algo=ours,run=0	buildSDCT	122558	218524	76280	564672
graph=web-it-2004,r=1,s=30,algo=ours,run=0	preMutation	0.72731	218524	0	0
graph=web-it-2004,r=1,s=30,algo=ours,run=0	prepareGraph	79.2937	205012	-13512	0
graph=web-it-2004,r=1,s=30,algo=ours,run=0	dispatch_total	63.5729	236160	31148	0
graph=web-it-2004,r=1,s=30,algo=ours,run=1	loadAndSort	3039.18	142168	139996	0
graph=web-it-2004,r=1,s=30,algo=ours,run=1	buildSDCT	124074	218448	76280	564672
graph=web-it-2004,r=1,s=30,algo=ours,run=1	preMutation	0.716769	218448	0	0
graph=web-it-2004,r=1,s=30,algo=ours,run=1	prepareGraph	78.3932	204872	-13576	0
graph=web-it-2004,r=1,s=30,algo=ours,run=1	dispatch_total	64.3902	236080	31208	0
graph=web-it-2004,r=1,s=30,algo=ours,run=2	loadAndSort	3371.52	142052	139900	0
graph=web-it-2004,r=1,s=30,algo=ours,run=2	buildSDCT	121929	218328	76276	564672
graph=web-it-2004,r=1,s=30,algo=ours,run=2	preMutation	0.741721	218328	0	0
graph=web-it-2004,r=1,s=30,algo=ours,run=2	prepareGraph	78.8407	204752	-13576	0
graph=web-it-2004,r=1,s=30,algo=ours,run=2	dispatch_total	63.9351	235960	31208	0
graph=web-it-2004,r=1,s=30,algo=ref,run=0	loadAndSort	3378.64	142148	140000	0
graph=web-it-2004,r=1,s=30,algo=ref,run=0	buildSDCT	122658	246400	104252	564672
graph=web-it-2004,r=1,s=30,algo=ref,run=0	preMutation	0.547085	246400	0	0
graph=web-it-2004,r=1,s=30,algo=ref,run=0	prepareGraph	82.5587	232836	-13564	0
graph=web-it-2004,r=1,s=30,algo=ref,run=0	REF_initSupports	11.0713	232836	0	4074712
graph=web-it-2004,r=1,s=30,algo=ref,run=0	REF_heapBuild	19.5668	246824	13988	15108472
graph=web-it-2004,r=1,s=30,algo=ref,run=0	REF_peel_loop	173.709	322328	75504	0
graph=web-it-2004,r=1,s=30,algo=ref,run=0	dispatch_total	7.26441	247020	-75308	0
graph=web-it-2004,r=1,s=30,algo=ref,run=1	loadAndSort	3037.48	142192	140052	0
graph=web-it-2004,r=1,s=30,algo=ref,run=1	buildSDCT	123127	246324	104132	564672
graph=web-it-2004,r=1,s=30,algo=ref,run=1	preMutation	0.559718	246324	0	0
graph=web-it-2004,r=1,s=30,algo=ref,run=1	prepareGraph	82.4491	232816	-13508	0
graph=web-it-2004,r=1,s=30,algo=ref,run=1	REF_initSupports	10.9738	232816	0	4074712
graph=web-it-2004,r=1,s=30,algo=ref,run=1	REF_heapBuild	19.4824	246804	13988	15108472
graph=web-it-2004,r=1,s=30,algo=ref,run=1	REF_peel_loop	173.212	322308	75504	0
graph=web-it-2004,r=1,s=30,algo=ref,run=1	dispatch_total	6.8079	246936	-75372	0
graph=web-it-2004,r=1,s=30,algo=ref,run=2	loadAndSort	3033.38	142224	140080	0
graph=web-it-2004,r=1,s=30,algo=ref,run=2	buildSDCT	121829	246092	103868	564672
graph=web-it-2004,r=1,s=30,algo=ref,run=2	preMutation	0.554755	246092	0	0
graph=web-it-2004,r=1,s=30,algo=ref,run=2	prepareGraph	82.317	232780	-13312	0
graph=web-it-2004,r=1,s=30,algo=ref,run=2	REF_initSupports	10.8807	232780	0	4074712
graph=web-it-2004,r=1,s=30,algo=ref,run=2	REF_heapBuild	19.5363	246768	13988	15108472
graph=web-it-2004,r=1,s=30,algo=ref,run=2	REF_peel_loop	174.97	322272	75504	0
graph=web-it-2004,r=1,s=30,algo=ref,run=2	dispatch_total	6.7307	246900	-75372	0
graph=web-it-2004,r=1,s=100,algo=ours,run=0	loadAndSort	3386.15	142168	140028	0
graph=web-it-2004,r=1,s=100,algo=ours,run=0	buildSDCT	131509	199172	57004	261000
graph=web-it-2004,r=1,s=100,algo=ours,run=0	preMutation	0.300624	199172	0	0
graph=web-it-2004,r=1,s=100,algo=ours,run=0	prepareGraph	82.7575	185596	-13576	0
graph=web-it-2004,r=1,s=100,algo=ours,run=0	dispatch_total	40.0733	211788	26192	0
graph=web-it-2004,r=1,s=100,algo=ours,run=1	loadAndSort	3407.34	142272	140048	0
graph=web-it-2004,r=1,s=100,algo=ours,run=1	buildSDCT	121891	199212	56940	261000
graph=web-it-2004,r=1,s=100,algo=ours,run=1	preMutation	0.311509	199212	0	0
graph=web-it-2004,r=1,s=100,algo=ours,run=1	prepareGraph	82.3931	185636	-13576	0
graph=web-it-2004,r=1,s=100,algo=ours,run=1	dispatch_total	40.1333	211768	26132	0
graph=web-it-2004,r=1,s=100,algo=ours,run=2	loadAndSort	3431.34	142236	140064	0
graph=web-it-2004,r=1,s=100,algo=ours,run=2	buildSDCT	120497	199176	56940	261000
graph=web-it-2004,r=1,s=100,algo=ours,run=2	preMutation	0.307925	199176	0	0
graph=web-it-2004,r=1,s=100,algo=ours,run=2	prepareGraph	84.4499	185600	-13576	0
graph=web-it-2004,r=1,s=100,algo=ours,run=2	dispatch_total	42.1194	211792	26192	0
graph=web-it-2004,r=1,s=100,algo=ref,run=0	loadAndSort	3388.86	142216	140072	0
graph=web-it-2004,r=1,s=100,algo=ref,run=0	buildSDCT	121085	226812	84596	261000
graph=web-it-2004,r=1,s=100,algo=ref,run=0	preMutation	0.346926	226812	0	0
graph=web-it-2004,r=1,s=100,algo=ref,run=0	prepareGraph	82.1137	213500	-13312	0
graph=web-it-2004,r=1,s=100,algo=ref,run=0	REF_initSupports	8.20788	213500	0	4074712
graph=web-it-2004,r=1,s=100,algo=ref,run=0	REF_heapBuild	16.4109	227224	13724	14652964
graph=web-it-2004,r=1,s=100,algo=ref,run=0	REF_peel_loop	135.046	302992	75768	0
graph=web-it-2004,r=1,s=100,algo=ref,run=0	dispatch_total	4.83871	227616	-75376	0
graph=web-it-2004,r=1,s=100,algo=ref,run=1	loadAndSort	3377.37	142260	140128	0
graph=web-it-2004,r=1,s=100,algo=ref,run=1	buildSDCT	121347	226856	84596	261000
graph=web-it-2004,r=1,s=100,algo=ref,run=1	preMutation	0.354557	226856	0	0
graph=web-it-2004,r=1,s=100,algo=ref,run=1	prepareGraph	82.2078	213540	-13316	0
graph=web-it-2004,r=1,s=100,algo=ref,run=1	REF_initSupports	8.24977	213540	0	4074712
graph=web-it-2004,r=1,s=100,algo=ref,run=1	REF_heapBuild	16.4454	227264	13724	14652964
graph=web-it-2004,r=1,s=100,algo=ref,run=1	REF_peel_loop	135.877	303032	75768	0
graph=web-it-2004,r=1,s=100,algo=ref,run=1	dispatch_total	4.8895	227656	-75376	0
graph=web-it-2004,r=1,s=100,algo=ref,run=2	loadAndSort	3029.76	142092	139940	0
graph=web-it-2004,r=1,s=100,algo=ref,run=2	buildSDCT	122222	226688	84596	261000
graph=web-it-2004,r=1,s=100,algo=ref,run=2	preMutation	0.34556	226688	0	0
graph=web-it-2004,r=1,s=100,algo=ref,run=2	prepareGraph	81.9583	213312	-13376	0
graph=web-it-2004,r=1,s=100,algo=ref,run=2	REF_initSupports	8.2604	213312	0	4074712
graph=web-it-2004,r=1,s=100,algo=ref,run=2	REF_heapBuild	16.5512	227360	14048	14652964
graph=web-it-2004,r=1,s=100,algo=ref,run=2	REF_peel_loop	135.848	302864	75504	0
graph=web-it-2004,r=1,s=100,algo=ref,run=2	dispatch_total	4.91087	227492	-75372	0
graph=web-it-2004,r=1,s=200,algo=ours,run=0	loadAndSort	3416.21	142252	140128	0
graph=web-it-2004,r=1,s=200,algo=ours,run=0	buildSDCT	113825	175880	33628	129648
graph=web-it-2004,r=1,s=200,algo=ours,run=0	preMutation	0.288935	175880	0	0
graph=web-it-2004,r=1,s=200,algo=ours,run=0	prepareGraph	82.6434	162304	-13576	0
graph=web-it-2004,r=1,s=200,algo=ours,run=0	dispatch_total	25.6301	182688	20384	0
graph=web-it-2004,r=1,s=200,algo=ours,run=1	loadAndSort	3403.95	142116	139960	0
graph=web-it-2004,r=1,s=200,algo=ours,run=1	buildSDCT	108198	175740	33624	129648
graph=web-it-2004,r=1,s=200,algo=ours,run=1	preMutation	0.298264	175740	0	0
graph=web-it-2004,r=1,s=200,algo=ours,run=1	prepareGraph	82.6655	162164	-13576	0
graph=web-it-2004,r=1,s=200,algo=ours,run=1	dispatch_total	26.0785	182548	20384	0
graph=web-it-2004,r=1,s=200,algo=ours,run=2	loadAndSort	3439.24	142200	140064	0
graph=web-it-2004,r=1,s=200,algo=ours,run=2	buildSDCT	116994	175824	33624	129648
graph=web-it-2004,r=1,s=200,algo=ours,run=2	preMutation	0.296311	175824	0	0
graph=web-it-2004,r=1,s=200,algo=ours,run=2	prepareGraph	82.3723	162248	-13576	0
graph=web-it-2004,r=1,s=200,algo=ours,run=2	dispatch_total	26.2191	182572	20324	0
graph=web-it-2004,r=1,s=200,algo=ref,run=0	loadAndSort	3402.82	142280	140168	0
graph=web-it-2004,r=1,s=200,algo=ref,run=0	buildSDCT	107369	203644	61364	129648
graph=web-it-2004,r=1,s=200,algo=ref,run=0	preMutation	0.221139	203644	0	0
graph=web-it-2004,r=1,s=200,algo=ref,run=0	prepareGraph	82.4273	190188	-13456	0
graph=web-it-2004,r=1,s=200,algo=ref,run=0	REF_initSupports	5.33738	190188	0	4074712
graph=web-it-2004,r=1,s=200,algo=ref,run=0	REF_heapBuild	17.1044	204236	14048	14455936
graph=web-it-2004,r=1,s=200,algo=ref,run=0	REF_peel_loop	108.331	279740	75504	0
graph=web-it-2004,r=1,s=200,algo=ref,run=0	dispatch_total	4.21679	204372	-75368	0
graph=web-it-2004,r=1,s=200,algo=ref,run=1	loadAndSort	3406.13	142084	139948	0
graph=web-it-2004,r=1,s=200,algo=ref,run=1	buildSDCT	107844	203448	61364	129648
graph=web-it-2004,r=1,s=200,algo=ref,run=1	preMutation	0.221187	203448	0	0
graph=web-it-2004,r=1,s=200,algo=ref,run=1	prepareGraph	82.1512	190056	-13392	0
graph=web-it-2004,r=1,s=200,algo=ref,run=1	REF_initSupports	5.46846	190056	0	4074712
graph=web-it-2004,r=1,s=200,algo=ref,run=1	REF_heapBuild	15.8738	204044	13988	14455936
graph=web-it-2004,r=1,s=200,algo=ref,run=1	REF_peel_loop	108.455	279548	75504	0
graph=web-it-2004,r=1,s=200,algo=ref,run=1	dispatch_total	4.17662	204176	-75372	0
graph=web-it-2004,r=1,s=200,algo=ref,run=2	loadAndSort	3419.59	142208	140072	0
graph=web-it-2004,r=1,s=200,algo=ref,run=2	buildSDCT	107495	203572	61364	129648
graph=web-it-2004,r=1,s=200,algo=ref,run=2	preMutation	0.220877	203572	0	0
graph=web-it-2004,r=1,s=200,algo=ref,run=2	prepareGraph	82.8797	190180	-13392	0
graph=web-it-2004,r=1,s=200,algo=ref,run=2	REF_initSupports	5.37566	190180	0	4074712
graph=web-it-2004,r=1,s=200,algo=ref,run=2	REF_heapBuild	15.856	204168	13988	14455936
graph=web-it-2004,r=1,s=200,algo=ref,run=2	REF_peel_loop	108.822	279672	75504	0
graph=web-it-2004,r=1,s=200,algo=ref,run=2	dispatch_total	4.18192	204300	-75372	0
graph=web-it-2004,r=1,s=400,algo=ours,run=0	loadAndSort	3394.84	142332	140144	0
graph=web-it-2004,r=1,s=400,algo=ours,run=0	buildSDCT	7882.79	142596	264	3120
graph=web-it-2004,r=1,s=400,algo=ours,run=0	preMutation	0.079969	142596	0	0
graph=web-it-2004,r=1,s=400,algo=ours,run=0	prepareGraph	82.2885	129020	-13576	0
graph=web-it-2004,r=1,s=400,algo=ours,run=0	dispatch_total	4.73092	132976	3956	0
graph=web-it-2004,r=1,s=400,algo=ours,run=1	loadAndSort	3408.61	142124	139952	0
graph=web-it-2004,r=1,s=400,algo=ours,run=1	buildSDCT	7849.58	142452	328	3120
graph=web-it-2004,r=1,s=400,algo=ours,run=1	preMutation	0.079292	142452	0	0
graph=web-it-2004,r=1,s=400,algo=ours,run=1	prepareGraph	82.4424	128876	-13576	0
graph=web-it-2004,r=1,s=400,algo=ours,run=1	dispatch_total	4.48382	132892	4016	0
graph=web-it-2004,r=1,s=400,algo=ours,run=2	loadAndSort	3695.12	142132	139920	0
graph=web-it-2004,r=1,s=400,algo=ours,run=2	buildSDCT	7772.02	142524	392	3120
graph=web-it-2004,r=1,s=400,algo=ours,run=2	preMutation	0.084211	142524	0	0
graph=web-it-2004,r=1,s=400,algo=ours,run=2	prepareGraph	82.4972	128948	-13576	0
graph=web-it-2004,r=1,s=400,algo=ours,run=2	dispatch_total	4.6043	132964	4016	0
graph=web-it-2004,r=1,s=400,algo=ref,run=0	loadAndSort	3415.68	142276	140136	0
graph=web-it-2004,r=1,s=400,algo=ref,run=0	buildSDCT	7851.35	170316	28040	3120
graph=web-it-2004,r=1,s=400,algo=ref,run=0	preMutation	0.089643	170316	0	0
graph=web-it-2004,r=1,s=400,algo=ref,run=0	prepareGraph	82.308	156816	-13500	0
graph=web-it-2004,r=1,s=400,algo=ref,run=0	REF_initSupports	0.570577	156816	0	4074712
graph=web-it-2004,r=1,s=400,algo=ref,run=0	REF_heapBuild	12.3968	160772	3956	14266144
graph=web-it-2004,r=1,s=400,algo=ref,run=0	REF_peel_loop	62.7372	232316	71544	0
graph=web-it-2004,r=1,s=400,algo=ref,run=0	dispatch_total	3.61569	160928	-71388	0
graph=web-it-2004,r=1,s=400,algo=ref,run=1	loadAndSort	3368.32	142208	140084	0
graph=web-it-2004,r=1,s=400,algo=ref,run=1	buildSDCT	7753.42	170248	28040	3120
graph=web-it-2004,r=1,s=400,algo=ref,run=1	preMutation	0.085879	170248	0	0
graph=web-it-2004,r=1,s=400,algo=ref,run=1	prepareGraph	82.048	156876	-13372	0
graph=web-it-2004,r=1,s=400,algo=ref,run=1	REF_initSupports	0.557216	156876	0	4074712
graph=web-it-2004,r=1,s=400,algo=ref,run=1	REF_heapBuild	12.235	160832	3956	14266144
graph=web-it-2004,r=1,s=400,algo=ref,run=1	REF_peel_loop	62.3633	232376	71544	0
graph=web-it-2004,r=1,s=400,algo=ref,run=1	dispatch_total	3.64734	160988	-71388	0
graph=web-it-2004,r=1,s=400,algo=ref,run=2	loadAndSort	3365.28	142244	140064	0
graph=web-it-2004,r=1,s=400,algo=ref,run=2	buildSDCT	7833.94	170284	28040	3120
graph=web-it-2004,r=1,s=400,algo=ref,run=2	preMutation	0.079344	170284	0	0
graph=web-it-2004,r=1,s=400,algo=ref,run=2	prepareGraph	82.3204	156916	-13368	0
graph=web-it-2004,r=1,s=400,algo=ref,run=2	REF_initSupports	0.56827	156916	0	4074712
graph=web-it-2004,r=1,s=400,algo=ref,run=2	REF_heapBuild	12.3915	160872	3956	14266144
graph=web-it-2004,r=1,s=400,algo=ref,run=2	REF_peel_loop	63.4775	232416	71544	0
graph=web-it-2004,r=1,s=400,algo=ref,run=2	dispatch_total	3.58136	161028	-71388	0
