graph,s,algo,status,wall_ms,took_ms,time_max_rss_kB,time_user_sec,time_sys_sec,time_elapsed,time_pagefaults_major,time_pagefaults_minor,time_voluntary_ctxt,time_involuntary_ctxt,time_exit_status
com-dblp,2,LOCAL_V4,OK,3222.0,384.515,110804,1.65,0.08,0:01.74,0,38673,1,3,0
com-dblp,3,LOCAL_V4,OK,3118.7,527.304,107492,1.73,0.09,0:01.84,0,37270,1,3,0
com-dblp,4,LOCAL_V4,OK,3221.7,322.266,98872,1.43,0.04,0:01.47,0,30787,1,1,0
com-dblp,5,LOCAL_V4,OK,3117.8,154.156,93964,1.02,0.06,0:01.08,0,28612,1,2,0
com-dblp,6,LOCAL_V4,OK,3221.9,128.15,91700,1.21,0.06,0:01.27,0,27388,1,2,0
com-dblp,7,LOCAL_V4,OK,3117.8,74.8765,90436,1.03,0.07,0:01.11,0,26731,1,1,0
com-dblp,8,LOCAL_V4,OK,3221.9,74.73,89364,1.13,0.06,0:01.20,0,26356,1,1,0
com-dblp,9,LOCAL_V4,OK,3117.7,50.657,89180,0.92,0.03,0:00.96,0,26141,1,1,0
com-dblp,10,LOCAL_V4,OK,3222.0,55.7309,88736,1.13,0.04,0:01.17,0,25988,1,2,0
com-dblp,11,LOCAL_V4,OK,3117.8,41.544,88768,0.90,0.06,0:00.96,0,25888,1,2,0
com-dblp,12,LOCAL_V4,OK,3222.0,46.7933,88240,1.10,0.05,0:01.16,0,25817,1,1,0
com-dblp,13,LOCAL_V4,OK,3117.7,35.7688,88348,0.92,0.03,0:00.95,0,25757,1,2,0
com-dblp,14,LOCAL_V4,OK,3222.0,41.5738,88172,1.11,0.04,0:01.15,0,25712,1,1,0
com-dblp,15,LOCAL_V4,OK,3117.9,33.0811,88388,0.92,0.04,0:00.96,0,25674,1,1,0
com-dblp,16,LOCAL_V4,OK,3221.9,39.9201,88192,1.08,0.06,0:01.15,0,25645,1,2,0
com-dblp,17,LOCAL_V4,OK,3117.7,30.9507,88152,0.89,0.05,0:00.94,0,25617,1,1,0
com-dblp,18,LOCAL_V4,OK,3222.0,37.0681,88216,1.11,0.04,0:01.15,0,25594,1,2,0
com-dblp,19,LOCAL_V4,OK,3117.9,28.0139,88140,0.92,0.04,0:00.96,0,25579,1,1,0
com-dblp,20,LOCAL_V4,OK,3221.9,33.9941,88064,1.08,0.06,0:01.14,0,25568,1,2,0
com-dblp,21,LOCAL_V4,OK,3117.8,26.7226,87968,0.89,0.05,0:00.94,0,25550,1,2,0
com-dblp,22,LOCAL_V4,OK,3222.0,33.3488,88096,1.13,0.04,0:01.17,0,25539,1,3,0
com-dblp,23,LOCAL_V4,OK,3117.9,24.9224,87896,0.93,0.02,0:00.96,0,25522,1,1,0
com-dblp,24,LOCAL_V4,OK,3221.8,30.9575,88032,1.07,0.06,0:01.14,0,25516,1,1,0
com-dblp,25,LOCAL_V4,OK,3117.7,24.348,88076,0.90,0.04,0:00.94,0,25510,1,1,0
com-dblp,26,LOCAL_V4,OK,3222.0,29.0497,87992,1.13,0.04,0:01.17,0,25501,1,2,0
com-dblp,27,LOCAL_V4,OK,3117.8,22.8677,87932,0.90,0.04,0:00.94,0,25490,1,1,0
com-dblp,28,LOCAL_V4,OK,3221.9,27.7931,87732,1.14,0.02,0:01.16,0,25478,1,2,0
com-dblp,29,LOCAL_V4,OK,3117.7,22.7801,88108,0.91,0.04,0:00.96,0,25476,1,1,0
com-dblp,30,LOCAL_V4,OK,3221.9,26.2292,87856,1.13,0.03,0:01.17,0,25466,1,1,0
com-amazon.ungraph,2,LOCAL_V4,OK,3117.7,208.235,119340,0.96,0.06,0:01.02,0,40613,1,1,0
com-amazon.ungraph,3,LOCAL_V4,OK,3222.0,279.875,107648,1.16,0.07,0:01.23,0,36528,1,3,0
com-amazon.ungraph,4,LOCAL_V4,OK,3117.7,104.021,98292,0.81,0.05,0:00.86,0,29597,1,2,0
com-amazon.ungraph,5,LOCAL_V4,OK,3221.9,38.9649,93904,0.88,0.05,0:00.94,0,27388,1,1,0
com-amazon.ungraph,6,LOCAL_V4,OK,3117.8,5.69787,91624,0.71,0.03,0:00.75,0,26350,1,1,0
com-amazon.ungraph,7,LOCAL_V4,OK,3222.0,2.51437,91228,0.94,0.07,0:01.01,0,26141,1,1,0
com-amazon.ungraph,8,LOCAL_V4,OK,3117.8,2.50812,91228,0.95,0.07,0:01.03,0,26141,1,1,0
com-amazon.ungraph,9,LOCAL_V4,OK,3222.1,2.47641,91424,0.94,0.06,0:01.00,0,26145,1,1,0
com-amazon.ungraph,10,LOCAL_V4,OK,3118.0,2.53355,91312,0.90,0.10,0:01.00,0,26144,1,2,0
com-amazon.ungraph,11,LOCAL_V4,OK,3222.0,2.50211,91152,0.96,0.06,0:01.02,0,26141,1,1,0
com-amazon.ungraph,12,LOCAL_V4,OK,3117.8,2.51358,91300,0.94,0.06,0:01.00,0,26144,1,1,0
com-amazon.ungraph,13,LOCAL_V4,OK,3222.1,2.49678,91376,0.94,0.05,0:00.99,0,26143,1,2,0
com-amazon.ungraph,14,LOCAL_V4,OK,3118.0,2.52272,91340,0.94,0.06,0:01.00,0,26143,1,2,0
com-amazon.ungraph,15,LOCAL_V4,OK,3222.0,2.48355,91064,0.96,0.06,0:01.02,0,26141,1,2,0
com-amazon.ungraph,16,LOCAL_V4,OK,3117.8,2.49482,91184,0.93,0.06,0:01.00,0,26142,1,1,0
com-amazon.ungraph,17,LOCAL_V4,OK,3222.1,2.4909,91100,0.95,0.05,0:01.00,0,26140,1,1,0
com-amazon.ungraph,18,LOCAL_V4,OK,3117.9,2.50894,91232,0.95,0.05,0:01.00,0,26145,1,1,0
com-amazon.ungraph,19,LOCAL_V4,OK,3222.0,2.49346,91104,0.93,0.06,0:00.99,0,26142,1,1,0
com-amazon.ungraph,20,LOCAL_V4,OK,3117.8,2.51529,91372,0.96,0.06,0:01.02,0,26144,1,2,0
com-amazon.ungraph,21,LOCAL_V4,OK,3222.1,2.4913,91204,0.94,0.05,0:01.00,0,26144,1,1,0
com-amazon.ungraph,22,LOCAL_V4,OK,3117.9,2.52862,91132,0.96,0.06,0:01.03,0,26142,1,1,0
com-amazon.ungraph,23,LOCAL_V4,OK,3222.0,2.49186,91260,0.94,0.05,0:00.99,0,26144,1,2,0
com-amazon.ungraph,24,LOCAL_V4,OK,3117.8,2.51201,91312,0.93,0.06,0:01.00,0,26140,1,2,0
com-amazon.ungraph,25,LOCAL_V4,OK,3222.0,2.49055,91132,0.93,0.06,0:01.00,0,26143,1,2,0
com-amazon.ungraph,26,LOCAL_V4,OK,3117.9,2.53383,91104,0.97,0.05,0:01.02,0,26142,1,1,0
com-amazon.ungraph,27,LOCAL_V4,OK,3222.0,2.49583,91324,0.95,0.06,0:01.01,0,26142,1,1,0
com-amazon.ungraph,28,LOCAL_V4,OK,3117.8,2.51851,91088,0.97,0.06,0:01.03,0,26139,1,2,0
com-amazon.ungraph,29,LOCAL_V4,OK,3222.1,2.47372,91064,0.95,0.05,0:01.00,0,26141,1,1,0
com-amazon.ungraph,30,LOCAL_V4,OK,3117.9,2.52276,91236,0.98,0.04,0:01.03,0,26141,1,1,0
twitter_combined,2,LOCAL_V4,OK,9253.3,308.059,86896,7.33,0.10,0:07.43,0,38994,1,11,0
twitter_combined,3,LOCAL_V4,OK,39411.0,24212.4,342928,37.04,0.23,0:37.28,0,156069,1,24,0
twitter_combined,4,LOCAL_V4,OK,120835.1,98759.7,1182656,118.42,1.05,1:59.48,0,576383,1,133,0
twitter_combined,5,LOCAL_V4,OK,271611.7,238737,3306668,265.60,3.99,4:29.61,0,1750137,1,215,0
twitter_combined,6,LOCAL_V4,OK,515870.0,474593,6583772,508.00,6.71,8:34.74,0,3430913,1,575,0
twitter_combined,7,LOCAL_V4,OK,868694.8,819543,8621332,859.95,8.66,14:28.63,0,4391331,1,368,0
twitter_combined,8,LOCAL_V4,OK,1173285.7,,12875700,1157.11,14.30,19:31.47,0,6857689,1,1673,0
twitter_combined,9,LOCAL_V4,OK,1333125.5,,13546088,1318.85,14.01,22:12.91,0,7525016,1,1572,0
twitter_combined,10,LOCAL_V4,OK,1486913.3,,14784124,1467.36,17.04,24:44.42,0,7904159,1,427,0
twitter_combined,11,LOCAL_V4,OK,1761339.7,,15231484,1743.94,17.23,29:21.28,0,8043872,1,3251,0
twitter_combined,12,LOCAL_V4,OK,2171502.3,,15253636,2150.78,20.47,36:11.34,0,8048900,1,1949,0
twitter_combined,13,LOCAL_V4,OK,2427856.5,,15066008,2406.78,19.91,40:26.74,0,8007458,1,667,0
twitter_combined,14,LOCAL_V4,OK,2117221.8,,14856160,2095.11,19.95,35:15.19,0,7939510,1,4130,0
twitter_combined,15,LOCAL_V4,OK,2177504.4,,14639816,2157.38,18.95,36:16.36,0,7840596,1,837,0
twitter_combined,16,LOCAL_V4,OK,2638877.7,,14272380,2616.24,22.47,43:58.85,0,7748905,1,6117,0
twitter_combined,17,LOCAL_V4,OK,2373486.0,,13949352,2355.44,17.65,39:33.08,0,7617263,1,650,0
twitter_combined,18,LOCAL_V4,OK,2026700.4,,13524524,2007.85,17.76,33:45.69,0,7480079,1,3949,0
twitter_combined,19,LOCAL_V4,OK,1728169.0,,13011320,1711.55,14.91,28:46.51,0,7332398,1,1350,0
twitter_combined,20,LOCAL_V4,OK,1761331.9,,12875344,1744.74,16.46,29:21.24,0,7177289,1,1076,0
twitter_combined,21,LOCAL_V4,OK,1420559.0,,12744240,1406.70,13.72,23:40.51,0,7030679,1,2851,0
twitter_combined,22,LOCAL_V4,OK,950118.1,888282,12744076,935.97,12.31,15:48.32,0,6897906,1,917,0
twitter_combined,23,LOCAL_V4,OK,757126.4,695044,12744292,742.67,11.56,12:34.28,0,6778197,1,1453,0
twitter_combined,24,LOCAL_V4,OK,660637.3,601167,12744300,648.67,11.76,11:00.44,0,6665701,1,232,0
twitter_combined,25,LOCAL_V4,OK,648574.4,588720,12744300,635.28,11.37,10:46.68,0,6489722,1,1181,0
twitter_combined,26,LOCAL_V4,OK,606348.4,548117,12744344,594.86,10.80,10:05.67,0,6372561,1,265,0
twitter_combined,27,LOCAL_V4,OK,594277.1,536984,12787484,583.69,10.39,9:54.11,0,6245034,1,681,0
twitter_combined,28,LOCAL_V4,OK,558089.6,499696,12743408,545.91,9.76,9:15.70,0,6113689,1,987,0
twitter_combined,29,LOCAL_V4,OK,630466.2,572559,12744656,618.29,9.45,10:27.76,0,5978098,1,302,0
web-Stanford,2,LOCAL_V4,OK,9148.3,339.722,127232,6.97,0.11,0:07.09,0,54405,1,8,0
web-Stanford,3,LOCAL_V4,OK,12163.9,2866.43,188560,9.58,0.15,0:09.73,0,91585,1,10,0
web-Stanford,4,LOCAL_V4,OK,12150.7,4278.63,255388,11.10,0.18,0:11.29,0,127034,1,13,0
web-Stanford,5,LOCAL_V4,OK,12163.6,4013.12,255880,10.76,0.20,0:10.96,0,123327,1,13,0
web-Stanford,6,LOCAL_V4,OK,12163.9,3920.23,256200,10.71,0.18,0:10.90,0,120448,1,14,0
web-Stanford,7,LOCAL_V4,OK,12163.9,3804.96,182152,10.52,0.15,0:10.68,0,90290,2,13,0
web-Stanford,8,LOCAL_V4,OK,12150.5,2874.47,150692,9.61,0.10,0:09.71,0,74705,1,15,0
web-Stanford,9,LOCAL_V4,OK,12163.9,2773.17,150144,9.44,0.10,0:09.55,0,73203,1,12,0
web-Stanford,10,LOCAL_V4,OK,12163.8,2737.3,150128,9.41,0.09,0:09.51,0,71140,1,12,0
web-Stanford,11,LOCAL_V4,OK,12164.0,2554.19,150240,9.21,0.12,0:09.33,0,69767,1,12,0
web-Stanford,12,LOCAL_V4,OK,12163.8,2630.6,121108,9.28,0.09,0:09.37,0,55952,1,12,0
web-Stanford,13,LOCAL_V4,OK,9148.2,2225.16,118496,8.87,0.09,0:08.96,0,54459,1,12,0
web-Stanford,14,LOCAL_V4,OK,9148.3,2086.05,116168,8.71,0.09,0:08.80,0,53109,1,10,0
web-Stanford,15,LOCAL_V4,OK,9148.1,1937.92,113276,8.57,0.08,0:08.65,0,51435,1,10,0
web-Stanford,16,LOCAL_V4,OK,9148.2,1778.39,107912,8.46,0.06,0:08.52,0,48648,1,10,0
web-Stanford,17,LOCAL_V4,OK,9148.3,1485.09,100684,8.10,0.05,0:08.15,0,38389,1,9,0
web-Stanford,18,LOCAL_V4,OK,9148.3,1376.99,99796,8.05,0.03,0:08.08,0,37882,2,9,0
web-Stanford,19,LOCAL_V4,OK,9148.2,1318.39,99268,8.25,0.06,0:08.32,0,37532,1,11,0
web-Stanford,20,LOCAL_V4,OK,9148.1,1259.14,98560,7.88,0.08,0:07.97,0,37152,2,11,0
web-Stanford,21,LOCAL_V4,OK,9148.2,1232.9,97752,7.82,0.06,0:07.89,0,36604,1,13,0
web-Stanford,22,LOCAL_V4,OK,9148.3,1198.9,96988,7.79,0.07,0:07.87,0,36301,1,13,0
web-Stanford,23,LOCAL_V4,OK,9148.2,1161.99,96712,7.75,0.06,0:07.81,0,36075,1,13,0
web-Stanford,24,LOCAL_V4,OK,9148.2,1134.78,96460,7.74,0.04,0:07.78,0,35897,1,13,0
web-Stanford,25,LOCAL_V4,OK,9148.2,1112.04,95740,7.72,0.05,0:07.78,0,35623,1,13,0
web-Stanford,26,LOCAL_V4,OK,9148.3,1106.76,95412,7.67,0.08,0:07.76,0,35482,2,10,0
web-Stanford,27,LOCAL_V4,OK,9148.2,1092.76,95468,7.74,0.04,0:07.79,0,35373,1,8,0
web-Stanford,28,LOCAL_V4,OK,9148.1,1214.13,95292,7.80,0.09,0:07.89,0,35225,2,8,0
web-Stanford,29,LOCAL_V4,OK,9148.2,1171.95,94852,7.76,0.06,0:07.83,0,34944,1,9,0
web-Stanford,30,LOCAL_V4,OK,9148.1,1024.41,94352,7.65,0.05,0:07.71,0,31602,1,6,0
web-Stanford,31,LOCAL_V4,OK,9148.3,1021.51,93732,7.63,0.07,0:07.70,0,31371,1,6,0
twitter_combined,30,LOCAL_V4,OK,546170.8,492302,8480624,536.96,7.01,9:03.99,0,4266925,1,906,0
web-Stanford,32,LOCAL_V4,OK,9253.8,965.067,93520,7.57,0.07,0:07.64,0,31123,2,7,0
web-Stanford,33,LOCAL_V4,OK,9253.8,1019.99,92836,7.99,0.06,0:08.05,0,30801,1,14,0
web-Stanford,34,LOCAL_V4,OK,9253.8,907.053,92500,7.49,0.04,0:07.53,0,30630,1,9,0
web-Stanford,35,LOCAL_V4,OK,9253.8,975.554,92200,7.58,0.03,0:07.61,0,30508,1,19,0
web-Stanford,36,LOCAL_V4,OK,9253.7,964.852,92428,7.54,0.05,0:07.59,0,30424,1,8,0
web-Stanford,37,LOCAL_V4,OK,9253.8,832.455,92204,7.39,0.06,0:07.45,0,30347,1,8,0
web-Stanford,38,LOCAL_V4,OK,9253.8,821.533,91940,7.39,0.05,0:07.44,0,30239,1,17,0
web-Stanford,39,LOCAL_V4,OK,9253.7,554.803,91696,7.13,0.04,0:07.17,0,30090,1,16,0
web-Stanford,40,LOCAL_V4,OK,9253.9,535.903,91636,7.09,0.05,0:07.15,0,30018,1,14,0
web-Stanford,41,LOCAL_V4,OK,9253.8,538.724,91156,7.09,0.05,0:07.15,0,29919,1,16,0
web-Stanford,42,LOCAL_V4,OK,9253.6,506.407,91224,7.07,0.04,0:07.11,0,29750,1,11,0
web-Stanford,43,LOCAL_V4,OK,9253.8,463.18,90484,7.02,0.05,0:07.07,0,29450,1,17,0
web-Stanford,44,LOCAL_V4,OK,9253.9,422.313,90224,6.96,0.07,0:07.04,0,29127,1,10,0
web-Stanford,45,LOCAL_V4,OK,9253.8,375.068,89628,7.00,0.02,0:07.03,0,28814,1,19,0
web-Stanford,46,LOCAL_V4,OK,9253.8,342.715,89456,6.95,0.02,0:06.98,0,28622,1,13,0
web-Stanford,47,LOCAL_V4,OK,9254.0,331.082,89084,6.93,0.04,0:06.98,0,28520,1,19,0
web-Stanford,48,LOCAL_V4,OK,9253.9,315.535,88936,6.87,0.04,0:06.91,0,28397,1,15,0
web-Stanford,49,LOCAL_V4,OK,9253.9,291.222,88348,6.84,0.05,0:06.89,0,28211,1,16,0
web-Stanford,50,LOCAL_V4,OK,9253.8,245.75,88116,6.78,0.05,0:06.84,0,27907,1,10,0
web-Stanford,51,LOCAL_V4,OK,9253.9,167.88,87280,6.76,0.04,0:06.81,0,27402,1,16,0
web-Stanford,52,LOCAL_V4,OK,9253.8,86.4487,86280,6.67,0.04,0:06.72,0,26878,1,13,0
web-Stanford,53,LOCAL_V4,OK,9253.9,33.9916,86032,6.65,0.05,0:06.70,0,26554,1,11,0
web-Stanford,54,LOCAL_V4,OK,9253.7,18.1691,85880,6.56,0.05,0:06.62,0,26452,1,12,0
web-Stanford,55,LOCAL_V4,OK,9253.9,12.3499,85472,6.60,0.04,0:06.64,0,26410,1,21,0
web-Stanford,56,LOCAL_V4,OK,9254.0,7.79887,85692,6.57,0.03,0:06.61,0,26387,1,9,0
web-Stanford,57,LOCAL_V4,OK,9254.0,5.32528,85304,6.60,0.03,0:06.64,0,26371,1,22,0
web-Stanford,58,LOCAL_V4,OK,9253.8,4.28105,85484,6.55,0.04,0:06.59,0,26369,1,6,0
web-Stanford,59,LOCAL_V4,OK,9253.9,3.32703,85440,6.64,0.04,0:06.69,0,26362,1,12,0
web-Stanford,60,LOCAL_V4,OK,9254.0,2.77358,85220,6.64,0.05,0:06.69,0,26360,1,7,0
web-Stanford,61,LOCAL_V4,OK,9254.0,1.95468,85220,6.67,0.04,0:06.72,0,26357,1,14,0
web-Google,2,LOCAL_V4,OK,6133.5,1087.08,323244,5.69,0.20,0:05.89,0,141766,1,7,0
web-Google,3,LOCAL_V4,OK,9253.0,2481.45,325768,7.19,0.23,0:07.43,0,145414,2,23,0
web-Google,4,LOCAL_V4,OK,9149.3,2158.09,302596,7.12,0.22,0:07.35,0,137121,1,12,0
web-Google,5,LOCAL_V4,OK,9252.9,1797.3,292988,6.45,0.19,0:06.65,0,132247,1,22,0
web-Google,6,LOCAL_V4,OK,9149.2,1469.08,282212,6.14,0.20,0:06.35,0,127581,1,10,0
web-Google,7,LOCAL_V4,OK,6237.3,1266.38,276372,5.88,0.15,0:06.04,0,112010,1,14,0
web-Google,8,LOCAL_V4,OK,6133.4,1111.05,271260,5.75,0.16,0:05.91,0,109119,1,7,0
web-Google,9,LOCAL_V4,OK,6237.3,942.134,264284,5.52,0.15,0:05.67,0,105870,1,22,0
web-Google,10,LOCAL_V4,OK,6133.4,768.517,259736,5.29,0.15,0:05.45,0,103225,1,7,0
web-Google,11,LOCAL_V4,OK,6237.3,634.742,255192,5.14,0.17,0:05.31,0,94646,1,18,0
web-Google,12,LOCAL_V4,OK,6133.5,520.332,250840,5.11,0.14,0:05.25,0,92319,1,7,0
web-Google,13,LOCAL_V4,OK,6237.0,410.426,247860,4.87,0.16,0:05.04,0,90534,1,14,0
web-Google,14,LOCAL_V4,OK,6133.3,317.622,244688,4.84,0.09,0:04.93,0,86066,1,7,0
web-Google,15,LOCAL_V4,OK,6237.4,243.853,242276,4.72,0.12,0:04.84,0,85496,1,16,0
web-Google,16,LOCAL_V4,OK,6133.6,173.124,240140,4.72,0.13,0:04.86,0,84985,1,8,0
web-Google,17,LOCAL_V4,OK,6237.3,122.874,238680,4.60,0.13,0:04.75,0,84634,1,14,0
web-Google,18,LOCAL_V4,OK,6133.6,83.4547,237552,4.59,0.17,0:04.77,0,84349,1,6,0
web-Google,19,LOCAL_V4,OK,6237.4,57.645,236816,4.52,0.14,0:04.66,0,84151,1,17,0
web-Google,20,LOCAL_V4,OK,6133.5,38.532,236372,4.48,0.14,0:04.62,0,84017,1,5,0
web-Google,21,LOCAL_V4,OK,6237.4,27.2139,236168,4.47,0.17,0:04.65,0,83931,1,10,0
web-Google,22,LOCAL_V4,OK,6133.5,20.8647,235876,4.46,0.14,0:04.61,0,83881,1,5,0
web-Google,23,LOCAL_V4,OK,6237.3,16.2748,235812,4.58,0.16,0:04.74,0,83853,1,13,0
web-Google,24,LOCAL_V4,OK,6133.5,14.4336,235832,4.50,0.14,0:04.65,0,83846,1,6,0
web-Google,25,LOCAL_V4,OK,6237.2,14.9792,235496,4.60,0.11,0:04.72,0,83837,1,13,0
web-Google,26,LOCAL_V4,OK,6133.6,13.0891,235344,4.54,0.14,0:04.68,0,83826,1,7,0
web-Google,27,LOCAL_V4,OK,6237.4,12.1696,235444,4.51,0.15,0:04.66,0,83819,1,11,0
web-Google,28,LOCAL_V4,OK,6133.6,11.5461,235416,4.49,0.11,0:04.61,0,83820,1,7,0
web-Google,29,LOCAL_V4,OK,6237.4,10.9751,235524,4.58,0.13,0:04.71,0,83817,1,11,0
web-Google,30,LOCAL_V4,OK,6133.6,10.7342,235464,4.51,0.12,0:04.63,0,83814,1,5,0
web-Google,31,LOCAL_V4,OK,6237.4,10.6338,235596,4.53,0.10,0:04.64,0,83815,1,12,0
web-Google,32,LOCAL_V4,OK,6133.6,10.3609,235384,4.46,0.13,0:04.60,0,83810,1,6,0
web-Google,33,LOCAL_V4,OK,6237.3,10.2469,235548,4.49,0.14,0:04.63,0,83815,1,8,0
web-Google,34,LOCAL_V4,OK,6133.6,10.0989,235336,4.49,0.13,0:04.62,0,83811,1,6,0
web-Google,35,LOCAL_V4,OK,6237.5,7.56628,235500,4.48,0.12,0:04.61,0,83811,1,6,0
web-Google,36,LOCAL_V4,OK,6133.6,7.51102,235420,4.47,0.12,0:04.60,0,83811,1,6,0
web-Google,37,LOCAL_V4,OK,6237.4,6.71101,235568,4.48,0.11,0:04.60,0,83808,1,21,0
web-Google,38,LOCAL_V4,OK,6133.6,5.02701,235484,4.53,0.16,0:04.69,0,83801,1,6,0
web-Google,39,LOCAL_V4,OK,6237.3,4.63979,235688,4.53,0.09,0:04.63,0,83801,1,12,0
web-Google,40,LOCAL_V4,OK,6133.6,4.44642,235504,4.44,0.14,0:04.59,0,83798,1,7,0
com-youtube,2,LOCAL_V4,OK,6237.4,944.7,402656,5.67,0.23,0:05.90,0,143018,1,14,0
com-youtube,3,LOCAL_V4,OK,15285.5,10110.5,375220,14.93,0.21,0:15.15,0,137425,1,25,0
com-youtube,4,LOCAL_V4,OK,21316.9,15568.2,383344,20.58,0.22,0:20.81,0,143557,1,30,0
com-youtube,5,LOCAL_V4,OK,18301.2,11412.6,373124,16.60,0.20,0:16.81,0,139931,1,13,0
com-youtube,6,LOCAL_V4,OK,18293.1,10251.7,349560,15.12,0.16,0:15.29,0,129949,1,17,0
com-youtube,7,LOCAL_V4,OK,12156.8,6162.43,330884,10.92,0.17,0:11.10,0,108227,1,10,0
com-youtube,8,LOCAL_V4,OK,9253.2,3888.9,317592,8.92,0.13,0:09.05,0,100902,1,19,0
com-youtube,9,LOCAL_V4,OK,9149.2,2389.91,306244,7.09,0.11,0:07.21,0,90193,1,8,0
com-youtube,10,LOCAL_V4,OK,6237.4,1072.55,298732,5.72,0.13,0:05.86,0,88312,1,11,0
com-youtube,11,LOCAL_V4,OK,6133.7,519.447,294288,5.16,0.16,0:05.33,0,87187,1,6,0
com-youtube,12,LOCAL_V4,OK,6237.5,170.005,291756,4.77,0.12,0:04.89,0,86547,1,6,0
com-youtube,13,LOCAL_V4,OK,6133.6,66.4875,290620,4.67,0.12,0:04.80,0,86270,1,6,0
com-youtube,14,LOCAL_V4,OK,6237.4,19.1788,290320,4.71,0.14,0:04.85,0,86151,1,10,0
com-youtube,15,LOCAL_V4,OK,6133.6,7.51079,290260,4.63,0.11,0:04.75,0,86113,1,6,0
com-youtube,16,LOCAL_V4,OK,6237.4,5.96067,290004,4.64,0.15,0:04.79,0,86104,1,5,0
com-youtube,17,LOCAL_V4,OK,6133.6,5.54167,289828,4.58,0.18,0:04.76,0,86102,1,6,0
web-it-2004,2,LOCAL_V4,OK,132892.9,5606.52,279416,131.69,0.21,2:11.91,0,132131,1,292,0
web-it-2004,3,LOCAL_V4,OK,138925.1,11710.5,276668,137.82,0.24,2:18.07,0,131091,1,165,0
web-it-2004,4,LOCAL_V4,OK,138925.1,11709.9,262736,138.14,0.19,2:18.34,0,127625,1,270,0
web-it-2004,5,LOCAL_V4,OK,138925.2,11625.7,260988,138.37,0.22,2:18.60,0,126974,1,249,0
web-it-2004,6,LOCAL_V4,OK,138912.1,11639.8,259068,136.82,0.19,2:17.02,0,126315,1,332,0
web-it-2004,7,LOCAL_V4,OK,138912.0,11696.1,254052,138.09,0.27,2:18.36,0,125538,2,210,0
web-it-2004,8,LOCAL_V4,OK,138925.4,11644.5,251544,136.90,0.21,2:17.11,0,124648,1,163,0
web-it-2004,9,LOCAL_V4,OK,141940.2,11785.2,248320,139.38,0.21,2:19.60,0,123634,1,330,0
web-it-2004,10,LOCAL_V4,OK,141941.5,15671.6,244920,141.72,0.18,2:21.91,0,122426,1,204,0
web-it-2004,11,LOCAL_V4,OK,138925.7,13479.3,240644,138.24,0.19,2:18.44,0,119364,1,273,0
web-it-2004,12,LOCAL_V4,OK,141941.3,13214.8,240476,139.14,0.20,2:19.35,0,118084,1,165,0
web-it-2004,13,LOCAL_V4,OK,138925.8,12909.8,240600,138.51,0.17,2:18.69,0,116705,1,373,0
web-it-2004,14,LOCAL_V4,OK,138925.9,13080,240728,137.84,0.22,2:18.07,0,115212,1,163,0
web-it-2004,15,LOCAL_V4,OK,141941.5,13156.6,240704,139.38,0.18,2:19.57,0,113601,1,361,0
web-it-2004,16,LOCAL_V4,OK,138925.6,12650,240812,137.53,0.20,2:17.73,0,111439,1,206,0
web-it-2004,17,LOCAL_V4,OK,141940.0,12621.1,203504,140.33,0.19,2:20.54,0,95266,1,276,0
web-it-2004,18,LOCAL_V4,OK,138925.0,12336.4,200620,138.36,0.18,2:18.55,0,93884,1,199,0
web-it-2004,19,LOCAL_V4,OK,141940.5,12664.7,199400,139.14,0.15,2:19.30,0,93007,1,233,0
web-it-2004,20,LOCAL_V4,OK,138924.9,12385.2,198260,138.52,0.21,2:18.74,0,92487,1,166,0
web-it-2004,21,LOCAL_V4,OK,141940.6,12603.7,197556,139.06,0.19,2:19.26,0,92111,1,261,0
web-it-2004,22,LOCAL_V4,OK,138925.5,12649.7,196856,138.59,0.18,2:18.78,0,91776,1,164,0
web-it-2004,23,LOCAL_V4,OK,138925.4,12545.5,196684,137.45,0.17,2:17.63,0,91631,1,277,0
web-it-2004,24,LOCAL_V4,OK,138925.5,12461.6,196580,138.62,0.14,2:18.77,0,91510,1,165,0
web-it-2004,25,LOCAL_V4,OK,138925.5,12196.9,196408,138.17,0.18,2:18.36,0,91390,1,336,0
web-it-2004,26,LOCAL_V4,OK,138905.3,12533.2,196244,137.51,0.15,2:17.66,0,91288,1,192,0
web-it-2004,27,LOCAL_V4,OK,141921.0,12420.7,196052,138.75,0.19,2:18.95,0,91178,1,303,0
web-it-2004,28,LOCAL_V4,OK,138925.6,12368.7,195808,138.41,0.18,2:18.60,0,91064,1,208,0
web-it-2004,29,LOCAL_V4,OK,138925.6,12469.6,195764,138.73,0.17,2:18.92,0,90955,1,287,0
web-it-2004,30,LOCAL_V4,OK,138924.3,12385.4,195516,137.58,0.19,2:17.78,0,90838,1,234,0
web-it-2004,31,LOCAL_V4,OK,138925.8,12344.6,195288,138.12,0.18,2:18.30,0,90721,1,180,0
web-it-2004,32,LOCAL_V4,OK,141941.4,12430,195212,139.04,0.19,2:19.24,0,90632,1,342,0
web-it-2004,33,LOCAL_V4,OK,138925.7,12444.6,195056,137.66,0.19,2:17.86,0,90555,1,163,0
web-it-2004,34,LOCAL_V4,OK,141941.8,12457,194904,138.94,0.22,2:19.17,0,90472,1,368,0
web-it-2004,35,LOCAL_V4,OK,138926.3,12409.7,194804,138.69,0.17,2:18.88,0,90392,1,170,0
web-it-2004,36,LOCAL_V4,OK,138915.8,12511.2,194684,138.68,0.16,2:18.85,0,90305,1,416,0
web-it-2004,37,LOCAL_V4,OK,138915.8,12430.9,194288,138.23,0.15,2:18.39,0,90224,1,165,0
web-it-2004,38,LOCAL_V4,OK,138925.7,12343,194144,137.92,0.16,2:18.09,0,90160,1,420,0
web-it-2004,39,LOCAL_V4,OK,138925.8,12316,193936,137.52,0.13,2:17.65,0,90099,1,163,0
web-it-2004,40,LOCAL_V4,OK,138924.2,12191.4,193744,138.39,0.16,2:18.56,0,90041,1,424,0
web-it-2004,41,LOCAL_V4,OK,138924.3,12092.4,193924,138.57,0.17,2:18.75,0,89990,1,166,0
web-it-2004,42,LOCAL_V4,OK,138925.8,12114.6,193792,138.30,0.16,2:18.48,0,89937,1,410,0
web-it-2004,43,LOCAL_V4,OK,138925.8,12151.3,193692,138.13,0.16,2:18.29,0,89881,1,210,0
web-it-2004,44,LOCAL_V4,OK,138916.0,12220,193716,138.05,0.19,2:18.24,0,89825,1,265,0
web-it-2004,45,LOCAL_V4,OK,138916.1,12176.9,193636,138.10,0.16,2:18.27,0,89769,1,320,0
web-it-2004,46,LOCAL_V4,OK,138926.0,12202,193396,138.70,0.17,2:18.88,0,89709,1,293,0
web-it-2004,47,LOCAL_V4,OK,138925.9,12105.8,193236,137.00,0.15,2:17.16,0,89648,1,282,0
web-it-2004,48,LOCAL_V4,OK,138908.6,12034.9,193368,138.24,0.18,2:18.43,0,89584,1,317,0
web-it-2004,49,LOCAL_V4,OK,138908.6,12161.5,193312,138.27,0.14,2:18.42,0,89529,1,170,0
web-it-2004,50,LOCAL_V4,OK,138925.3,12066.4,192876,137.37,0.19,2:17.57,0,89431,1,217,0
web-it-2004,51,LOCAL_V4,OK,138925.5,12076.3,192796,136.86,0.13,2:17.00,0,89366,1,298,0
web-it-2004,52,LOCAL_V4,OK,138926.1,12090.3,192968,138.59,0.18,2:18.78,0,89306,1,200,0
web-it-2004,53,LOCAL_V4,OK,138926.2,12159.9,192808,136.92,0.19,2:17.12,0,89241,1,391,0
web-it-2004,54,LOCAL_V4,OK,138923.6,12055.3,192728,138.64,0.15,2:18.80,0,89174,1,280,0
web-it-2004,55,LOCAL_V4,OK,138923.5,11998.8,192544,137.73,0.15,2:17.89,0,89108,1,330,0
web-it-2004,56,LOCAL_V4,OK,138925.6,11988,192228,138.41,0.17,2:18.60,0,89041,1,354,0
web-it-2004,57,LOCAL_V4,OK,138925.6,11942.9,192220,137.74,0.17,2:17.91,0,88972,1,164,0
web-it-2004,58,LOCAL_V4,OK,138925.1,11944.8,191964,138.09,0.13,2:18.23,0,88906,1,312,0
web-it-2004,59,LOCAL_V4,OK,138925.3,11967.1,191792,137.65,0.15,2:17.81,0,88838,1,402,0
web-it-2004,60,LOCAL_V4,OK,138925.9,12016,191772,138.11,0.17,2:18.29,0,88777,1,203,0
web-it-2004,61,LOCAL_V4,OK,138925.8,11904.6,191656,137.96,0.20,2:18.16,0,88711,1,348,0
web-it-2004,62,LOCAL_V4,OK,138925.7,11966.3,191580,138.14,0.14,2:18.28,0,88643,1,197,0
web-it-2004,63,LOCAL_V4,OK,138925.8,11884,191540,137.60,0.18,2:17.79,0,88584,1,416,0
web-it-2004,64,LOCAL_V4,OK,138916.2,11887.8,191436,138.56,0.15,2:18.71,0,88552,1,184,0
web-it-2004,65,LOCAL_V4,OK,138916.2,11912.2,191528,137.14,0.16,2:17.31,0,88525,1,417,0
web-it-2004,66,LOCAL_V4,OK,138925.7,11932.2,191360,138.39,0.17,2:18.56,0,88503,1,388,0
web-it-2004,67,LOCAL_V4,OK,138925.7,11919.3,191544,137.42,0.12,2:17.55,0,88481,1,200,0
web-it-2004,68,LOCAL_V4,OK,138924.3,11924.3,191496,138.07,0.16,2:18.24,0,88454,1,164,0
web-it-2004,69,LOCAL_V4,OK,138924.2,11917,191512,137.09,0.17,2:17.28,0,88435,1,422,0
web-it-2004,70,LOCAL_V4,OK,138925.9,11876.1,191436,137.74,0.15,2:17.91,0,88415,1,261,0
web-it-2004,71,LOCAL_V4,OK,138925.9,11866.8,191456,137.76,0.14,2:17.91,0,88390,1,288,0
web-it-2004,72,LOCAL_V4,OK,138916.1,11860,191380,137.90,0.20,2:18.11,0,88370,1,165,0
web-it-2004,73,LOCAL_V4,OK,138916.2,11885.2,191492,137.77,0.23,2:18.02,0,88351,1,392,0
web-it-2004,74,LOCAL_V4,OK,138926.3,11882.9,191276,138.46,0.13,2:18.61,0,88324,1,231,0
web-it-2004,75,LOCAL_V4,OK,138926.2,11849.1,191512,137.86,0.20,2:18.07,0,88300,1,292,0
web-it-2004,76,LOCAL_V4,OK,138908.2,11913.9,191604,136.63,0.16,2:16.79,0,88280,1,246,0
web-it-2004,77,LOCAL_V4,OK,138908.3,11847.1,191576,138.12,0.17,2:18.30,0,88252,1,267,0
web-it-2004,78,LOCAL_V4,OK,138926.3,11804,191532,137.95,0.13,2:18.09,0,88231,1,327,0
web-it-2004,79,LOCAL_V4,OK,138926.3,11847,191384,137.85,0.17,2:18.03,0,88205,1,166,0
web-it-2004,80,LOCAL_V4,OK,138914.0,11778,191460,138.17,0.17,2:18.36,0,88184,1,347,0
web-it-2004,81,LOCAL_V4,OK,138913.9,11789.2,191620,137.04,0.18,2:17.23,0,88158,1,172,0
web-it-2004,82,LOCAL_V4,OK,138925.7,11750.4,191488,138.06,0.19,2:18.26,0,88136,1,357,0
web-it-2004,83,LOCAL_V4,OK,138925.6,11769.3,191500,137.45,0.18,2:17.64,0,88109,1,190,0
web-it-2004,84,LOCAL_V4,OK,138911.2,11738.7,191440,137.88,0.17,2:18.06,0,88084,1,249,0
web-it-2004,85,LOCAL_V4,OK,138911.4,11801.4,191396,136.51,0.16,2:16.67,0,88058,1,355,0
web-it-2004,86,LOCAL_V4,OK,138925.8,11766,191540,137.71,0.17,2:17.89,0,88036,1,275,0
web-it-2004,87,LOCAL_V4,OK,138925.8,11769.5,191504,137.88,0.19,2:18.08,0,88011,1,304,0
web-it-2004,88,LOCAL_V4,OK,138925.6,11758.5,191532,137.71,0.18,2:17.90,0,87985,1,165,0
web-it-2004,89,LOCAL_V4,OK,138925.9,11753.6,191396,138.08,0.15,2:18.25,0,87958,1,355,0
web-it-2004,90,LOCAL_V4,OK,138926.4,11717.9,191456,137.77,0.16,2:17.94,0,87930,1,245,0
web-it-2004,91,LOCAL_V4,OK,138926.3,11690.4,191544,136.44,0.18,2:16.64,0,87906,1,319,0
web-it-2004,92,LOCAL_V4,OK,138926.3,11703.7,191492,138.14,0.15,2:18.30,0,87876,1,250,0
web-it-2004,93,LOCAL_V4,OK,138926.2,11667.8,191372,137.32,0.14,2:17.47,0,87848,1,325,0
web-it-2004,94,LOCAL_V4,OK,138926.2,11664.4,191396,138.08,0.15,2:18.24,0,87820,1,270,0
web-it-2004,95,LOCAL_V4,OK,138926.0,11711.2,191576,136.62,0.17,2:16.80,0,87800,1,327,0
web-it-2004,96,LOCAL_V4,OK,138926.0,11647.3,191452,137.80,0.15,2:17.97,0,87769,1,430,0
web-it-2004,97,LOCAL_V4,OK,138926.2,11682.2,191532,136.92,0.14,2:17.07,0,87740,1,209,0
web-it-2004,98,LOCAL_V4,OK,138926.4,11658.2,191512,137.72,0.18,2:17.91,0,87711,1,334,0
web-it-2004,99,LOCAL_V4,OK,138926.5,11646.8,191648,137.66,0.14,2:17.81,0,87678,1,253,0
web-it-2004,100,LOCAL_V4,OK,138926.4,11622,191544,137.80,0.17,2:17.99,0,87653,1,325,0
web-it-2004,101,LOCAL_V4,OK,138926.5,11602.3,191472,137.84,0.18,2:18.03,0,87623,1,285,0
web-it-2004,102,LOCAL_V4,OK,138926.5,11698.3,191468,137.75,0.18,2:17.93,0,87589,1,184,0
web-it-2004,103,LOCAL_V4,OK,138926.6,11647.2,191416,136.51,0.17,2:16.69,0,87564,1,324,0
web-it-2004,104,LOCAL_V4,OK,138926.3,11617.3,191536,138.51,0.16,2:18.68,0,87536,1,184,0
web-it-2004,105,LOCAL_V4,OK,138926.1,11582.8,191496,136.76,0.17,2:16.93,0,87503,1,288,0
web-it-2004,106,LOCAL_V4,OK,138926.2,11515.4,191412,138.22,0.14,2:18.37,0,87470,1,232,0
web-it-2004,107,LOCAL_V4,OK,138926.3,11572.1,191576,136.90,0.13,2:17.03,0,87441,1,285,0
web-it-2004,108,LOCAL_V4,OK,138926.4,11538.2,191628,136.75,0.18,2:16.94,0,87410,1,371,0
web-it-2004,109,LOCAL_V4,OK,138926.3,11533.3,191388,137.40,0.19,2:17.59,0,87375,1,176,0
web-it-2004,110,LOCAL_V4,OK,138922.4,11523.5,191636,138.01,0.15,2:18.17,0,87347,1,252,0
web-it-2004,111,LOCAL_V4,OK,138922.6,11516.6,191464,137.62,0.21,2:17.84,0,87312,1,401,0
web-it-2004,112,LOCAL_V4,OK,138925.7,11454,191560,137.11,0.15,2:17.27,0,87283,1,203,0
web-it-2004,113,LOCAL_V4,OK,138925.6,11454.7,191520,136.95,0.13,2:17.09,0,87245,1,362,0
web-it-2004,114,LOCAL_V4,OK,138918.5,11478.5,191576,136.38,0.13,2:16.52,0,87217,1,186,0
web-it-2004,115,LOCAL_V4,OK,138916.8,11486.2,191596,137.69,0.19,2:17.89,0,87184,1,420,0
web-it-2004,116,LOCAL_V4,OK,138924.3,11410,191616,138.13,0.14,2:18.28,0,87150,1,166,0
web-it-2004,117,LOCAL_V4,OK,138926.3,11441.3,191488,137.34,0.13,2:17.48,0,87114,1,306,0
web-it-2004,118,LOCAL_V4,OK,138926.2,11420,191400,137.91,0.15,2:18.07,0,87083,1,374,0
web-it-2004,119,LOCAL_V4,OK,138926.3,11391.6,191600,136.21,0.12,2:16.34,0,87048,1,249,0
web-it-2004,120,LOCAL_V4,OK,138926.3,11341.8,191528,137.83,0.14,2:17.98,0,87012,1,198,0
web-it-2004,121,LOCAL_V4,OK,138926.5,11339.3,191540,137.48,0.14,2:17.64,0,86973,2,463,0
web-it-2004,122,LOCAL_V4,OK,138926.4,11340.3,191488,137.51,0.15,2:17.67,0,86943,1,164,0
web-it-2004,123,LOCAL_V4,OK,138926.3,11341.2,191536,138.41,0.13,2:18.55,0,86905,1,442,0
web-it-2004,124,LOCAL_V4,OK,138926.2,11275.8,191296,137.38,0.17,2:17.57,0,86870,1,166,0
web-it-2004,125,LOCAL_V4,OK,138926.2,11293.3,191368,136.98,0.21,2:17.20,0,86835,1,398,0
web-it-2004,126,LOCAL_V4,OK,138923.3,11232.6,191452,138.38,0.14,2:18.52,0,86799,1,179,0
web-it-2004,127,LOCAL_V4,OK,138923.2,11277,191408,136.96,0.19,2:17.16,0,86763,1,484,0
web-it-2004,128,LOCAL_V4,OK,138925.7,11217.8,191336,138.41,0.13,2:18.55,0,86726,1,237,0
web-it-2004,129,LOCAL_V4,OK,138925.8,11333,191448,137.73,0.12,2:17.85,0,86687,1,198,0
web-it-2004,130,LOCAL_V4,OK,138916.9,11215.7,191440,137.83,0.17,2:18.00,0,86653,1,219,0
web-it-2004,131,LOCAL_V4,OK,138917.1,11213.8,191580,137.58,0.13,2:17.72,0,86615,1,247,0
web-it-2004,132,LOCAL_V4,OK,141942.0,11189.7,191328,139.49,0.16,2:19.65,0,86576,1,278,0
web-it-2004,133,LOCAL_V4,OK,138926.3,11218,191440,136.23,0.16,2:16.41,0,86533,1,295,0
web-it-2004,134,LOCAL_V4,OK,138926.4,11178.2,191472,137.41,0.17,2:17.60,0,86498,1,304,0
web-it-2004,135,LOCAL_V4,OK,138926.4,11094.6,191592,137.87,0.16,2:18.04,0,86464,1,179,0
web-it-2004,136,LOCAL_V4,OK,138922.3,11138,191512,137.35,0.17,2:17.53,0,86420,1,384,0
web-it-2004,137,LOCAL_V4,OK,138922.2,11116.4,191656,136.81,0.15,2:16.97,0,86389,1,169,0
web-it-2004,138,LOCAL_V4,OK,138925.7,11053.2,191572,137.47,0.21,2:17.69,0,86350,1,279,0
web-it-2004,139,LOCAL_V4,OK,138925.8,11054.1,191568,137.20,0.17,2:17.37,0,86310,1,216,0
web-it-2004,140,LOCAL_V4,OK,138925.0,11018.3,191572,137.53,0.14,2:17.68,0,86274,1,234,0
web-it-2004,141,LOCAL_V4,OK,138924.9,11004.2,191528,137.01,0.19,2:17.20,0,86229,1,264,0
web-it-2004,142,LOCAL_V4,OK,138925.6,10978.2,191652,137.40,0.13,2:17.54,0,86193,1,245,0
web-it-2004,143,LOCAL_V4,OK,138925.8,10947.4,187528,136.48,0.18,2:16.67,0,80003,1,293,0
web-it-2004,144,LOCAL_V4,OK,138925.8,10933.2,187540,137.96,0.15,2:18.12,0,79965,1,202,0
web-it-2004,145,LOCAL_V4,OK,138925.7,10923.9,187636,137.27,0.15,2:17.44,0,79923,1,322,0
web-it-2004,146,LOCAL_V4,OK,138916.5,10950,187452,137.05,0.17,2:17.23,0,79886,1,166,0
web-it-2004,147,LOCAL_V4,OK,138916.4,10871.8,186980,136.22,0.15,2:16.38,0,79829,1,363,0
web-it-2004,148,LOCAL_V4,OK,138925.8,10845.6,186976,137.42,0.17,2:17.60,0,79787,1,165,0
web-it-2004,149,LOCAL_V4,OK,138925.7,10891.7,186920,136.99,0.14,2:17.14,0,79748,1,423,0
web-it-2004,150,LOCAL_V4,OK,138924.3,10799.5,187100,137.57,0.17,2:17.74,0,79708,1,207,0
web-it-2004,151,LOCAL_V4,OK,138924.3,10768.3,186856,137.20,0.13,2:17.34,0,79662,1,344,0
web-it-2004,152,LOCAL_V4,OK,135910.0,10759.1,186536,135.62,0.17,2:15.79,0,79620,1,173,0
web-it-2004,153,LOCAL_V4,OK,138925.8,10707.6,186776,137.25,0.13,2:17.39,0,79576,1,409,0
web-it-2004,154,LOCAL_V4,OK,135900.6,10669.6,186816,135.56,0.14,2:15.70,0,79539,1,163,0
web-it-2004,155,LOCAL_V4,OK,138916.3,10675.3,186600,136.27,0.13,2:16.42,0,79495,1,461,0
web-it-2004,156,LOCAL_V4,OK,138921.0,10645,186544,137.49,0.12,2:17.62,0,79450,1,294,0
web-it-2004,157,LOCAL_V4,OK,138921.0,10627.8,186572,136.72,0.17,2:16.90,0,79410,1,335,0
web-it-2004,158,LOCAL_V4,OK,138913.5,10628.4,186360,136.94,0.15,2:17.10,0,79363,1,165,0
web-it-2004,159,LOCAL_V4,OK,138913.5,10556.3,186456,136.65,0.17,2:16.83,0,79322,1,419,0
web-it-2004,160,LOCAL_V4,OK,138926.1,10629.8,186332,137.44,0.15,2:17.60,0,79278,1,273,0
web-it-2004,161,LOCAL_V4,OK,138926.0,10532.5,186276,136.31,0.15,2:16.47,0,79232,1,163,0
web-it-2004,162,LOCAL_V4,OK,138925.1,10506.9,186156,137.05,0.28,2:17.34,0,116198,1,312,0
web-it-2004,163,LOCAL_V4,OK,135909.6,10464.3,186092,135.54,0.15,2:15.70,0,79144,1,359,0
web-it-2004,164,LOCAL_V4,OK,138924.0,10436.7,186088,137.19,0.17,2:17.38,0,79097,1,384,0
web-it-2004,165,LOCAL_V4,OK,138924.0,10430.8,185948,136.76,0.15,2:16.92,0,79053,1,201,0
web-it-2004,166,LOCAL_V4,OK,135910.1,10402.3,185724,135.56,0.18,2:15.75,0,79005,1,163,0
web-it-2004,167,LOCAL_V4,OK,138925.7,10305.2,185980,136.66,0.17,2:16.85,0,78962,1,411,0
web-it-2004,168,LOCAL_V4,OK,138925.0,10330.4,185824,136.33,0.15,2:16.49,0,78919,1,164,0
web-it-2004,169,LOCAL_V4,OK,138925.0,10343.8,185512,136.53,0.19,2:16.73,0,78868,1,388,0
web-it-2004,170,LOCAL_V4,OK,138925.6,10252.6,185640,136.46,0.13,2:16.60,0,78822,1,164,0
web-it-2004,171,LOCAL_V4,OK,138925.5,10197.7,185476,136.48,0.17,2:16.66,0,78772,1,418,0
web-it-2004,172,LOCAL_V4,OK,135910.1,10238.3,185384,135.30,0.11,2:15.42,0,78727,1,227,0
web-it-2004,173,LOCAL_V4,OK,138925.8,10168.9,185208,136.45,0.14,2:16.60,0,78677,1,254,0
web-it-2004,174,LOCAL_V4,OK,138916.7,10106.9,185312,136.56,0.15,2:16.71,0,78630,1,290,0
web-it-2004,175,LOCAL_V4,OK,138916.6,10095.7,185292,136.61,0.16,2:16.78,0,78584,1,245,0
web-it-2004,176,LOCAL_V4,OK,138925.8,10074.3,185212,136.45,0.15,2:16.61,0,78534,1,251,0
web-it-2004,177,LOCAL_V4,OK,135910.2,10005.9,185220,135.59,0.13,2:15.73,0,78485,1,282,0
web-it-2004,178,LOCAL_V4,OK,135908.5,10011,185068,135.70,0.13,2:15.84,0,78437,1,294,0
web-it-2004,179,LOCAL_V4,OK,138923.9,9978.34,184868,136.20,0.16,2:16.37,0,78386,1,264,0
web-it-2004,180,LOCAL_V4,OK,135910.1,9932.1,184676,135.73,0.16,2:15.89,0,78337,1,163,0
web-it-2004,181,LOCAL_V4,OK,138925.7,9965.04,184764,136.31,0.16,2:16.48,0,78291,1,341,0
web-it-2004,182,LOCAL_V4,OK,138916.2,9899.61,184612,135.94,0.15,2:16.10,0,78238,1,163,0
web-it-2004,183,LOCAL_V4,OK,138916.3,9853.81,184492,135.92,0.17,2:16.10,0,78186,1,323,0
web-it-2004,184,LOCAL_V4,OK,138926.0,9762.61,184472,136.35,0.13,2:16.48,0,78135,1,278,0
web-it-2004,185,LOCAL_V4,OK,138925.9,9720.82,184464,136.30,0.15,2:16.46,0,78095,1,280,0
web-it-2004,186,LOCAL_V4,OK,138925.1,9706.66,184308,136.19,0.17,2:16.37,0,78051,1,282,0
web-it-2004,187,LOCAL_V4,OK,135909.4,9654.02,184212,135.61,0.13,2:15.75,0,78001,1,192,0
web-it-2004,188,LOCAL_V4,OK,135908.6,9713.57,184232,134.84,0.12,2:14.97,0,77960,1,299,0
web-it-2004,189,LOCAL_V4,OK,138924.1,9612.29,184152,135.78,0.19,2:15.98,0,77917,1,264,0
web-it-2004,190,LOCAL_V4,OK,138925.3,9637.15,184072,135.89,0.12,2:16.02,0,77867,1,388,0
web-it-2004,191,LOCAL_V4,OK,135909.6,9551.3,184104,135.13,0.16,2:15.29,0,77828,1,214,0
web-it-2004,192,LOCAL_V4,OK,138925.0,9512.84,183920,135.80,0.15,2:15.96,0,77783,1,236,0
web-it-2004,193,LOCAL_V4,OK,138925.1,9472.34,183828,135.75,0.15,2:15.90,0,77742,1,284,0
web-it-2004,194,LOCAL_V4,OK,138925.2,9488.27,183872,136.51,0.13,2:16.66,0,77699,1,254,0
web-it-2004,195,LOCAL_V4,OK,135909.7,9448.44,183728,135.49,0.17,2:15.66,0,77658,1,282,0
web-it-2004,196,LOCAL_V4,OK,138925.2,9411.47,183644,135.82,0.13,2:15.97,0,77623,1,185,0
web-it-2004,197,LOCAL_V4,OK,135909.7,9417.55,183672,135.55,0.12,2:15.68,0,77587,1,392,0
web-it-2004,198,LOCAL_V4,OK,135902.2,9366.18,183424,134.40,0.16,2:14.57,0,77550,1,208,0
web-it-2004,199,LOCAL_V4,OK,135902.1,9341.96,183444,134.56,0.12,2:14.69,0,77524,1,333,0
web-it-2004,200,LOCAL_V4,OK,135909.8,9386.65,183416,135.38,0.20,2:15.59,0,77493,1,414,0
web-it-2004,201,LOCAL_V4,OK,135909.8,9328.79,183476,135.76,0.13,2:15.90,0,77466,1,191,0
web-it-2004,202,LOCAL_V4,OK,138924.7,9281.57,183476,135.94,0.15,2:16.10,0,77435,1,288,0
web-it-2004,203,LOCAL_V4,OK,135909.2,9254.88,183432,135.29,0.12,2:15.42,0,77401,1,279,0
web-it-2004,204,LOCAL_V4,OK,135909.8,9234.49,183328,135.24,0.17,2:15.41,0,77372,1,171,0
web-it-2004,205,LOCAL_V4,OK,135909.9,9183.75,183120,135.45,0.13,2:15.59,0,77338,1,319,0
web-it-2004,206,LOCAL_V4,OK,135900.7,9201.43,183324,135.66,0.15,2:15.82,0,77310,1,292,0
web-it-2004,207,LOCAL_V4,OK,135900.8,9128.74,182996,135.54,0.16,2:15.70,0,77276,1,256,0
web-it-2004,208,LOCAL_V4,OK,135910.2,9156.43,183152,135.09,0.19,2:15.30,0,77244,1,201,0
web-it-2004,209,LOCAL_V4,OK,135910.2,9178.84,183188,135.33,0.14,2:15.48,0,77209,1,264,0
web-it-2004,210,LOCAL_V4,OK,135910.1,9077.82,182724,134.88,0.14,2:15.03,0,77177,1,251,0
web-it-2004,211,LOCAL_V4,OK,135910.1,9101.65,182916,135.30,0.15,2:15.46,0,77151,1,167,0
web-it-2004,212,LOCAL_V4,OK,135900.3,9061.3,182648,135.24,0.15,2:15.40,0,77112,1,238,0
web-it-2004,213,LOCAL_V4,OK,135900.3,9006.67,182880,134.50,0.15,2:14.67,0,77086,1,302,0
web-it-2004,214,LOCAL_V4,OK,135910.0,8960.56,182788,134.32,0.15,2:14.48,0,77048,1,423,0
web-it-2004,215,LOCAL_V4,OK,135910.1,8949.68,182808,135.10,0.15,2:15.26,0,77019,1,193,0
web-it-2004,216,LOCAL_V4,OK,135910.2,8927.48,182584,134.16,0.14,2:14.32,0,76984,1,369,0
web-it-2004,217,LOCAL_V4,OK,135910.2,8950,182732,135.55,0.14,2:15.70,0,76952,1,220,0
web-it-2004,218,LOCAL_V4,OK,135909.9,8884.22,182680,135.05,0.11,2:15.17,0,76920,1,247,0
web-it-2004,219,LOCAL_V4,OK,135909.9,8853.94,182368,134.75,0.13,2:14.90,0,76886,1,291,0
web-it-2004,220,LOCAL_V4,OK,135909.9,8811.05,182344,134.40,0.19,2:14.59,0,76851,1,335,0
web-it-2004,221,LOCAL_V4,OK,135910.1,8768.58,182396,134.90,0.13,2:15.03,0,76816,1,174,0
web-it-2004,222,LOCAL_V4,OK,135909.9,8775.3,182348,134.90,0.11,2:15.02,0,76782,1,293,0
web-it-2004,223,LOCAL_V4,OK,135909.9,8753.25,182064,135.15,0.17,2:15.33,0,76748,1,216,0
web-it-2004,224,LOCAL_V4,OK,135909.9,8731.8,182076,134.93,0.14,2:15.08,0,76714,1,385,0
web-it-2004,225,LOCAL_V4,OK,135910.1,8680.58,182204,134.37,0.13,2:14.51,0,76681,1,176,0
web-it-2004,226,LOCAL_V4,OK,135891.8,8619.96,182164,135.21,0.11,2:15.34,0,76647,1,351,0
web-it-2004,227,LOCAL_V4,OK,135891.8,8656.41,182096,135.35,0.13,2:15.49,0,76609,1,165,0
web-it-2004,228,LOCAL_V4,OK,135909.7,8571.71,181852,135.13,0.14,2:15.28,0,76575,1,327,0
web-it-2004,229,LOCAL_V4,OK,135909.8,8566,181796,134.67,0.10,2:14.78,0,76541,1,226,0
web-it-2004,230,LOCAL_V4,OK,135909.7,8539.44,181496,135.12,0.11,2:15.24,0,76506,1,252,0
web-it-2004,231,LOCAL_V4,OK,138925.3,8551.03,181588,135.79,0.16,2:15.95,0,76474,1,258,0
web-it-2004,232,LOCAL_V4,OK,135909.6,8475.3,181740,133.84,0.12,2:13.97,0,76440,1,220,0
web-it-2004,233,LOCAL_V4,OK,135909.8,8405.24,181692,133.39,0.15,2:13.56,0,76403,1,309,0
web-it-2004,234,LOCAL_V4,OK,135899.9,8398.84,181760,134.63,0.11,2:14.75,0,76372,1,179,0
web-it-2004,235,LOCAL_V4,OK,135899.8,8408.13,181560,133.97,0.13,2:14.11,0,76335,1,316,0
web-it-2004,236,LOCAL_V4,OK,135910.0,8327.15,181700,133.64,0.13,2:13.78,0,76303,1,254,0
web-it-2004,237,LOCAL_V4,OK,135910.0,8345.69,181252,134.28,0.14,2:14.43,0,76265,1,328,0
web-it-2004,238,LOCAL_V4,OK,135910.2,8312.39,181248,133.80,0.10,2:13.91,0,76232,1,281,0
web-it-2004,239,LOCAL_V4,OK,135910.1,8255.36,181224,134.46,0.13,2:14.60,0,76197,1,325,0
web-it-2004,240,LOCAL_V4,OK,135910.0,8243.82,181184,134.47,0.13,2:14.61,0,76161,1,286,0
web-it-2004,241,LOCAL_V4,OK,135910.1,8221.25,181360,135.17,0.13,2:15.32,0,76128,1,240,0
web-it-2004,242,LOCAL_V4,OK,135910.1,8162.68,181064,134.58,0.17,2:14.76,0,76086,1,344,0
web-it-2004,243,LOCAL_V4,OK,135910.0,8131.22,181240,134.33,0.16,2:14.50,0,76045,1,161,0
web-it-2004,244,LOCAL_V4,OK,135909.9,8131.47,181032,134.65,0.13,2:14.79,0,76010,1,307,0
web-it-2004,245,LOCAL_V4,OK,135910.0,8047.18,180984,133.40,0.15,2:13.56,0,75973,1,260,0
web-it-2004,246,LOCAL_V4,OK,135911.4,8046.21,180712,134.07,0.11,2:14.19,0,75935,1,231,0
web-it-2004,247,LOCAL_V4,OK,135911.5,7990.27,180844,134.15,0.13,2:14.29,0,75903,1,334,0
web-it-2004,248,LOCAL_V4,OK,135911.8,7958.46,180672,133.66,0.14,2:13.81,0,75865,1,371,0
web-it-2004,249,LOCAL_V4,OK,135911.8,7927.61,180756,134.07,0.15,2:14.24,0,75832,1,165,0
web-it-2004,250,LOCAL_V4,OK,135910.5,7893.77,180568,134.20,0.18,2:14.39,0,75790,1,313,0
web-it-2004,251,LOCAL_V4,OK,135910.4,7874.04,180736,134.34,0.15,2:14.50,0,75756,1,184,0
web-it-2004,252,LOCAL_V4,OK,135910.5,7859.06,180696,134.94,0.14,2:15.09,0,75724,1,199,0
web-it-2004,253,LOCAL_V4,OK,135910.5,7808.74,180268,133.90,0.14,2:14.05,0,75680,1,312,0
web-it-2004,254,LOCAL_V4,OK,135900.6,7756.26,180444,133.65,0.13,2:13.79,0,75650,1,160,0
web-it-2004,255,LOCAL_V4,OK,135900.7,7710.73,180268,133.59,0.15,2:13.75,0,75607,1,332,0
web-it-2004,256,LOCAL_V4,OK,135910.8,7660.83,180244,134.05,0.15,2:14.21,0,75576,1,234,0
web-it-2004,257,LOCAL_V4,OK,135910.3,7665.03,180316,133.77,0.12,2:13.90,0,75538,1,252,0
web-it-2004,258,LOCAL_V4,OK,135907.8,7626.98,180368,132.78,0.19,2:12.98,0,75504,1,289,0
web-it-2004,259,LOCAL_V4,OK,135908.4,7575.56,180252,133.69,0.13,2:13.83,0,75468,1,272,0
web-it-2004,260,LOCAL_V4,OK,135909.6,7524.4,180048,133.88,0.16,2:14.05,0,75430,1,222,0
web-it-2004,261,LOCAL_V4,OK,135909.5,7523.46,180104,132.83,0.13,2:12.98,0,75398,1,246,0
web-it-2004,262,LOCAL_V4,OK,135909.9,7497.07,179988,134.04,0.13,2:14.18,0,75357,1,248,0
web-it-2004,263,LOCAL_V4,OK,135909.8,7457.28,179772,133.80,0.13,2:13.94,0,75323,1,271,0
web-it-2004,264,LOCAL_V4,OK,135909.6,7453.75,179480,133.52,0.13,2:13.66,0,75284,1,292,0
web-it-2004,265,LOCAL_V4,OK,135909.8,7372.66,179800,133.53,0.13,2:13.67,0,75249,1,255,0
web-it-2004,266,LOCAL_V4,OK,135910.2,7347.58,179804,133.65,0.14,2:13.80,0,75214,1,329,0
web-it-2004,267,LOCAL_V4,OK,135909.9,7311.07,179748,133.46,0.14,2:13.61,0,75177,1,278,0
web-it-2004,268,LOCAL_V4,OK,135909.9,7301.15,179740,133.44,0.18,2:13.62,0,75141,1,273,0
web-it-2004,269,LOCAL_V4,OK,135910.0,7217.09,179700,133.50,0.14,2:13.65,0,75103,1,315,0
web-it-2004,270,LOCAL_V4,OK,135901.1,7203.61,179264,133.35,0.13,2:13.49,0,75067,1,384,0
web-it-2004,271,LOCAL_V4,OK,132885.5,7149.53,179492,132.47,0.12,2:12.60,0,75029,1,260,0
web-it-2004,272,LOCAL_V4,OK,132894.5,7104.39,179180,132.58,0.15,2:12.74,0,74985,1,376,0
web-it-2004,273,LOCAL_V4,OK,132894.4,7146.99,179204,132.33,0.13,2:12.46,0,74952,1,247,0
web-it-2004,274,LOCAL_V4,OK,135909.2,7051.47,179228,133.55,0.14,2:13.70,0,74911,1,213,0
web-it-2004,275,LOCAL_V4,OK,135909.3,6985.51,179264,132.96,0.16,2:13.13,0,74878,1,329,0
web-it-2004,276,LOCAL_V4,OK,135909.8,6980.96,179180,133.17,0.15,2:13.33,0,74842,1,277,0
web-it-2004,277,LOCAL_V4,OK,135909.7,6891.82,179112,133.35,0.16,2:13.52,0,71731,1,278,0
web-it-2004,278,LOCAL_V4,OK,135899.8,6865.94,179032,132.99,0.13,2:13.13,0,71694,1,340,0
web-it-2004,279,LOCAL_V4,OK,135900.0,6835.21,178948,132.95,0.16,2:13.12,0,71656,1,260,0
web-it-2004,280,LOCAL_V4,OK,135909.5,6786.24,178792,133.75,0.13,2:13.88,0,71620,1,224,0
web-it-2004,281,LOCAL_V4,OK,135909.6,6763.57,178820,132.88,0.14,2:13.03,0,71581,1,251,0
web-it-2004,282,LOCAL_V4,OK,135909.8,6705.51,178772,132.82,0.09,2:12.92,0,71541,1,193,0
web-it-2004,283,LOCAL_V4,OK,132894.1,6639.24,178676,132.21,0.13,2:12.35,0,71505,1,308,0
web-it-2004,284,LOCAL_V4,OK,132894.5,6629.61,178596,131.97,0.11,2:12.10,0,71468,1,347,0
web-it-2004,285,LOCAL_V4,OK,132894.6,6609.9,178420,132.61,0.16,2:12.77,0,71430,1,164,0
web-it-2004,286,LOCAL_V4,OK,132894.3,6552.38,178452,132.49,0.13,2:12.63,0,71391,1,222,0
web-it-2004,287,LOCAL_V4,OK,135910.1,6474.43,178480,133.14,0.13,2:13.28,0,71355,1,227,0
web-it-2004,288,LOCAL_V4,OK,135909.9,6438.31,178168,132.84,0.15,2:13.00,0,71315,1,322,0
web-it-2004,289,LOCAL_V4,OK,132894.2,6421.91,178384,132.39,0.17,2:12.56,0,71276,1,247,0
web-it-2004,290,LOCAL_V4,OK,135910.1,6326.34,178216,132.85,0.13,2:12.99,0,71238,1,227,0
web-it-2004,291,LOCAL_V4,OK,132894.4,6335.66,178324,132.08,0.11,2:12.20,0,71199,1,294,0
web-it-2004,292,LOCAL_V4,OK,132894.6,6253.72,177932,132.03,0.16,2:12.20,0,71161,1,240,0
web-it-2004,293,LOCAL_V4,OK,132894.4,6217.6,177924,132.23,0.15,2:12.39,0,71121,1,285,0
web-it-2004,294,LOCAL_V4,OK,132894.5,6196.86,178072,131.93,0.15,2:12.09,0,71081,1,228,0
web-it-2004,295,LOCAL_V4,OK,132894.4,6143.42,178064,132.64,0.15,2:12.80,0,71041,1,241,0
web-it-2004,296,LOCAL_V4,OK,132894.1,6113.47,177872,132.52,0.17,2:12.70,0,71002,1,335,0
web-it-2004,297,LOCAL_V4,OK,132893.0,6040.95,177848,132.69,0.12,2:12.82,0,70958,1,166,0
web-it-2004,298,LOCAL_V4,OK,132882.8,6001.28,177740,132.58,0.13,2:12.73,0,70916,1,381,0
web-it-2004,299,LOCAL_V4,OK,132882.7,5966.31,177740,132.27,0.13,2:12.41,0,70875,1,185,0
web-it-2004,300,LOCAL_V4,OK,135909.6,5891.43,177500,132.73,0.15,2:12.89,0,70833,1,259,0
web-it-2004,301,LOCAL_V4,OK,132789.2,5886.76,177204,132.12,0.13,2:12.26,0,70790,1,243,0
web-it-2004,302,LOCAL_V4,OK,132878.5,5853.64,177564,131.46,0.13,2:11.60,0,70752,1,166,0
web-it-2004,303,LOCAL_V4,OK,132774.7,5743.03,177652,131.96,0.11,2:12.09,0,70710,1,285,0
web-it-2004,304,LOCAL_V4,OK,132893.2,5696.13,177324,132.18,0.14,2:12.33,0,70669,1,347,0
web-it-2004,305,LOCAL_V4,OK,132789.3,5646.07,177140,131.81,0.12,2:11.93,0,70624,1,161,0
web-it-2004,306,LOCAL_V4,OK,132892.1,5614.29,177308,131.64,0.15,2:11.80,0,70579,1,293,0
web-it-2004,307,LOCAL_V4,OK,132788.2,5547.28,176916,131.27,0.13,2:11.40,0,70539,1,245,0
web-it-2004,308,LOCAL_V4,OK,132892.8,5502.59,176744,131.86,0.14,2:12.01,0,70494,1,232,0
web-it-2004,309,LOCAL_V4,OK,132788.9,5420.09,176976,131.69,0.12,2:11.82,0,70456,1,248,0
web-it-2004,310,LOCAL_V4,OK,132876.5,5365.95,176768,131.52,0.17,2:11.70,0,70411,1,230,0
web-it-2004,311,LOCAL_V4,OK,132772.5,5328.29,176792,131.84,0.14,2:11.99,0,70367,1,299,0
web-it-2004,312,LOCAL_V4,OK,132893.3,5264.36,176828,131.86,0.14,2:12.01,0,70326,1,219,0
web-it-2004,313,LOCAL_V4,OK,132789.2,5209.22,176708,132.11,0.13,2:12.24,0,70281,1,222,0
web-it-2004,314,LOCAL_V4,OK,132892.9,5152.05,176668,131.82,0.16,2:11.99,0,70237,1,251,0
web-it-2004,315,LOCAL_V4,OK,132789.0,5096.14,176148,131.33,0.13,2:11.46,0,70192,1,205,0
web-it-2004,316,LOCAL_V4,OK,132893.0,5054,176532,130.70,0.12,2:10.83,0,70149,1,223,0
web-it-2004,317,LOCAL_V4,OK,132789.3,4998.67,176400,130.98,0.11,2:11.10,0,70105,1,273,0
web-it-2004,318,LOCAL_V4,OK,132893.4,4915.75,176264,131.50,0.13,2:11.64,0,70061,1,205,0
web-it-2004,319,LOCAL_V4,OK,132789.4,4916.31,175984,131.58,0.16,2:11.75,0,70014,1,279,0
web-it-2004,320,LOCAL_V4,OK,132885.1,4811.03,176132,131.22,0.13,2:11.35,0,69973,1,170,0
web-it-2004,321,LOCAL_V4,OK,132781.2,4789.15,176204,130.61,0.13,2:10.75,0,69927,1,303,0
web-it-2004,322,LOCAL_V4,OK,132893.4,4721.35,175844,131.38,0.14,2:11.53,0,69884,1,319,0
web-it-2004,323,LOCAL_V4,OK,132789.2,4686.21,175876,131.42,0.14,2:11.56,0,69842,1,154,0
web-it-2004,324,LOCAL_V4,OK,132893.0,4625.06,175804,130.60,0.12,2:10.74,0,69798,1,292,0
web-it-2004,325,LOCAL_V4,OK,132789.1,4576.22,175848,130.28,0.13,2:10.42,0,69757,1,209,0
web-it-2004,326,LOCAL_V4,OK,132893.2,4530.78,175632,130.77,0.14,2:10.92,0,69715,1,321,0
web-it-2004,327,LOCAL_V4,OK,132789.3,4457,175744,130.43,0.13,2:10.57,0,69670,1,249,0
web-it-2004,328,LOCAL_V4,OK,132877.2,4444.95,175588,130.70,0.12,2:10.82,0,69632,1,240,0
web-it-2004,329,LOCAL_V4,OK,132773.3,4367.78,175676,130.12,0.14,2:10.27,0,69589,1,261,0
web-it-2004,330,LOCAL_V4,OK,132893.3,4332.87,175472,131.44,0.10,2:11.55,0,69549,1,359,0
web-it-2004,331,LOCAL_V4,OK,132789.4,4269.06,175452,130.52,0.12,2:10.65,0,69505,1,265,0
web-it-2004,332,LOCAL_V4,OK,132884.2,4216.02,175460,130.65,0.17,2:10.83,0,69462,1,335,0
web-it-2004,333,LOCAL_V4,OK,132780.3,4190.21,175024,129.91,0.14,2:10.06,0,69420,1,294,0
web-it-2004,334,LOCAL_V4,OK,132892.3,4090,175216,130.82,0.14,2:10.98,0,69377,1,269,0
web-it-2004,335,LOCAL_V4,OK,132788.2,4037.8,175080,130.33,0.12,2:10.46,0,69335,1,147,0
web-it-2004,336,LOCAL_V4,OK,132893.6,3991.91,174936,130.59,0.18,2:10.78,0,69288,1,306,0
web-it-2004,337,LOCAL_V4,OK,132789.7,3901.4,174764,129.89,0.14,2:10.03,0,69246,1,151,0
web-it-2004,338,LOCAL_V4,OK,132890.1,3843.3,174908,130.47,0.13,2:10.61,0,69202,1,237,0
web-it-2004,339,LOCAL_V4,OK,132786.2,3791,174724,130.15,0.11,2:10.27,0,69155,1,204,0
web-it-2004,340,LOCAL_V4,OK,132893.6,3724.73,175028,130.11,0.12,2:10.24,0,69117,1,356,0
web-it-2004,341,LOCAL_V4,OK,132789.7,3706.16,174436,129.64,0.14,2:09.79,0,69074,1,171,0
web-it-2004,342,LOCAL_V4,OK,132893.6,3614.17,174672,130.01,0.10,2:10.12,0,69035,1,292,0
web-it-2004,343,LOCAL_V4,OK,132789.7,3613.96,174552,129.97,0.12,2:10.10,0,68983,1,140,0
web-it-2004,344,LOCAL_V4,OK,132893.4,3490.24,174528,129.94,0.13,2:10.08,0,68939,1,210,0
web-it-2004,345,LOCAL_V4,OK,132789.4,3470.53,174440,129.93,0.11,2:10.05,0,68898,1,231,0
web-it-2004,346,LOCAL_V4,OK,132893.0,3366.91,174180,129.81,0.13,2:09.96,0,68850,1,250,0
web-it-2004,347,LOCAL_V4,OK,132789.1,3318,174252,129.74,0.11,2:09.87,0,68809,1,171,0
web-it-2004,349,LOCAL_V4,OK,129772.7,3191.74,174100,129.33,0.11,2:09.45,0,68718,1,213,0
web-it-2004,348,LOCAL_V4,OK,132998.6,3262.74,174092,129.96,0.12,2:10.09,0,68766,1,251,0
web-it-2004,350,LOCAL_V4,OK,132894.2,3144.92,174000,129.75,0.13,2:09.90,0,68675,1,318,0
web-it-2004,351,LOCAL_V4,OK,129773.7,3060.08,174144,129.44,0.13,2:09.58,0,68631,1,194,0
web-it-2004,352,LOCAL_V4,OK,129870.1,3008.3,173864,129.57,0.14,2:09.72,0,68581,1,208,0
web-it-2004,353,LOCAL_V4,OK,129766.2,2945.59,173868,129.30,0.12,2:09.43,0,68532,1,221,0
web-it-2004,354,LOCAL_V4,OK,129877.6,2869,173916,129.25,0.18,2:09.44,0,68487,1,229,0
web-it-2004,355,LOCAL_V4,OK,129773.8,2811.92,173556,129.22,0.10,2:09.33,0,68437,1,232,0
web-it-2004,356,LOCAL_V4,OK,129877.3,2745.69,173476,129.02,0.16,2:09.20,0,68391,1,374,0
web-it-2004,357,LOCAL_V4,OK,129773.4,2673.52,173628,129.22,0.10,2:09.33,0,68340,1,132,0
web-it-2004,358,LOCAL_V4,OK,129877.8,2568.68,173352,129.37,0.14,2:09.53,0,68289,1,396,0
web-it-2004,359,LOCAL_V4,OK,129773.9,2512.33,173296,128.97,0.13,2:09.11,0,68237,1,128,0
web-it-2004,360,LOCAL_V4,OK,129877.7,2433.21,173468,128.84,0.12,2:08.97,0,68176,1,388,0
web-it-2004,361,LOCAL_V4,OK,129774.0,2329.77,172992,128.73,0.10,2:08.84,0,68114,1,127,0
web-it-2004,362,LOCAL_V4,OK,129877.8,2244.72,173048,129.07,0.13,2:09.22,0,68057,1,437,0
web-it-2004,363,LOCAL_V4,OK,129774.0,2178.32,173120,128.45,0.10,2:08.55,0,68009,1,127,0
web-it-2004,364,LOCAL_V4,OK,129877.7,2080.19,172680,128.64,0.09,2:08.74,0,67953,1,437,0
web-it-2004,365,LOCAL_V4,OK,129773.8,2038.17,172660,128.51,0.09,2:08.62,0,67901,1,137,0
web-it-2004,366,LOCAL_V4,OK,129854.0,1963.87,172728,128.33,0.16,2:08.49,0,67851,1,269,0
web-it-2004,367,LOCAL_V4,OK,129750.0,1897.47,172572,128.84,0.14,2:08.99,0,67807,1,225,0
web-it-2004,368,LOCAL_V4,OK,129878.0,1831.97,172448,128.49,0.18,2:08.68,0,67756,1,259,0
web-it-2004,369,LOCAL_V4,OK,129773.7,1759.46,172532,128.69,0.13,2:08.82,0,67719,1,110,0
web-it-2004,370,LOCAL_V4,OK,129877.7,1719.43,172596,128.19,0.15,2:08.35,0,67680,1,229,0
web-it-2004,371,LOCAL_V4,OK,129774.0,1646.54,172160,127.91,0.11,2:08.03,0,67633,1,107,0
web-it-2004,372,LOCAL_V4,OK,129863.9,1590.71,172344,127.63,0.15,2:07.79,0,67595,1,249,0
web-it-2004,373,LOCAL_V4,OK,129760.0,1532.11,172028,128.07,0.15,2:08.23,0,67548,1,107,0
web-it-2004,374,LOCAL_V4,OK,129874.2,1480.75,172348,127.84,0.11,2:07.97,0,67514,1,204,0
web-it-2004,375,LOCAL_V4,OK,129770.3,1425.48,171916,127.71,0.11,2:07.83,0,67470,1,172,0
web-it-2004,376,LOCAL_V4,OK,129877.3,1369.73,172076,127.73,0.19,2:07.93,0,67437,1,165,0
web-it-2004,377,LOCAL_V4,OK,129773.5,1314.48,171876,128.07,0.12,2:08.20,0,67401,1,156,0
web-it-2004,378,LOCAL_V4,OK,129876.5,1256.94,172060,127.56,0.11,2:07.67,0,67362,1,181,0
web-it-2004,379,LOCAL_V4,OK,129772.6,1190.17,171456,127.55,0.13,2:07.69,0,67321,1,165,0
web-it-2004,380,LOCAL_V4,OK,129877.7,1143.51,171664,127.42,0.11,2:07.55,0,67286,1,311,0
web-it-2004,381,LOCAL_V4,OK,129773.8,1112.13,171700,127.52,0.13,2:07.66,0,67257,1,97,0
web-it-2004,382,LOCAL_V4,OK,129866.6,1060.63,171536,128.33,0.13,2:08.47,0,67224,1,272,0
web-it-2004,383,LOCAL_V4,OK,129762.7,1014.02,171644,127.79,0.12,2:07.92,0,67194,1,96,0
web-it-2004,384,LOCAL_V4,OK,129878.0,948.04,171380,127.85,0.13,2:07.99,0,67161,1,336,0
web-it-2004,385,LOCAL_V4,OK,129773.8,910.841,171468,127.91,0.11,2:08.03,0,67128,1,96,0
web-it-2004,386,LOCAL_V4,OK,129878.1,857.322,171292,127.54,0.15,2:07.70,0,67093,1,117,0
web-it-2004,387,LOCAL_V4,OK,129774.2,813.638,171292,127.54,0.13,2:07.68,0,67057,1,318,0
web-it-2004,388,LOCAL_V4,OK,129877.7,748.525,171420,127.58,0.11,2:07.71,0,67025,1,158,0
web-it-2004,389,LOCAL_V4,OK,129773.8,689.008,171152,127.31,0.11,2:07.43,0,66997,1,219,0
web-it-2004,390,LOCAL_V4,OK,129877.8,672.276,171256,127.74,0.12,2:07.87,0,66984,1,250,0
web-it-2004,391,LOCAL_V4,OK,129773.6,615.091,171020,127.28,0.15,2:07.43,0,66957,1,80,0
web-it-2004,392,LOCAL_V4,OK,129869.3,581.763,171084,126.85,0.13,2:06.99,0,66940,1,255,0
web-it-2004,393,LOCAL_V4,OK,129765.4,564.331,170988,127.19,0.13,2:07.33,0,66920,1,79,0
web-it-2004,394,LOCAL_V4,OK,129878.3,541.295,171080,127.36,0.15,2:07.52,0,66900,1,117,0
web-it-2004,395,LOCAL_V4,OK,129774.2,532.09,171136,127.25,0.10,2:07.36,0,66889,1,216,0
web-it-2004,396,LOCAL_V4,OK,129877.9,517.609,171256,127.06,0.17,2:07.23,0,66871,1,193,0
web-it-2004,397,LOCAL_V4,OK,129773.9,492.847,171092,126.94,0.13,2:07.07,0,66850,1,126,0
web-it-2004,398,LOCAL_V4,OK,129861.2,478.168,171004,126.96,0.14,2:07.11,0,66838,1,176,0
web-it-2004,399,LOCAL_V4,OK,129757.3,449.459,170856,127.00,0.13,2:07.13,0,66821,1,122,0
web-it-2004,400,LOCAL_V4,OK,129769.4,434.469,170600,127.31,0.14,2:07.45,0,66804,1,133,0
web-it-2004,401,LOCAL_V4,OK,129665.2,421.395,171060,127.10,0.13,2:07.23,0,66797,1,125,0
web-it-2004,402,LOCAL_V4,OK,129868.8,401.511,170780,127.13,0.13,2:07.27,0,66786,1,101,0
web-it-2004,403,LOCAL_V4,OK,129764.8,269.213,170968,126.73,0.10,2:06.84,0,66777,1,221,0
web-it-2004,404,LOCAL_V4,OK,129877.8,253.35,171048,127.10,0.16,2:07.27,0,66770,1,196,0
web-it-2004,405,LOCAL_V4,OK,129773.6,242.522,170964,127.01,0.18,2:07.19,0,66758,1,68,0
web-it-2004,406,LOCAL_V4,OK,126851.6,233.574,170904,126.67,0.09,2:06.77,0,66742,1,241,0
web-it-2004,407,LOCAL_V4,OK,129868.1,221.101,170860,126.85,0.16,2:07.02,0,66738,1,74,0
web-it-2004,408,LOCAL_V4,OK,126862.4,211.992,171012,126.64,0.16,2:06.81,0,66728,1,83,0
web-it-2004,409,LOCAL_V4,OK,129877.9,200.228,170936,127.21,0.13,2:07.34,0,66717,1,172,0
web-it-2004,410,LOCAL_V4,OK,129878.2,186.682,170808,127.54,0.12,2:07.67,0,66707,1,70,0
web-it-2004,411,LOCAL_V4,OK,126862.5,178.443,171028,126.54,0.15,2:06.70,0,66697,1,222,0
web-it-2004,412,LOCAL_V4,OK,129878.5,246.325,170680,127.15,0.14,2:07.30,0,66685,1,68,0
web-it-2004,413,LOCAL_V4,OK,126758.0,227.701,170672,126.43,0.13,2:06.57,0,66678,1,280,0
web-it-2004,414,LOCAL_V4,OK,129796.1,226.065,170672,126.76,0.13,2:06.90,0,66670,1,311,0
web-it-2004,415,LOCAL_V4,OK,129692.5,198.9,170752,126.77,0.12,2:06.90,0,66663,1,66,0
web-it-2004,416,LOCAL_V4,OK,129778.5,190.768,170576,127.66,0.10,2:07.77,0,66651,1,120,0
web-it-2004,417,LOCAL_V4,OK,129674.3,174.29,170728,126.90,0.16,2:07.07,0,66645,1,165,0
web-it-2004,418,LOCAL_V4,OK,126758.7,162.221,170588,126.53,0.14,2:06.68,0,66638,1,105,0
web-it-2004,419,LOCAL_V4,OK,129775.1,148.699,170608,126.88,0.14,2:07.03,0,66626,1,192,0
web-it-2004,420,LOCAL_V4,OK,129779.0,135.311,170604,126.83,0.09,2:06.94,0,66620,1,158,0
web-it-2004,421,LOCAL_V4,OK,129778.7,120.514,170456,127.15,0.15,2:07.30,0,66611,1,96,0
web-it-2004,422,LOCAL_V4,OK,126755.4,107.017,170600,126.38,0.14,2:06.53,0,66604,1,187,0
web-it-2004,423,LOCAL_V4,OK,129765.1,95.5011,170588,126.75,0.11,2:06.87,0,66595,1,122,0
web-it-2004,424,LOCAL_V4,OK,129867.4,81.5997,170516,126.89,0.13,2:07.03,0,66585,1,142,0
web-it-2004,425,LOCAL_V4,OK,129873.3,62.3755,170552,126.95,0.15,2:07.11,0,66575,1,299,0
web-it-2004,426,LOCAL_V4,OK,129863.6,53.7201,170580,126.70,0.15,2:06.86,0,66568,1,180,0
web-it-2004,427,LOCAL_V4,OK,129851.2,45.458,170604,127.08,0.13,2:07.21,0,66563,1,61,0
web-it-2004,428,LOCAL_V4,OK,129866.2,38.7193,170384,126.77,0.15,2:06.94,0,66558,1,293,0
web-it-2004,429,LOCAL_V4,OK,129878.7,30.1902,170488,127.07,0.12,2:07.20,0,66552,1,62,0
wiki-Talk,2,LOCAL_V4,OK,30258.0,1003.26,783256,28.12,0.51,0:28.63,0,326214,1,51,0
web-it-2004,430,LOCAL_V4,OK,126960.6,24.2173,170804,126.78,0.15,2:06.94,0,66553,1,218,0
wiki-Talk,3,LOCAL_V4,OK,90561.7,45828.1,869448,89.71,0.75,1:30.47,0,429077,1,108,0
wiki-Talk,4,LOCAL_V4,OK,301775.1,227045,2298920,296.18,2.79,4:58.98,0,1347204,1,210,0
wiki-Talk,5,LOCAL_V4,OK,778198.4,672872,7360744,767.32,8.66,12:56.08,0,4231234,1,1886,0
wiki-Talk,6,LOCAL_V4,OK,1562282.3,,16053024,1543.38,17.02,26:00.42,0,8733797,1,637,0
wiki-Talk,7,LOCAL_V4,OK,3151617.3,,26435048,3119.00,30.83,52:30.01,0,14340113,1,5981,0
wiki-Talk,8,LOCAL_V4,OK,3531597.4,,27575152,3497.46,32.05,58:49.61,0,15589347,1,3319,0
wiki-Talk,9,LOCAL_V4,OK,3504454.9,,28429072,3468.94,33.53,58:22.52,0,15855668,1,1036,0
wiki-Talk,10,LOCAL_V4,TIMEOUT,3600955.4,,,,,,,,,,
soc-pokec-relationships,2,LOCAL_V4,OK,45336.7,9062.17,1423784,42.76,1.44,0:44.21,0,875635,1,69,0
soc-pokec-relationships,3,LOCAL_V4,OK,171996.7,135826,1482428,169.58,1.59,2:51.19,0,902614,1,316,0
soc-pokec-relationships,4,LOCAL_V4,OK,126761.0,90798.2,1490748,124.21,1.46,2:05.69,0,839033,1,275,0
soc-pokec-relationships,5,LOCAL_V4,OK,90572.3,55226.8,1270076,87.35,1.37,1:28.73,0,740214,1,195,0
soc-pokec-relationships,6,LOCAL_V4,OK,66446.7,32480.7,894508,64.15,0.96,1:05.12,0,528963,1,140,0
soc-pokec-relationships,7,LOCAL_V4,OK,54383.8,20100.2,791160,51.99,0.91,0:52.91,0,473666,1,132,0
soc-pokec-relationships,8,LOCAL_V4,OK,45336.6,11838.7,676252,43.94,0.66,0:44.61,0,381097,1,71,0
soc-pokec-relationships,9,LOCAL_V4,OK,42321.0,7814.96,623764,39.37,0.66,0:40.03,0,354263,1,41,0
soc-pokec-relationships,10,LOCAL_V4,OK,39305.3,4902.22,592332,35.83,0.55,0:36.39,0,330460,1,69,0
soc-pokec-relationships,11,LOCAL_V4,OK,36289.5,3504.97,574628,34.28,0.56,0:34.85,0,310679,1,55,0
soc-pokec-relationships,12,LOCAL_V4,OK,36289.4,2121.29,560824,33.38,0.46,0:33.85,0,282920,1,72,0
soc-pokec-relationships,13,LOCAL_V4,OK,33264.8,1160.53,551464,32.48,0.47,0:32.96,0,271722,1,62,0
soc-pokec-relationships,14,LOCAL_V4,OK,33273.8,686.986,545820,31.92,0.46,0:32.38,0,265897,1,67,0
soc-pokec-relationships,15,LOCAL_V4,OK,33273.8,378.906,542164,32.03,0.41,0:32.44,0,265024,1,42,0
soc-pokec-relationships,16,LOCAL_V4,OK,33273.8,260.867,540428,31.79,0.42,0:32.22,0,264557,1,35,0
soc-pokec-relationships,17,LOCAL_V4,OK,33273.8,213.651,539240,31.28,0.42,0:31.71,0,264277,1,52,0
soc-pokec-relationships,18,LOCAL_V4,OK,33259.7,105.663,538464,31.19,0.55,0:31.75,0,264104,1,46,0
soc-pokec-relationships,19,LOCAL_V4,OK,33273.8,79.0207,538124,30.92,0.45,0:31.37,0,263986,1,53,0
soc-pokec-relationships,20,LOCAL_V4,OK,33273.8,28.6069,537804,30.84,0.47,0:31.31,0,263897,1,71,0
soc-pokec-relationships,21,LOCAL_V4,OK,33274.0,14.5313,537568,30.78,0.47,0:31.25,0,263858,1,49,0
soc-pokec-relationships,22,LOCAL_V4,OK,33273.7,9.52575,537680,31.08,0.51,0:31.59,0,267179,1,55,0
soc-pokec-relationships,23,LOCAL_V4,OK,33273.8,8.75303,537780,31.13,0.51,0:31.65,0,267177,1,72,0
soc-pokec-relationships,24,LOCAL_V4,OK,33273.9,8.46705,537560,31.67,0.47,0:32.15,0,267177,1,56,0
soc-pokec-relationships,25,LOCAL_V4,OK,33261.1,8.23584,537652,31.80,0.53,0:32.34,0,269563,1,37,0
wiki-Talk,11,LOCAL_V4,OK,3404380.4,,27082400,3370.13,31.54,56:41.72,0,15378616,1,1528,0
com-orkut,2,LOCAL_V4,OK,723932.4,53222.7,6454992,713.39,9.07,12:02.50,0,3966905,1,2060,0
com-orkut,3,LOCAL_V4,TIMEOUT,3600604.1,,,,,,,,,,
dblp-core30,2,LOCAL_V4,OK,3116.9,11.3078,9504,0.19,0.00,0:00.20,0,1365,1,0,0
dblp-core30,3,LOCAL_V4,OK,3116.8,24.8709,9420,0.20,0.01,0:00.22,0,1370,1,1,0
dblp-core30,4,LOCAL_V4,OK,3116.9,24.6293,9288,0.21,0.00,0:00.22,0,1370,1,1,0
dblp-core30,5,LOCAL_V4,OK,3116.8,24.5013,9356,0.22,0.00,0:00.22,0,1369,1,2,0
dblp-core30,6,LOCAL_V4,OK,3116.9,21.9359,9392,0.20,0.01,0:00.21,0,1363,1,2,0
dblp-core30,7,LOCAL_V4,OK,3116.9,21.3504,9552,0.21,0.00,0:00.22,0,1369,1,2,0
dblp-core30,8,LOCAL_V4,OK,3116.9,21.5964,9540,0.20,0.00,0:00.21,0,1364,1,2,0
dblp-core30,9,LOCAL_V4,OK,3116.9,22.4799,9608,0.21,0.00,0:00.21,0,1365,1,1,0
dblp-core30,10,LOCAL_V4,OK,3116.8,22.0602,9636,0.21,0.00,0:00.21,0,1364,1,2,0
dblp-core30,11,LOCAL_V4,OK,3116.9,21.0899,9340,0.20,0.01,0:00.21,0,1357,1,1,0
dblp-core30,12,LOCAL_V4,OK,3116.9,20.9301,9612,0.20,0.00,0:00.21,0,1355,1,1,0
dblp-core30,13,LOCAL_V4,OK,3116.9,20.9995,9560,0.21,0.00,0:00.21,0,1355,1,1,0
dblp-core30,14,LOCAL_V4,OK,3116.9,21.6686,9576,0.21,0.00,0:00.21,0,1358,1,1,0
dblp-core30,15,LOCAL_V4,OK,3116.9,27.1198,9484,0.21,0.00,0:00.22,0,1353,1,1,0
dblp-core30,16,LOCAL_V4,OK,3117.0,27.3007,9400,0.21,0.01,0:00.22,0,1345,1,1,0
dblp-core30,17,LOCAL_V4,OK,3116.9,27.2105,9532,0.21,0.00,0:00.22,0,1348,1,2,0
dblp-core30,18,LOCAL_V4,OK,3116.9,26.6234,9512,0.21,0.01,0:00.22,0,1346,1,1,0
dblp-core30,19,LOCAL_V4,OK,3116.9,26.6774,9348,0.21,0.01,0:00.22,0,1341,1,1,0
dblp-core30,20,LOCAL_V4,OK,3116.9,26.8039,9576,0.21,0.00,0:00.22,0,1341,1,2,0
dblp-core30,21,LOCAL_V4,OK,3116.9,28.4226,9608,0.21,0.00,0:00.22,0,1339,1,1,0
dblp-core30,22,LOCAL_V4,OK,3112.6,27.6684,9528,0.22,0.00,0:00.22,0,1334,1,1,0
dblp-core30,23,LOCAL_V4,OK,3116.9,26.825,9508,0.21,0.00,0:00.22,0,1331,1,1,0
dblp-core30,24,LOCAL_V4,OK,3116.9,26.9846,9512,0.21,0.00,0:00.22,0,1326,1,1,0
com-orkut,4,LOCAL_V4,TIMEOUT,3602931.6,,,,,,,,,,
dblp-core30,25,LOCAL_V4,OK,3221.7,25.8822,9436,0.21,0.01,0:00.22,0,1325,1,2,0
dblp-core30,26,LOCAL_V4,OK,3117.9,25.727,9460,0.21,0.01,0:00.22,0,1321,1,0,0
dblp-core30,27,LOCAL_V4,OK,3222.0,26.1656,9492,0.22,0.00,0:00.22,0,1313,1,1,0
dblp-core30,28,LOCAL_V4,OK,3117.7,25.5433,9476,0.21,0.00,0:00.22,0,1313,1,2,0
dblp-core30,29,LOCAL_V4,OK,3222.0,25.4162,9396,0.20,0.01,0:00.21,0,1308,1,1,0
dblp-core30,30,LOCAL_V4,OK,3117.9,24.4215,9544,0.21,0.00,0:00.21,0,1306,1,0,0
