graph,r,s,regions,tuples,rn_mce_s,rn_support_s,rn_total_s,rn_verify,cpi_sdct_s,cpi_mcenum_s,cpi_count_s,cpi_pathinfo_s,cpi_total_s,speedup
dblp-core30,3,4,68,768,0.02,0.0,0.02,?,-0.001,-0.001,-0.001,-0.001,-1,-1
dblp-core30,3,5,62,752,0.03,0.0,0.03,?,-0.001,-0.001,-0.001,-0.001,-1,-1
dblp-core30,3,6,58,579,0.02,0.0,0.02,?,-0.001,-0.001,-0.001,-0.001,-1,-1
dblp-core30,3,7,52,364,0.02,0.0,0.02,?,-0.001,-0.001,-0.001,-0.001,-1,-1
dblp-core30,3,8,50,351,0.02,0.0,0.02,?,-0.001,-0.001,-0.001,-0.001,-1,-1
dblp-core30,3,9,48,346,0.03,0.0,0.03,?,-0.001,-0.001,-0.001,-0.001,-1,-1
dblp-core30,3,10,48,346,0.03,0.0,0.03,?,-0.001,-0.001,-0.001,-0.001,-1,-1
dblp-core30,3,11,47,344,0.02,0.0,0.02,?,-0.001,-0.001,-0.001,-0.001,-1,-1
dblp-core30,3,12,47,344,0.02,0.0,0.02,?,-0.001,-0.001,-0.001,-0.001,-1,-1
dblp-core30,3,13,47,344,0.02,0.0,0.02,?,-0.001,-0.001,-0.001,-0.001,-1,-1
dblp-core30,3,14,47,344,0.02,0.0,0.02,?,-0.001,-0.001,-0.001,-0.001,-1,-1
dblp-core30,3,15,47,344,0.02,0.0,0.02,?,-0.001,-0.001,-0.001,-0.001,-1,-1
dblp-core30,3,16,47,344,0.02,0.0,0.02,?,-0.001,-0.001,-0.001,-0.001,-1,-1
dblp-core30,3,17,47,344,0.02,0.0,0.02,?,-0.001,-0.001,-0.001,-0.001,-1,-1
dblp-core30,3,18,47,344,0.03,0.0,0.03,?,-0.001,-0.001,-0.001,-0.001,-1,-1
dblp-core30,3,19,47,344,0.03,0.0,0.03,?,-0.001,-0.001,-0.001,-0.001,-1,-1
dblp-core30,3,20,47,344,0.02,0.0,0.02,?,-0.001,-0.001,-0.001,-0.001,-1,-1
dblp-core30,4,5,62,1864,0.02,0.0,0.02,?,-0.001,-0.001,-0.001,-0.001,-1,-1
dblp-core30,4,6,58,1257,0.02,0.0,0.02,?,-0.001,-0.001,-0.001,-0.001,-1,-1
dblp-core30,4,7,52,700,0.01,0.0,0.01,?,-0.001,-0.001,-0.001,-0.001,-1,-1
dblp-core30,4,8,50,689,0.02,0.0,0.02,?,-0.001,-0.001,-0.001,-0.001,-1,-1
dblp-core30,4,9,48,683,0.02,0.0,0.02,?,-0.001,-0.001,-0.001,-0.001,-1,-1
dblp-core30,4,10,48,683,0.02,0.0,0.02,?,-0.001,-0.001,-0.001,-0.001,-1,-1
dblp-core30,4,11,47,681,0.02,0.0,0.02,?,-0.001,-0.001,-0.001,-0.001,-1,-1
dblp-core30,4,12,47,681,0.03,0.0,0.03,?,-0.001,-0.001,-0.001,-0.001,-1,-1
dblp-core30,4,13,47,681,0.02,0.0,0.02,?,-0.001,-0.001,-0.001,-0.001,-1,-1
dblp-core30,4,14,47,681,0.02,0.0,0.02,?,-0.001,-0.001,-0.001,-0.001,-1,-1
dblp-core30,4,15,47,681,0.02,0.0,0.02,?,-0.001,-0.001,-0.001,-0.001,-1,-1
dblp-core30,4,16,47,681,0.02,0.0,0.02,?,-0.001,-0.001,-0.001,-0.001,-1,-1
dblp-core30,4,17,47,681,0.03,0.0,0.03,?,-0.001,-0.001,-0.001,-0.001,-1,-1
dblp-core30,4,18,47,681,0.02,0.0,0.02,?,-0.001,-0.001,-0.001,-0.001,-1,-1
dblp-core30,4,19,47,681,0.02,0.0,0.02,?,-0.001,-0.001,-0.001,-0.001,-1,-1
dblp-core30,4,20,47,681,0.02,0.0,0.02,?,-0.001,-0.001,-0.001,-0.001,-1,-1
dblp-core30,5,6,58,2301,0.02,0.0,0.02,?,-0.001,-0.001,-0.001,-0.001,-1,-1
dblp-core30,5,7,52,1197,0.02,0.0,0.02,?,-0.001,-0.001,-0.001,-0.001,-1,-1
dblp-core30,5,8,50,1189,0.02,0.0,0.02,?,-0.001,-0.001,-0.001,-0.001,-1,-1
dblp-core30,5,9,48,1182,0.02,0.0,0.02,?,-0.001,-0.001,-0.001,-0.001,-1,-1
dblp-core30,5,10,48,1182,0.02,0.0,0.02,?,-0.001,-0.001,-0.001,-0.001,-1,-1
dblp-core30,5,11,47,1180,0.03,0.0,0.03,?,-0.001,-0.001,-0.001,-0.001,-1,-1
dblp-core30,5,12,47,1180,0.01,0.0,0.01,?,-0.001,-0.001,-0.001,-0.001,-1,-1
dblp-core30,5,13,47,1180,0.02,0.0,0.02,?,-0.001,-0.001,-0.001,-0.001,-1,-1
dblp-core30,5,14,47,1180,0.02,0.0,0.02,?,-0.001,-0.001,-0.001,-0.001,-1,-1
dblp-core30,5,15,47,1180,0.02,0.0,0.02,?,-0.001,-0.001,-0.001,-0.001,-1,-1
dblp-core30,5,16,47,1180,0.02,0.0,0.02,?,-0.001,-0.001,-0.001,-0.001,-1,-1
dblp-core30,5,17,47,1180,0.01,0.0,0.01,?,-0.001,-0.001,-0.001,-0.001,-1,-1
dblp-core30,5,18,47,1180,0.02,0.0,0.02,?,-0.001,-0.001,-0.001,-0.001,-1,-1
dblp-core30,5,19,47,1180,0.02,0.0,0.02,?,-0.001,-0.001,-0.001,-0.001,-1,-1
dblp-core30,5,20,47,1180,0.03,0.0,0.03,?,-0.001,-0.001,-0.001,-0.001,-1,-1
dblp-core30,6,7,52,1896,0.02,0.0,0.02,?,-0.001,-0.001,-0.001,-0.001,-1,-1
dblp-core30,6,8,50,1893,0.03,0.0,0.03,?,-0.001,-0.001,-0.001,-0.001,-1,-1
dblp-core30,6,9,48,1885,0.03,0.0,0.03,?,-0.001,-0.001,-0.001,-0.001,-1,-1
dblp-core30,6,10,48,1885,0.02,0.0,0.02,?,-0.001,-0.001,-0.001,-0.001,-1,-1
dblp-core30,6,11,47,1883,0.02,0.0,0.02,?,-0.001,-0.001,-0.001,-0.001,-1,-1
dblp-core30,6,12,47,1883,0.02,0.0,0.02,?,-0.001,-0.001,-0.001,-0.001,-1,-1
dblp-core30,6,13,47,1883,0.02,0.0,0.02,?,-0.001,-0.001,-0.001,-0.001,-1,-1
dblp-core30,6,14,47,1883,0.02,0.0,0.02,?,-0.001,-0.001,-0.001,-0.001,-1,-1
dblp-core30,6,15,47,1883,0.02,0.0,0.02,?,-0.001,-0.001,-0.001,-0.001,-1,-1
dblp-core30,6,16,47,1883,0.02,0.0,0.02,?,-0.001,-0.001,-0.001,-0.001,-1,-1
dblp-core30,6,17,47,1883,0.02,0.0,0.02,?,-0.001,-0.001,-0.001,-0.001,-1,-1
dblp-core30,6,18,47,1883,0.02,0.0,0.02,?,-0.001,-0.001,-0.001,-0.001,-1,-1
dblp-core30,6,19,47,1883,0.02,0.0,0.02,?,-0.001,-0.001,-0.001,-0.001,-1,-1
dblp-core30,6,20,47,1883,0.02,0.0,0.02,?,-0.001,-0.001,-0.001,-0.001,-1,-1
dblp-core30,7,8,50,2840,0.02,0.0,0.02,?,-0.001,-0.001,-0.001,-0.001,-1,-1
dblp-core30,7,9,48,2832,0.02,0.0,0.02,?,-0.001,-0.001,-0.001,-0.001,-1,-1
dblp-core30,7,10,48,2832,0.03,0.0,0.03,?,-0.001,-0.001,-0.001,-0.001,-1,-1
dblp-core30,7,11,47,2830,0.02,0.0,0.02,?,-0.001,-0.001,-0.001,-0.001,-1,-1
dblp-core30,7,12,47,2830,0.03,0.0,0.03,?,-0.001,-0.001,-0.001,-0.001,-1,-1
dblp-core30,7,13,47,2830,0.03,0.0,0.03,?,-0.001,-0.001,-0.001,-0.001,-1,-1
dblp-core30,7,14,47,2830,0.02,0.0,0.02,?,-0.001,-0.001,-0.001,-0.001,-1,-1
dblp-core30,7,15,47,2830,0.02,0.0,0.02,?,-0.001,-0.001,-0.001,-0.001,-1,-1
dblp-core30,7,16,47,2830,0.02,0.0,0.02,?,-0.001,-0.001,-0.001,-0.001,-1,-1
dblp-core30,7,17,47,2830,0.03,0.0,0.03,?,-0.001,-0.001,-0.001,-0.001,-1,-1
dblp-core30,7,18,47,2830,0.02,0.0,0.02,?,-0.001,-0.001,-0.001,-0.001,-1,-1
dblp-core30,7,19,47,2830,0.02,0.0,0.02,?,-0.001,-0.001,-0.001,-0.001,-1,-1
dblp-core30,7,20,47,2830,0.02,0.0,0.02,?,-0.001,-0.001,-0.001,-0.001,-1,-1
dblp-core30,8,9,48,4050,0.03,0.0,0.03,?,-0.001,-0.001,-0.001,-0.001,-1,-1
dblp-core30,8,10,48,4050,0.03,0.0,0.03,?,-0.001,-0.001,-0.001,-0.001,-1,-1
dblp-core30,8,11,47,4048,0.03,0.0,0.03,?,-0.001,-0.001,-0.001,-0.001,-1,-1
dblp-core30,8,12,47,4048,0.02,0.0,0.02,?,-0.001,-0.001,-0.001,-0.001,-1,-1
dblp-core30,8,13,47,4048,0.02,0.0,0.02,?,-0.001,-0.001,-0.001,-0.001,-1,-1
dblp-core30,8,14,47,4048,0.02,0.0,0.02,?,-0.001,-0.001,-0.001,-0.001,-1,-1
dblp-core30,8,15,47,4048,0.03,0.0,0.03,?,-0.001,-0.001,-0.001,-0.001,-1,-1
dblp-core30,8,16,47,4048,0.02,0.0,0.02,?,-0.001,-0.001,-0.001,-0.001,-1,-1
dblp-core30,8,17,47,4048,0.02,0.0,0.02,?,-0.001,-0.001,-0.001,-0.001,-1,-1
dblp-core30,8,18,47,4048,0.02,0.0,0.02,?,-0.001,-0.001,-0.001,-0.001,-1,-1
dblp-core30,8,19,47,4048,0.02,0.0,0.02,?,-0.001,-0.001,-0.001,-0.001,-1,-1
dblp-core30,8,20,47,4048,0.03,0.0,0.03,?,-0.001,-0.001,-0.001,-0.001,-1,-1
ca-GrQc,3,4,905,4192,0.02,0.0,0.02,?,-0.001,-0.001,-0.001,-0.001,-1,-1
ca-GrQc,3,5,311,3573,0.02,0.0,0.02,?,-0.001,-0.001,-0.001,-0.001,-1,-1
ca-GrQc,3,6,129,2750,0.02,0.0,0.02,?,-0.001,-0.001,-0.001,-0.001,-1,-1
ca-GrQc,3,7,77,1904,0.02,0.0,0.02,?,-0.001,-0.001,-0.001,-0.001,-1,-1
ca-GrQc,3,8,49,1371,0.02,0.0,0.02,?,-0.001,-0.001,-0.001,-0.001,-1,-1
ca-GrQc,3,9,36,577,0.02,0.0,0.02,?,-0.001,-0.001,-0.001,-0.001,-1,-1
ca-GrQc,3,10,27,138,0.02,0.0,0.02,?,-0.001,-0.001,-0.001,-0.001,-1,-1
ca-GrQc,3,11,23,50,0.02,0.0,0.02,?,-0.001,-0.001,-0.001,-0.001,-1,-1
ca-GrQc,3,12,22,49,0.02,0.0,0.02,?,-0.001,-0.001,-0.001,-0.001,-1,-1
ca-GrQc,3,13,18,35,0.02,0.0,0.02,?,-0.001,-0.001,-0.001,-0.001,-1,-1
ca-GrQc,3,14,16,11,0.01,0.0,0.01,?,-0.001,-0.001,-0.001,-0.001,-1,-1
ca-GrQc,3,15,15,11,0.02,0.0,0.02,?,-0.001,-0.001,-0.001,-0.001,-1,-1
ca-GrQc,3,16,14,11,0.01,0.0,0.01,?,-0.001,-0.001,-0.001,-0.001,-1,-1
ca-GrQc,3,17,13,11,0.02,0.0,0.02,?,-0.001,-0.001,-0.001,-0.001,-1,-1
ca-GrQc,3,18,13,11,0.02,0.0,0.02,?,-0.001,-0.001,-0.001,-0.001,-1,-1
ca-GrQc,3,19,11,11,0.02,0.0,0.02,?,-0.001,-0.001,-0.001,-0.001,-1,-1
ca-GrQc,3,20,11,11,0.02,0.0,0.02,?,-0.001,-0.001,-0.001,-0.001,-1,-1
ca-GrQc,4,5,311,18924,0.02,0.0,0.02,?,-0.001,-0.001,-0.001,-0.001,-1,-1
ca-GrQc,4,6,129,13574,0.02,0.0,0.02,?,-0.001,-0.001,-0.001,-0.001,-1,-1
ca-GrQc,4,7,77,8098,0.02,0.0,0.02,?,-0.001,-0.001,-0.001,-0.001,-1,-1
ca-GrQc,4,8,49,5539,0.02,0.0,0.02,?,-0.001,-0.001,-0.001,-0.001,-1,-1
ca-GrQc,4,9,36,1812,0.02,0.0,0.02,?,-0.001,-0.001,-0.001,-0.001,-1,-1
ca-GrQc,4,10,27,280,0.02,0.0,0.02,?,-0.001,-0.001,-0.001,-0.001,-1,-1
ca-GrQc,4,11,23,70,0.02,0.0,0.02,?,-0.001,-0.001,-0.001,-0.001,-1,-1
ca-GrQc,4,12,22,69,0.02,0.0,0.02,?,-0.001,-0.001,-0.001,-0.001,-1,-1
ca-GrQc,4,13,18,46,0.02,0.0,0.02,?,-0.001,-0.001,-0.001,-0.001,-1,-1
ca-GrQc,4,14,16,12,0.02,0.0,0.02,?,-0.001,-0.001,-0.001,-0.001,-1,-1
ca-GrQc,4,15,15,12,0.01,0.0,0.01,?,-0.001,-0.001,-0.001,-0.001,-1,-1
ca-GrQc,4,16,14,12,0.02,0.0,0.02,?,-0.001,-0.001,-0.001,-0.001,-1,-1
ca-GrQc,4,17,13,12,0.01,0.0,0.01,?,-0.001,-0.001,-0.001,-0.001,-1,-1
ca-GrQc,4,18,13,12,0.02,0.0,0.02,?,-0.001,-0.001,-0.001,-0.001,-1,-1
ca-GrQc,4,19,11,12,0.01,0.0,0.01,?,-0.001,-0.001,-0.001,-0.001,-1,-1
ca-GrQc,4,20,11,12,0.02,0.0,0.02,?,-0.001,-0.001,-0.001,-0.001,-1,-1
ca-GrQc,5,6,129,56302,0.02,0.01,0.03,?,-0.001,-0.001,-0.001,-0.001,-1,-1
ca-GrQc,5,7,77,28658,0.02,0.01,0.03,?,-0.001,-0.001,-0.001,-0.001,-1,-1
ca-GrQc,5,8,49,18290,0.02,0.0,0.02,?,-0.001,-0.001,-0.001,-0.001,-1,-1
ca-GrQc,5,9,36,4654,0.01,0.0,0.01,?,-0.001,-0.001,-0.001,-0.001,-1,-1
ca-GrQc,5,10,27,481,0.02,0.0,0.02,?,-0.001,-0.001,-0.001,-0.001,-1,-1
ca-GrQc,5,11,23,88,0.01,0.0,0.01,?,-0.001,-0.001,-0.001,-0.001,-1,-1
ca-GrQc,5,12,22,87,0.01,0.0,0.01,?,-0.001,-0.001,-0.001,-0.001,-1,-1
ca-GrQc,5,13,18,55,0.02,0.0,0.02,?,-0.001,-0.001,-0.001,-0.001,-1,-1
ca-GrQc,5,14,16,12,0.01,0.0,0.01,?,-0.001,-0.001,-0.001,-0.001,-1,-1
ca-GrQc,5,15,15,12,0.02,0.0,0.02,?,-0.001,-0.001,-0.001,-0.001,-1,-1
ca-GrQc,5,16,14,12,0.02,0.0,0.02,?,-0.001,-0.001,-0.001,-0.001,-1,-1
ca-GrQc,5,17,13,12,0.02,0.0,0.02,?,-0.001,-0.001,-0.001,-0.001,-1,-1
ca-GrQc,5,18,13,12,0.02,0.0,0.02,?,-0.001,-0.001,-0.001,-0.001,-1,-1
ca-GrQc,5,19,11,12,0.01,0.0,0.01,?,-0.001,-0.001,-0.001,-0.001,-1,-1
ca-GrQc,5,20,11,12,0.02,0.0,0.02,?,-0.001,-0.001,-0.001,-0.001,-1,-1
ca-GrQc,6,7,77,83680,0.01,0.01,0.02,?,-0.001,-0.001,-0.001,-0.001,-1,-1
ca-GrQc,6,8,49,49828,0.02,0.01,0.03,?,-0.001,-0.001,-0.001,-0.001,-1,-1
ca-GrQc,6,9,36,10020,0.01,0.0,0.01,?,-0.001,-0.001,-0.001,-0.001,-1,-1
ca-GrQc,6,10,27,729,0.02,0.0,0.02,?,-0.001,-0.001,-0.001,-0.001,-1,-1
ca-GrQc,6,11,23,106,0.02,0.0,0.02,?,-0.001,-0.001,-0.001,-0.001,-1,-1
ca-GrQc,6,12,22,105,0.02,0.0,0.02,?,-0.001,-0.001,-0.001,-0.001,-1,-1
ca-GrQc,6,13,18,64,0.02,0.0,0.02,?,-0.001,-0.001,-0.001,-0.001,-1,-1
ca-GrQc,6,14,16,12,0.02,0.0,0.02,?,-0.001,-0.001,-0.001,-0.001,-1,-1
ca-GrQc,6,15,15,12,0.02,0.0,0.02,?,-0.001,-0.001,-0.001,-0.001,-1,-1
ca-GrQc,6,16,14,12,0.02,0.0,0.02,?,-0.001,-0.001,-0.001,-0.001,-1,-1
ca-GrQc,6,17,13,12,0.02,0.0,0.02,?,-0.001,-0.001,-0.001,-0.001,-1,-1
ca-GrQc,6,18,13,12,0.02,0.0,0.02,?,-0.001,-0.001,-0.001,-0.001,-1,-1
ca-GrQc,6,19,11,12,0.02,0.0,0.02,?,-0.001,-0.001,-0.001,-0.001,-1,-1
ca-GrQc,6,20,11,12,0.02,0.0,0.02,?,-0.001,-0.001,-0.001,-0.001,-1,-1
ca-GrQc,7,8,49,113713,0.02,0.02,0.04,?,-0.001,-0.001,-0.001,-0.001,-1,-1
ca-GrQc,7,9,36,18541,0.02,0.0,0.02,?,-0.001,-0.001,-0.001,-0.001,-1,-1
ca-GrQc,7,10,27,993,0.01,0.0,0.01,?,-0.001,-0.001,-0.001,-0.001,-1,-1
ca-GrQc,7,11,23,123,0.02,0.0,0.02,?,-0.001,-0.001,-0.001,-0.001,-1,-1
ca-GrQc,7,12,22,123,0.02,0.0,0.02,?,-0.001,-0.001,-0.001,-0.001,-1,-1
ca-GrQc,7,13,18,73,0.02,0.0,0.02,?,-0.001,-0.001,-0.001,-0.001,-1,-1
ca-GrQc,7,14,16,12,0.02,0.0,0.02,?,-0.001,-0.001,-0.001,-0.001,-1,-1
ca-GrQc,7,15,15,12,0.01,0.0,0.01,?,-0.001,-0.001,-0.001,-0.001,-1,-1
ca-GrQc,7,16,14,12,0.02,0.0,0.02,?,-0.001,-0.001,-0.001,-0.001,-1,-1
ca-GrQc,7,17,13,12,0.01,0.0,0.01,?,-0.001,-0.001,-0.001,-0.001,-1,-1
ca-GrQc,7,18,13,12,0.02,0.0,0.02,?,-0.001,-0.001,-0.001,-0.001,-1,-1
ca-GrQc,7,19,11,12,0.02,0.0,0.02,?,-0.001,-0.001,-0.001,-0.001,-1,-1
ca-GrQc,7,20,11,12,0.02,0.0,0.02,?,-0.001,-0.001,-0.001,-0.001,-1,-1
ca-GrQc,8,9,36,30124,0.02,0.01,0.03,?,-0.001,-0.001,-0.001,-0.001,-1,-1
ca-GrQc,8,10,27,1243,0.02,0.0,0.02,?,-0.001,-0.001,-0.001,-0.001,-1,-1
ca-GrQc,8,11,23,140,0.02,0.0,0.02,?,-0.001,-0.001,-0.001,-0.001,-1,-1
ca-GrQc,8,12,22,140,0.02,0.0,0.02,?,-0.001,-0.001,-0.001,-0.001,-1,-1
ca-GrQc,8,13,18,82,0.02,0.0,0.02,?,-0.001,-0.001,-0.001,-0.001,-1,-1
ca-GrQc,8,14,16,12,0.02,0.0,0.02,?,-0.001,-0.001,-0.001,-0.001,-1,-1
ca-GrQc,8,15,15,12,0.02,0.0,0.02,?,-0.001,-0.001,-0.001,-0.001,-1,-1
ca-GrQc,8,16,14,12,0.02,0.0,0.02,?,-0.001,-0.001,-0.001,-0.001,-1,-1
ca-GrQc,8,17,13,12,0.02,0.0,0.02,?,-0.001,-0.001,-0.001,-0.001,-1,-1
ca-GrQc,8,18,13,12,0.02,0.0,0.02,?,-0.001,-0.001,-0.001,-0.001,-1,-1
ca-GrQc,8,19,11,12,0.02,0.0,0.02,?,-0.001,-0.001,-0.001,-0.001,-1,-1
ca-GrQc,8,20,11,12,0.02,0.0,0.02,?,-0.001,-0.001,-0.001,-0.001,-1,-1
ca-CondMat,3,4,8824,24947,0.06,0.05,0.11,?,-0.001,-0.001,-0.001,-0.001,-1,-1
ca-CondMat,3,5,4952,22414,0.06,0.04,0.1,?,-0.001,-0.001,-0.001,-0.001,-1,-1
ca-CondMat,3,6,2931,18622,0.06,0.03,0.09,?,-0.001,-0.001,-0.001,-0.001,-1,-1
ca-CondMat,3,7,1825,14968,0.06,0.02,0.08,?,-0.001,-0.001,-0.001,-0.001,-1,-1
ca-CondMat,3,8,1144,11599,0.06,0.01,0.07,?,-0.001,-0.001,-0.001,-0.001,-1,-1
ca-CondMat,3,9,683,7794,0.06,0.01,0.07,?,-0.001,-0.001,-0.001,-0.001,-1,-1
ca-CondMat,3,10,414,4866,0.06,0.0,0.06,?,-0.001,-0.001,-0.001,-0.001,-1,-1
ca-CondMat,3,11,247,2802,0.06,0.0,0.06,?,-0.001,-0.001,-0.001,-0.001,-1,-1
ca-CondMat,3,12,151,1548,0.06,0.0,0.06,?,-0.001,-0.001,-0.001,-0.001,-1,-1
ca-CondMat,3,13,94,1177,0.06,0.0,0.06,?,-0.001,-0.001,-0.001,-0.001,-1,-1
ca-CondMat,3,14,56,817,0.06,0.0,0.06,?,-0.001,-0.001,-0.001,-0.001,-1,-1
ca-CondMat,3,15,38,705,0.06,0.0,0.06,?,-0.001,-0.001,-0.001,-0.001,-1,-1
ca-CondMat,3,16,20,91,0.06,0.0,0.06,?,-0.001,-0.001,-0.001,-0.001,-1,-1
ca-CondMat,3,17,12,16,0.06,0.0,0.06,?,-0.001,-0.001,-0.001,-0.001,-1,-1
ca-CondMat,3,18,8,10,0.06,0.0,0.06,?,-0.001,-0.001,-0.001,-0.001,-1,-1
ca-CondMat,3,19,7,10,0.06,0.0,0.06,?,-0.001,-0.001,-0.001,-0.001,-1,-1
ca-CondMat,3,20,3,1,0.08,0.0,0.08,?,-0.001,-0.001,-0.001,-0.001,-1,-1
ca-CondMat,4,5,4952,29964,0.06,0.04,0.1,?,-0.001,-0.001,-0.001,-0.001,-1,-1
ca-CondMat,4,6,2931,27582,0.06,0.03,0.09,?,-0.001,-0.001,-0.001,-0.001,-1,-1
ca-CondMat,4,7,1825,24073,0.06,0.02,0.08,?,-0.001,-0.001,-0.001,-0.001,-1,-1
ca-CondMat,4,8,1144,20228,0.06,0.02,0.08,?,-0.001,-0.001,-0.001,-0.001,-1,-1
ca-CondMat,4,9,683,14688,0.06,0.01,0.07,?,-0.001,-0.001,-0.001,-0.001,-1,-1
ca-CondMat,4,10,414,9925,0.06,0.01,0.07,?,-0.001,-0.001,-0.001,-0.001,-1,-1
ca-CondMat,4,11,247,6385,0.06,0.0,0.06,?,-0.001,-0.001,-0.001,-0.001,-1,-1
ca-CondMat,4,12,151,3805,0.06,0.0,0.06,?,-0.001,-0.001,-0.001,-0.001,-1,-1
ca-CondMat,4,13,94,3152,0.06,0.0,0.06,?,-0.001,-0.001,-0.001,-0.001,-1,-1
ca-CondMat,4,14,56,2236,0.06,0.0,0.06,?,-0.001,-0.001,-0.001,-0.001,-1,-1
ca-CondMat,4,15,38,1915,0.06,0.0,0.06,?,-0.001,-0.001,-0.001,-0.001,-1,-1
ca-CondMat,4,16,20,127,0.06,0.0,0.06,?,-0.001,-0.001,-0.001,-0.001,-1,-1
ca-CondMat,4,17,12,13,0.06,0.0,0.06,?,-0.001,-0.001,-0.001,-0.001,-1,-1
ca-CondMat,4,18,8,10,0.06,0.0,0.06,?,-0.001,-0.001,-0.001,-0.001,-1,-1
ca-CondMat,4,19,7,10,0.06,0.0,0.06,?,-0.001,-0.001,-0.001,-0.001,-1,-1
ca-CondMat,4,20,3,1,0.06,0.0,0.06,?,-0.001,-0.001,-0.001,-0.001,-1,-1
ca-CondMat,5,6,2931,34007,0.06,0.03,0.09,?,-0.001,-0.001,-0.001,-0.001,-1,-1
ca-CondMat,5,7,1825,30515,0.06,0.02,0.08,?,-0.001,-0.001,-0.001,-0.001,-1,-1
ca-CondMat,5,8,1144,27208,0.06,0.02,0.08,?,-0.001,-0.001,-0.001,-0.001,-1,-1
ca-CondMat,5,9,683,21239,0.06,0.01,0.07,?,-0.001,-0.001,-0.001,-0.001,-1,-1
ca-CondMat,5,10,414,15787,0.06,0.01,0.07,?,-0.001,-0.001,-0.001,-0.001,-1,-1
ca-CondMat,5,11,247,11494,0.06,0.0,0.06,?,-0.001,-0.001,-0.001,-0.001,-1,-1
ca-CondMat,5,12,151,7226,0.06,0.0,0.06,?,-0.001,-0.001,-0.001,-0.001,-1,-1
ca-CondMat,5,13,94,6296,0.06,0.0,0.06,?,-0.001,-0.001,-0.001,-0.001,-1,-1
ca-CondMat,5,14,56,4511,0.06,0.0,0.06,?,-0.001,-0.001,-0.001,-0.001,-1,-1
ca-CondMat,5,15,38,3850,0.08,0.0,0.08,?,-0.001,-0.001,-0.001,-0.001,-1,-1
ca-CondMat,5,16,20,151,0.06,0.0,0.06,?,-0.001,-0.001,-0.001,-0.001,-1,-1
ca-CondMat,5,17,12,13,0.06,0.0,0.06,?,-0.001,-0.001,-0.001,-0.001,-1,-1
ca-CondMat,5,18,8,11,0.06,0.0,0.06,?,-0.001,-0.001,-0.001,-0.001,-1,-1
ca-CondMat,5,19,7,11,0.06,0.0,0.06,?,-0.001,-0.001,-0.001,-0.001,-1,-1
ca-CondMat,5,20,3,1,0.06,0.0,0.06,?,-0.001,-0.001,-0.001,-0.001,-1,-1
ca-CondMat,6,7,1825,33529,0.06,0.02,0.08,?,-0.001,-0.001,-0.001,-0.001,-1,-1
ca-CondMat,6,8,1144,30482,0.06,0.02,0.08,?,-0.001,-0.001,-0.001,-0.001,-1,-1
ca-CondMat,6,9,683,24768,0.06,0.01,0.07,?,-0.001,-0.001,-0.001,-0.001,-1,-1
ca-CondMat,6,10,414,19996,0.06,0.01,0.07,?,-0.001,-0.001,-0.001,-0.001,-1,-1
ca-CondMat,6,11,247,16209,0.06,0.01,0.07,?,-0.001,-0.001,-0.001,-0.001,-1,-1
ca-CondMat,6,12,151,10605,0.06,0.0,0.06,?,-0.001,-0.001,-0.001,-0.001,-1,-1
ca-CondMat,6,13,94,9567,0.06,0.0,0.06,?,-0.001,-0.001,-0.001,-0.001,-1,-1
ca-CondMat,6,14,56,6929,0.06,0.0,0.06,?,-0.001,-0.001,-0.001,-0.001,-1,-1
ca-CondMat,6,15,38,5930,0.06,0.0,0.06,?,-0.001,-0.001,-0.001,-0.001,-1,-1
ca-CondMat,6,16,20,163,0.06,0.0,0.06,?,-0.001,-0.001,-0.001,-0.001,-1,-1
ca-CondMat,6,17,12,14,0.06,0.0,0.06,?,-0.001,-0.001,-0.001,-0.001,-1,-1
ca-CondMat,6,18,8,13,0.06,0.0,0.06,?,-0.001,-0.001,-0.001,-0.001,-1,-1
ca-CondMat,6,19,7,13,0.06,0.0,0.06,?,-0.001,-0.001,-0.001,-0.001,-1,-1
ca-CondMat,6,20,3,1,0.06,0.0,0.06,?,-0.001,-0.001,-0.001,-0.001,-1,-1
ca-CondMat,7,8,1144,30200,0.06,0.02,0.08,?,-0.001,-0.001,-0.001,-0.001,-1,-1
ca-CondMat,7,9,683,24245,0.06,0.01,0.07,?,-0.001,-0.001,-0.001,-0.001,-1,-1
ca-CondMat,7,10,414,20424,0.06,0.01,0.07,?,-0.001,-0.001,-0.001,-0.001,-1,-1
ca-CondMat,7,11,247,17894,0.06,0.01,0.07,?,-0.001,-0.001,-0.001,-0.001,-1,-1
ca-CondMat,7,12,151,12178,0.06,0.0,0.06,?,-0.001,-0.001,-0.001,-0.001,-1,-1
ca-CondMat,7,13,94,11280,0.06,0.0,0.06,?,-0.001,-0.001,-0.001,-0.001,-1,-1
ca-CondMat,7,14,56,8315,0.06,0.0,0.06,?,-0.001,-0.001,-0.001,-0.001,-1,-1
ca-CondMat,7,15,38,7178,0.06,0.0,0.06,?,-0.001,-0.001,-0.001,-0.001,-1,-1
ca-CondMat,7,16,20,163,0.06,0.0,0.06,?,-0.001,-0.001,-0.001,-0.001,-1,-1
ca-CondMat,7,17,12,14,0.06,0.0,0.06,?,-0.001,-0.001,-0.001,-0.001,-1,-1
ca-CondMat,7,18,8,14,0.06,0.0,0.06,?,-0.001,-0.001,-0.001,-0.001,-1,-1
ca-CondMat,7,19,7,14,0.07,0.0,0.07,?,-0.001,-0.001,-0.001,-0.001,-1,-1
ca-CondMat,7,20,3,1,0.06,0.0,0.06,?,-0.001,-0.001,-0.001,-0.001,-1,-1
ca-CondMat,8,9,683,20382,0.06,0.01,0.07,?,-0.001,-0.001,-0.001,-0.001,-1,-1
ca-CondMat,8,10,414,16911,0.06,0.01,0.07,?,-0.001,-0.001,-0.001,-0.001,-1,-1
ca-CondMat,8,11,247,15513,0.06,0.01,0.07,?,-0.001,-0.001,-0.001,-0.001,-1,-1
ca-CondMat,8,12,151,11044,0.06,0.0,0.06,?,-0.001,-0.001,-0.001,-0.001,-1,-1
ca-CondMat,8,13,94,10443,0.06,0.0,0.06,?,-0.001,-0.001,-0.001,-0.001,-1,-1
ca-CondMat,8,14,56,7897,0.06,0.0,0.06,?,-0.001,-0.001,-0.001,-0.001,-1,-1
ca-CondMat,8,15,38,6912,0.06,0.0,0.06,?,-0.001,-0.001,-0.001,-0.001,-1,-1
ca-CondMat,8,16,20,160,0.06,0.0,0.06,?,-0.001,-0.001,-0.001,-0.001,-1,-1
ca-CondMat,8,17,12,15,0.06,0.0,0.06,?,-0.001,-0.001,-0.001,-0.001,-1,-1
ca-CondMat,8,18,8,15,0.06,0.0,0.06,?,-0.001,-0.001,-0.001,-0.001,-1,-1
ca-CondMat,8,19,7,15,0.06,0.0,0.06,?,-0.001,-0.001,-0.001,-0.001,-1,-1
ca-CondMat,8,20,3,1,0.06,0.0,0.06,?,-0.001,-0.001,-0.001,-0.001,-1,-1
com-dblp,3,4,96786,167046,0.61,0.29,0.9,?,-0.001,-0.001,-0.001,-0.001,-1,-1
com-dblp,3,5,43751,131495,0.59,0.18,0.77,?,-0.001,-0.001,-0.001,-0.001,-1,-1
com-dblp,3,6,20034,94432,0.6,0.1,0.7,?,-0.001,-0.001,-0.001,-0.001,-1,-1
com-dblp,3,7,9918,66457,0.59,0.06,0.65,?,-0.001,-0.001,-0.001,-0.001,-1,-1
com-dblp,3,8,5433,47216,0.6,0.04,0.64,?,-0.001,-0.001,-0.001,-0.001,-1,-1
com-dblp,3,9,3206,32285,0.6,0.02,0.62,?,-0.001,-0.001,-0.001,-0.001,-1,-1
com-dblp,3,10,2049,24049,0.59,0.02,0.61,?,-0.001,-0.001,-0.001,-0.001,-1,-1
com-dblp,3,11,1375,20430,0.59,0.01,0.6,?,-0.001,-0.001,-0.001,-0.001,-1,-1
com-dblp,3,12,989,15308,0.59,0.01,0.6,?,-0.001,-0.001,-0.001,-0.001,-1,-1
com-dblp,3,13,759,12938,0.6,0.01,0.61,?,-0.001,-0.001,-0.001,-0.001,-1,-1
com-dblp,3,14,566,10548,0.59,0.0,0.59,?,-0.001,-0.001,-0.001,-0.001,-1,-1
com-dblp,3,15,438,8864,0.59,0.0,0.59,?,-0.001,-0.001,-0.001,-0.001,-1,-1
com-dblp,3,16,349,7078,0.59,0.0,0.59,?,-0.001,-0.001,-0.001,-0.001,-1,-1
com-dblp,3,17,273,6037,0.59,0.0,0.59,?,-0.001,-0.001,-0.001,-0.001,-1,-1
com-dblp,3,18,227,5477,0.59,0.0,0.59,?,-0.001,-0.001,-0.001,-0.001,-1,-1
com-dblp,3,19,190,4801,0.59,0.0,0.59,?,-0.001,-0.001,-0.001,-0.001,-1,-1
com-dblp,3,20,170,3790,0.59,0.0,0.59,?,-0.001,-0.001,-0.001,-0.001,-1,-1
com-dblp,4,5,43751,341151,0.6,0.19,0.79,?,-0.001,-0.001,-0.001,-0.001,-1,-1
com-dblp,4,6,20034,302030,0.59,0.13,0.72,?,-0.001,-0.001,-0.001,-0.001,-1,-1
com-dblp,4,7,9918,263117,0.59,0.09,0.68,?,-0.001,-0.001,-0.001,-0.001,-1,-1
com-dblp,4,8,5433,202389,0.59,0.06,0.65,?,-0.001,-0.001,-0.001,-0.001,-1,-1
com-dblp,4,9,3206,142641,0.59,0.04,0.63,?,-0.001,-0.001,-0.001,-0.001,-1,-1
com-dblp,4,10,2049,113092,0.59,0.03,0.62,?,-0.001,-0.001,-0.001,-0.001,-1,-1
com-dblp,4,11,1375,104663,0.6,0.02,0.62,?,-0.001,-0.001,-0.001,-0.001,-1,-1
com-dblp,4,12,989,77398,0.59,0.02,0.61,?,-0.001,-0.001,-0.001,-0.001,-1,-1
com-dblp,4,13,759,66432,0.59,0.01,0.6,?,-0.001,-0.001,-0.001,-0.001,-1,-1
com-dblp,4,14,566,52315,0.6,0.01,0.61,?,-0.001,-0.001,-0.001,-0.001,-1,-1
com-dblp,4,15,438,46559,0.59,0.01,0.6,?,-0.001,-0.001,-0.001,-0.001,-1,-1
com-dblp,4,16,349,33284,0.59,0.01,0.6,?,-0.001,-0.001,-0.001,-0.001,-1,-1
com-dblp,4,17,273,29852,0.59,0.01,0.6,?,-0.001,-0.001,-0.001,-0.001,-1,-1
com-dblp,4,18,227,28389,0.59,0.01,0.6,?,-0.001,-0.001,-0.001,-0.001,-1,-1
com-dblp,4,19,190,24544,0.59,0.0,0.59,?,-0.001,-0.001,-0.001,-0.001,-1,-1
com-dblp,4,20,170,17412,0.59,0.0,0.59,?,-0.001,-0.001,-0.001,-0.001,-1,-1
com-dblp,5,6,20034,1572041,0.59,0.26,0.85,?,-0.001,-0.001,-0.001,-0.001,-1,-1
com-dblp,5,7,9918,1464184,0.59,0.21,0.8,?,-0.001,-0.001,-0.001,-0.001,-1,-1
com-dblp,5,8,5433,1068792,0.61,0.15,0.76,?,-0.001,-0.001,-0.001,-0.001,-1,-1
com-dblp,5,9,3206,691621,0.59,0.1,0.69,?,-0.001,-0.001,-0.001,-0.001,-1,-1
com-dblp,5,10,2049,553955,0.59,0.07,0.66,?,-0.001,-0.001,-0.001,-0.001,-1,-1
com-dblp,5,11,1375,533167,0.59,0.07,0.66,?,-0.001,-0.001,-0.001,-0.001,-1,-1
com-dblp,5,12,989,363632,0.6,0.05,0.65,?,-0.001,-0.001,-0.001,-0.001,-1,-1
com-dblp,5,13,759,308251,0.59,0.04,0.63,?,-0.001,-0.001,-0.001,-0.001,-1,-1
com-dblp,5,14,566,230160,0.59,0.03,0.62,?,-0.001,-0.001,-0.001,-0.001,-1,-1
com-dblp,5,15,438,215294,0.59,0.03,0.62,?,-0.001,-0.001,-0.001,-0.001,-1,-1
com-dblp,5,16,349,135032,0.59,0.02,0.61,?,-0.001,-0.001,-0.001,-0.001,-1,-1
com-dblp,5,17,273,126912,0.59,0.02,0.61,?,-0.001,-0.001,-0.001,-0.001,-1,-1
com-dblp,5,18,227,123806,0.59,0.02,0.61,?,-0.001,-0.001,-0.001,-0.001,-1,-1
com-dblp,5,19,190,105491,0.59,0.01,0.6,?,-0.001,-0.001,-0.001,-0.001,-1,-1
com-dblp,5,20,170,67744,0.6,0.01,0.61,?,-0.001,-0.001,-0.001,-0.001,-1,-1
com-dblp,6,7,9918,8503051,0.59,0.88,1.47,?,-0.001,-0.001,-0.001,-0.001,-1,-1
com-dblp,6,8,5433,5740158,0.59,0.59,1.18,?,-0.001,-0.001,-0.001,-0.001,-1,-1
com-dblp,6,9,3206,3297775,0.59,0.35,0.94,?,-0.001,-0.001,-0.001,-0.001,-1,-1
com-dblp,6,10,2049,2623209,0.59,0.27,0.86,?,-0.001,-0.001,-0.001,-0.001,-1,-1
com-dblp,6,11,1375,2564884,0.59,0.25,0.84,?,-0.001,-0.001,-0.001,-0.001,-1,-1
com-dblp,6,12,989,1569491,0.59,0.17,0.76,?,-0.001,-0.001,-0.001,-0.001,-1,-1
com-dblp,6,13,759,1299851,0.59,0.13,0.72,?,-0.001,-0.001,-0.001,-0.001,-1,-1
com-dblp,6,14,566,912485,0.59,0.1,0.69,?,-0.001,-0.001,-0.001,-0.001,-1,-1
com-dblp,6,15,438,882489,0.6,0.09,0.69,?,-0.001,-0.001,-0.001,-0.001,-1,-1
com-dblp,6,16,349,484875,0.59,0.05,0.64,?,-0.001,-0.001,-0.001,-0.001,-1,-1
com-dblp,6,17,273,470254,0.6,0.05,0.65,?,-0.001,-0.001,-0.001,-0.001,-1,-1
com-dblp,6,18,227,464814,0.59,0.05,0.64,?,-0.001,-0.001,-0.001,-0.001,-1,-1
com-dblp,6,19,190,389950,0.59,0.04,0.63,?,-0.001,-0.001,-0.001,-0.001,-1,-1
com-dblp,6,20,170,228163,0.59,0.02,0.61,?,-0.001,-0.001,-0.001,-0.001,-1,-1
com-dblp,7,8,5433,28358256,0.59,2.59,3.18,?,-0.001,-0.001,-0.001,-0.001,-1,-1
com-dblp,7,9,3206,14500485,0.59,1.38,1.97,?,-0.001,-0.001,-0.001,-0.001,-1,-1
com-dblp,7,10,2049,11426323,0.59,1.04,1.63,?,-0.001,-0.001,-0.001,-0.001,-1,-1
com-dblp,7,11,1375,11259295,0.48,0.83,1.31,?,-0.001,-0.001,-0.001,-0.001,-1,-1
com-dblp,7,12,989,6163933,0.59,0.61,1.2,?,-0.001,-0.001,-0.001,-0.001,-1,-1
com-dblp,7,13,759,4979753,0.48,0.37,0.85,?,-0.001,-0.001,-0.001,-0.001,-1,-1
com-dblp,7,14,566,3277534,0.59,0.32,0.91,?,-0.001,-0.001,-0.001,-0.001,-1,-1
com-dblp,7,15,438,3227942,0.59,0.31,0.9,?,-0.001,-0.001,-0.001,-0.001,-1,-1
com-dblp,7,16,349,1566695,0.59,0.15,0.74,?,-0.001,-0.001,-0.001,-0.001,-1,-1
com-dblp,7,17,273,1545669,0.6,0.15,0.75,?,-0.001,-0.001,-0.001,-0.001,-1,-1
com-dblp,7,18,227,1537679,0.59,0.14,0.73,?,-0.001,-0.001,-0.001,-0.001,-1,-1
com-dblp,7,19,190,1269389,0.59,0.11,0.7,?,-0.001,-0.001,-0.001,-0.001,-1,-1
com-dblp,7,20,170,679364,0.59,0.06,0.65,?,-0.001,-0.001,-0.001,-0.001,-1,-1
com-dblp,8,9,3206,57619001,0.59,4.61,5.2,?,-0.001,-0.001,-0.001,-0.001,-1,-1
com-dblp,8,10,2049,44900632,0.48,3.24,3.72,?,-0.001,-0.001,-0.001,-0.001,-1,-1
com-dblp,8,11,1375,44464262,0.59,3.69,4.28,?,-0.001,-0.001,-0.001,-0.001,-1,-1
com-dblp,8,12,989,21871564,0.48,1.62,2.1,?,-0.001,-0.001,-0.001,-0.001,-1,-1
com-dblp,8,13,759,17260971,0.48,1.26,1.74,?,-0.001,-0.001,-0.001,-0.001,-1,-1
com-dblp,8,14,566,10656864,0.48,0.81,1.29,?,-0.001,-0.001,-0.001,-0.001,-1,-1
com-dblp,8,15,438,10585797,0.59,0.97,1.56,?,-0.001,-0.001,-0.001,-0.001,-1,-1
com-dblp,8,16,349,4589150,0.48,0.35,0.83,?,-0.001,-0.001,-0.001,-0.001,-1,-1
com-dblp,8,17,273,4564015,0.59,0.43,1.02,?,-0.001,-0.001,-0.001,-0.001,-1,-1
com-dblp,8,18,227,4554006,0.49,0.34,0.83,?,-0.001,-0.001,-0.001,-0.001,-1,-1
com-dblp,8,19,190,3701240,0.51,0.33,0.84,?,-0.001,-0.001,-0.001,-0.001,-1,-1
com-dblp,8,20,170,1815484,0.59,0.15,0.74,?,-0.001,-0.001,-0.001,-0.001,-1,-1
web-it-2004,3,4,84871,206649,5.85,2.76,8.61,?,-0.001,-0.001,-0.001,-0.001,-1,-1
web-it-2004,3,5,84336,188360,5.69,2.73,8.42,?,-0.001,-0.001,-0.001,-0.001,-1,-1
web-it-2004,3,6,83925,156141,5.7,2.73,8.43,?,-0.001,-0.001,-0.001,-0.001,-1,-1
web-it-2004,3,7,83442,135325,5.57,2.7,8.27,?,-0.001,-0.001,-0.001,-0.001,-1,-1
web-it-2004,3,8,82817,128135,5.75,2.62,8.37,?,-0.001,-0.001,-0.001,-0.001,-1,-1
web-it-2004,3,9,81738,122448,5.7,2.16,7.86,?,-0.001,-0.001,-0.001,-0.001,-1,-1
web-it-2004,3,10,78781,60193,5.67,0.83,6.5,?,-0.001,-0.001,-0.001,-0.001,-1,-1
web-it-2004,3,11,51851,18309,6.11,0.25,6.36,?,-0.001,-0.001,-0.001,-0.001,-1,-1
web-it-2004,3,12,51659,17418,5.57,0.25,5.82,?,-0.001,-0.001,-0.001,-0.001,-1,-1
web-it-2004,3,13,51527,16643,5.92,0.24,6.16,?,-0.001,-0.001,-0.001,-0.001,-1,-1
web-it-2004,3,14,51088,15727,5.57,0.23,5.8,?,-0.001,-0.001,-0.001,-0.001,-1,-1
web-it-2004,3,15,49948,14687,5.71,0.21,5.92,?,-0.001,-0.001,-0.001,-0.001,-1,-1
web-it-2004,3,16,44348,8822,5.76,0.11,5.87,?,-0.001,-0.001,-0.001,-0.001,-1,-1
web-it-2004,3,17,14950,7081,5.67,0.01,5.68,?,-0.001,-0.001,-0.001,-0.001,-1,-1
web-it-2004,3,18,10052,6681,5.82,0.01,5.83,?,-0.001,-0.001,-0.001,-0.001,-1,-1
web-it-2004,3,19,5796,6208,5.55,0.01,5.56,?,-0.001,-0.001,-0.001,-0.001,-1,-1
web-it-2004,3,20,4095,6015,5.69,0.01,5.7,?,-0.001,-0.001,-0.001,-0.001,-1,-1
web-it-2004,4,5,84336,423228,5.67,3.2,8.87,?,-0.001,-0.001,-0.001,-0.001,-1,-1
web-it-2004,4,6,83925,279184,5.71,3.18,8.89,?,-0.001,-0.001,-0.001,-0.001,-1,-1
web-it-2004,4,7,83442,209415,5.71,3.15,8.86,?,-0.001,-0.001,-0.001,-0.001,-1,-1
web-it-2004,4,8,82817,192243,5.66,3.1,8.76,?,-0.001,-0.001,-0.001,-0.001,-1,-1
web-it-2004,4,9,81738,181555,5.67,2.58,8.25,?,-0.001,-0.001,-0.001,-0.001,-1,-1
web-it-2004,4,10,78781,104695,5.65,0.96,6.61,?,-0.001,-0.001,-0.001,-0.001,-1,-1
web-it-2004,4,11,51851,48963,5.57,0.28,5.85,?,-0.001,-0.001,-0.001,-0.001,-1,-1
web-it-2004,4,12,51659,46199,5.58,0.27,5.85,?,-0.001,-0.001,-0.001,-0.001,-1,-1
web-it-2004,4,13,51527,42451,5.56,0.26,5.82,?,-0.001,-0.001,-0.001,-0.001,-1,-1
web-it-2004,4,14,51088,39566,5.74,0.25,5.99,?,-0.001,-0.001,-0.001,-0.001,-1,-1
web-it-2004,4,15,49948,36595,5.71,0.23,5.94,?,-0.001,-0.001,-0.001,-0.001,-1,-1
web-it-2004,4,16,44348,28337,5.56,0.13,5.69,?,-0.001,-0.001,-0.001,-0.001,-1,-1
web-it-2004,4,17,14950,23927,5.99,0.01,6.0,?,-0.001,-0.001,-0.001,-0.001,-1,-1
web-it-2004,4,18,10052,22694,5.67,0.01,5.68,?,-0.001,-0.001,-0.001,-0.001,-1,-1
web-it-2004,4,19,5796,20792,5.68,0.01,5.69,?,-0.001,-0.001,-0.001,-0.001,-1,-1
web-it-2004,4,20,4095,20289,5.79,0.01,5.8,?,-0.001,-0.001,-0.001,-0.001,-1,-1
web-it-2004,5,6,83925,550475,5.57,3.8,9.37,?,-0.001,-0.001,-0.001,-0.001,-1,-1
web-it-2004,5,7,83442,375828,5.66,3.73,9.39,?,-0.001,-0.001,-0.001,-0.001,-1,-1
web-it-2004,5,8,82817,340275,5.88,3.69,9.57,?,-0.001,-0.001,-0.001,-0.001,-1,-1
web-it-2004,5,9,81738,320949,5.57,3.19,8.76,?,-0.001,-0.001,-0.001,-0.001,-1,-1
web-it-2004,5,10,78781,217671,5.67,1.12,6.79,?,-0.001,-0.001,-0.001,-0.001,-1,-1
web-it-2004,5,11,51851,137204,5.79,0.31,6.1,?,-0.001,-0.001,-0.001,-0.001,-1,-1
web-it-2004,5,12,51659,128857,5.57,0.31,5.88,?,-0.001,-0.001,-0.001,-0.001,-1,-1
web-it-2004,5,13,51527,114012,5.56,0.3,5.86,?,-0.001,-0.001,-0.001,-0.001,-1,-1
web-it-2004,5,14,51088,106183,5.68,0.28,5.96,?,-0.001,-0.001,-0.001,-0.001,-1,-1
web-it-2004,5,15,49948,96825,5.76,0.26,6.02,?,-0.001,-0.001,-0.001,-0.001,-1,-1
web-it-2004,5,16,44348,80851,5.69,0.15,5.84,?,-0.001,-0.001,-0.001,-0.001,-1,-1
web-it-2004,5,17,14950,68156,5.59,0.02,5.61,?,-0.001,-0.001,-0.001,-0.001,-1,-1
web-it-2004,5,18,10052,65081,5.78,0.02,5.8,?,-0.001,-0.001,-0.001,-0.001,-1,-1
web-it-2004,5,19,5796,58204,5.78,0.02,5.8,?,-0.001,-0.001,-0.001,-0.001,-1,-1
web-it-2004,5,20,4095,57073,5.56,0.02,5.58,?,-0.001,-0.001,-0.001,-0.001,-1,-1
web-it-2004,6,7,83442,758151,5.57,4.53,10.1,?,-0.001,-0.001,-0.001,-0.001,-1,-1
web-it-2004,6,8,82817,684406,5.66,4.38,10.04,?,-0.001,-0.001,-0.001,-0.001,-1,-1
web-it-2004,6,9,81738,645068,5.87,3.85,9.72,?,-0.001,-0.001,-0.001,-0.001,-1,-1
web-it-2004,6,10,78781,490459,5.69,1.34,7.03,?,-0.001,-0.001,-0.001,-0.001,-1,-1
web-it-2004,6,11,51851,357913,6.0,0.38,6.38,?,-0.001,-0.001,-0.001,-0.001,-1,-1
web-it-2004,6,12,51659,336364,5.56,0.37,5.93,?,-0.001,-0.001,-0.001,-0.001,-1,-1
web-it-2004,6,13,51527,286165,5.58,0.35,5.93,?,-0.001,-0.001,-0.001,-0.001,-1,-1
web-it-2004,6,14,51088,267934,5.76,0.34,6.1,?,-0.001,-0.001,-0.001,-0.001,-1,-1
web-it-2004,6,15,49948,241146,5.94,0.31,6.25,?,-0.001,-0.001,-0.001,-0.001,-1,-1
web-it-2004,6,16,44348,205577,5.7,0.19,5.89,?,-0.001,-0.001,-0.001,-0.001,-1,-1
web-it-2004,6,17,14950,168794,5.68,0.04,5.72,?,-0.001,-0.001,-0.001,-0.001,-1,-1
web-it-2004,6,18,10052,162103,5.68,0.04,5.72,?,-0.001,-0.001,-0.001,-0.001,-1,-1
web-it-2004,6,19,5796,140426,5.63,0.03,5.66,?,-0.001,-0.001,-0.001,-0.001,-1,-1
web-it-2004,6,20,4095,138241,5.67,0.03,5.7,?,-0.001,-0.001,-0.001,-0.001,-1,-1
web-it-2004,7,8,82817,1435719,5.66,4.66,10.32,?,-0.001,-0.001,-0.001,-0.001,-1,-1
web-it-2004,7,9,81738,1348834,5.73,4.18,9.91,?,-0.001,-0.001,-0.001,-0.001,-1,-1
web-it-2004,7,10,78781,1098772,5.56,1.57,7.13,?,-0.001,-0.001,-0.001,-0.001,-1,-1
web-it-2004,7,11,51851,853913,5.72,0.51,6.23,?,-0.001,-0.001,-0.001,-0.001,-1,-1
web-it-2004,7,12,51659,806173,5.9,0.48,6.38,?,-0.001,-0.001,-0.001,-0.001,-1,-1
web-it-2004,7,13,51527,656221,5.56,0.45,6.01,?,-0.001,-0.001,-0.001,-0.001,-1,-1
web-it-2004,7,14,51088,617340,5.69,0.42,6.11,?,-0.001,-0.001,-0.001,-0.001,-1,-1
web-it-2004,7,15,49948,548876,5.71,0.39,6.1,?,-0.001,-0.001,-0.001,-0.001,-1,-1
web-it-2004,7,16,44348,472537,5.73,0.26,5.99,?,-0.001,-0.001,-0.001,-0.001,-1,-1
web-it-2004,7,17,14950,371390,5.65,0.08,5.73,?,-0.001,-0.001,-0.001,-0.001,-1,-1
web-it-2004,7,18,10052,358460,5.74,0.08,5.82,?,-0.001,-0.001,-0.001,-0.001,-1,-1
web-it-2004,7,19,5796,299590,5.57,0.06,5.63,?,-0.001,-0.001,-0.001,-0.001,-1,-1
web-it-2004,7,20,4095,295938,5.85,0.06,5.91,?,-0.001,-0.001,-0.001,-0.001,-1,-1
web-it-2004,8,9,81738,2740535,5.59,4.81,10.4,?,-0.001,-0.001,-0.001,-0.001,-1,-1
web-it-2004,8,10,78781,2351053,5.68,1.98,7.66,?,-0.001,-0.001,-0.001,-0.001,-1,-1
web-it-2004,8,11,51851,1872330,5.99,0.74,6.73,?,-0.001,-0.001,-0.001,-0.001,-1,-1
web-it-2004,8,12,51659,1779238,5.67,0.7,6.37,?,-0.001,-0.001,-0.001,-0.001,-1,-1
web-it-2004,8,13,51527,1377157,5.71,0.61,6.32,?,-0.001,-0.001,-0.001,-0.001,-1,-1
web-it-2004,8,14,51088,1298033,5.68,0.59,6.27,?,-0.001,-0.001,-0.001,-0.001,-1,-1
web-it-2004,8,15,49948,1139753,5.92,0.53,6.45,?,-0.001,-0.001,-0.001,-0.001,-1,-1
web-it-2004,8,16,44348,991899,5.68,0.38,6.06,?,-0.001,-0.001,-0.001,-0.001,-1,-1
web-it-2004,8,17,14950,737283,5.82,0.15,5.97,?,-0.001,-0.001,-0.001,-0.001,-1,-1
web-it-2004,8,18,10052,714963,5.65,0.15,5.8,?,-0.001,-0.001,-0.001,-0.001,-1,-1
web-it-2004,8,19,5796,576058,5.64,0.12,5.76,?,-0.001,-0.001,-0.001,-0.001,-1,-1
web-it-2004,8,20,4095,570682,5.66,0.12,5.78,?,-0.001,-0.001,-0.001,-0.001,-1,-1
ca-HepPh,3,4,8093,305462,0.18,14.02,14.2,?,-0.001,-0.001,-0.001,-0.001,-1,-1
ca-HepPh,3,5,5271,299572,0.22,13.77,13.99,?,-0.001,-0.001,-0.001,-0.001,-1,-1
ca-HepPh,3,6,4024,293108,0.22,13.56,13.78,?,-0.001,-0.001,-0.001,-0.001,-1,-1
ca-HepPh,3,7,3419,280203,0.22,13.09,13.31,?,-0.001,-0.001,-0.001,-0.001,-1,-1
ca-HepPh,3,8,3080,261891,0.18,12.71,12.89,?,-0.001,-0.001,-0.001,-0.001,-1,-1
ca-HepPh,3,9,2816,253249,0.17,11.91,12.08,?,-0.001,-0.001,-0.001,-0.001,-1,-1
ca-HepPh,3,10,2564,242277,0.22,11.62,11.84,?,-0.001,-0.001,-0.001,-0.001,-1,-1
ca-HepPh,3,11,2365,237745,0.18,11.32,11.5,?,-0.001,-0.001,-0.001,-0.001,-1,-1
ca-HepPh,3,12,2131,225383,0.22,10.53,10.75,?,-0.001,-0.001,-0.001,-0.001,-1,-1
ca-HepPh,3,13,1876,218423,0.18,9.41,9.59,?,-0.001,-0.001,-0.001,-0.001,-1,-1
ca-HepPh,3,14,1639,213244,0.18,8.52,8.7,?,-0.001,-0.001,-0.001,-0.001,-1,-1
ca-HepPh,3,15,1430,205037,0.18,7.93,8.11,?,-0.001,-0.001,-0.001,-0.001,-1,-1
ca-HepPh,3,16,1273,194648,0.22,7.0,7.22,?,-0.001,-0.001,-0.001,-0.001,-1,-1
ca-HepPh,3,17,1125,191707,0.18,6.37,6.55,?,-0.001,-0.001,-0.001,-0.001,-1,-1
ca-HepPh,3,18,1024,188883,0.22,5.77,5.99,?,-0.001,-0.001,-0.001,-0.001,-1,-1
ca-HepPh,3,19,884,179297,0.18,5.19,5.37,?,-0.001,-0.001,-0.001,-0.001,-1,-1
ca-HepPh,3,20,774,176097,0.18,4.21,4.39,?,-0.001,-0.001,-0.001,-0.001,-1,-1
ca-HepPh,4,5,5271,3272778,0.22,21.87,22.09,?,-0.001,-0.001,-0.001,-0.001,-1,-1
ca-HepPh,4,6,4024,3218437,0.22,22.12,22.34,?,-0.001,-0.001,-0.001,-0.001,-1,-1
ca-HepPh,4,7,3419,3052093,0.22,20.25,20.47,?,-0.001,-0.001,-0.001,-0.001,-1,-1
ca-HepPh,4,8,3080,2775416,0.22,19.78,20.0,?,-0.001,-0.001,-0.001,-0.001,-1,-1
ca-HepPh,4,9,2816,2684378,0.22,19.05,19.27,?,-0.001,-0.001,-0.001,-0.001,-1,-1
ca-HepPh,4,10,2564,2553613,0.22,18.54,18.76,?,-0.001,-0.001,-0.001,-0.001,-1,-1
ca-HepPh,4,11,2365,2522843,0.18,17.39,17.57,?,-0.001,-0.001,-0.001,-0.001,-1,-1
ca-HepPh,4,12,2131,2347500,0.22,16.4,16.62,?,-0.001,-0.001,-0.001,-0.001,-1,-1
ca-HepPh,4,13,1876,2278284,0.22,15.4,15.62,?,-0.001,-0.001,-0.001,-0.001,-1,-1
ca-HepPh,4,14,1639,2242362,0.22,13.99,14.21,?,-0.001,-0.001,-0.001,-0.001,-1,-1
ca-HepPh,4,15,1430,2144878,0.22,12.82,13.04,?,-0.001,-0.001,-0.001,-0.001,-1,-1
ca-HepPh,4,16,1273,2014320,0.22,11.24,11.46,?,-0.001,-0.001,-0.001,-0.001,-1,-1
ca-HepPh,4,17,1125,1999175,0.18,10.06,10.24,?,-0.001,-0.001,-0.001,-0.001,-1,-1
ca-HepPh,4,18,1024,1981584,0.22,9.54,9.76,?,-0.001,-0.001,-0.001,-0.001,-1,-1
ca-HepPh,4,19,884,1888930,0.18,8.5,8.68,?,-0.001,-0.001,-0.001,-0.001,-1,-1
ca-HepPh,4,20,774,1869012,0.17,7.3,7.47,?,-0.001,-0.001,-0.001,-0.001,-1,-1
ca-HepPh,5,6,4024,28097888,0.22,63.33,63.55,?,-0.001,-0.001,-0.001,-0.001,-1,-1
ca-HepPh,5,7,3419,26359795,0.22,58.46,58.68,?,-0.001,-0.001,-0.001,-0.001,-1,-1
ca-HepPh,5,8,3080,23139151,0.22,52.27,52.49,?,-0.001,-0.001,-0.001,-0.001,-1,-1
ca-HepPh,5,9,2816,22273543,0.22,51.45,51.67,?,-0.001,-0.001,-0.001,-0.001,-1,-1
ca-HepPh,5,10,2564,20906671,0.22,47.22,47.44,?,-0.001,-0.001,-0.001,-0.001,-1,-1
ca-HepPh,5,11,2365,20708289,0.22,46.32,46.54,?,-0.001,-0.001,-0.001,-0.001,-1,-1
ca-HepPh,5,12,2131,18787202,0.17,41.49,41.66,?,-0.001,-0.001,-0.001,-0.001,-1,-1
ca-HepPh,5,13,1876,18169979,0.22,38.5,38.72,?,-0.001,-0.001,-0.001,-0.001,-1,-1
ca-HepPh,5,14,1639,17961578,0.22,36.53,36.75,?,-0.001,-0.001,-0.001,-0.001,-1,-1
ca-HepPh,5,15,1430,16990257,0.17,32.05,32.22,?,-0.001,-0.001,-0.001,-0.001,-1,-1
ca-HepPh,5,16,1273,15742013,0.22,28.43,28.65,?,-0.001,-0.001,-0.001,-0.001,-1,-1
ca-HepPh,5,17,1125,15688375,0.22,26.79,27.01,?,-0.001,-0.001,-0.001,-0.001,-1,-1
ca-HepPh,5,18,1024,15610574,0.22,24.53,24.75,?,-0.001,-0.001,-0.001,-0.001,-1,-1
ca-HepPh,5,19,884,14871002,0.22,22.05,22.27,?,-0.001,-0.001,-0.001,-0.001,-1,-1
ca-HepPh,5,20,774,14785961,0.22,19.95,20.17,?,-0.001,-0.001,-0.001,-0.001,-1,-1
ca-HepPh,6,7,3419,190140776,0.22,289.24,289.46,?,-0.001,-0.001,-0.001,-0.001,-1,-1
ca-HepPh,6,8,3080,160800839,0.22,247.06,247.28,?,-0.001,-0.001,-0.001,-0.001,-1,-1
ca-HepPh,6,9,2816,154072212,0.22,239.22,239.44,?,-0.001,-0.001,-0.001,-0.001,-1,-1
ca-HepPh,6,10,2564,142271781,0.22,209.44,209.66,?,-0.001,-0.001,-0.001,-0.001,-1,-1
ca-HepPh,6,11,2365,141149593,0.22,206.95,207.17,?,-0.001,-0.001,-0.001,-0.001,-1,-1
ca-HepPh,6,12,2131,124382323,0.22,179.76,179.98,?,-0.001,-0.001,-0.001,-0.001,-1,-1
ca-HepPh,6,13,1876,119653937,0.22,166.54,166.76,?,-0.001,-0.001,-0.001,-0.001,-1,-1
ca-HepPh,6,14,1639,118599793,0.22,154.36,154.58,?,-0.001,-0.001,-0.001,-0.001,-1,-1
ca-HepPh,6,15,1430,110438414,0.22,136.16,136.38,?,-0.001,-0.001,-0.001,-0.001,-1,-1
ca-HepPh,6,16,1273,100805190,0.22,119.0,119.22,?,-0.001,-0.001,-0.001,-0.001,-1,-1
ca-HepPh,6,17,1125,100667886,0.22,109.6,109.82,?,-0.001,-0.001,-0.001,-0.001,-1,-1
ca-HepPh,6,18,1024,100395017,0.22,101.64,101.86,?,-0.001,-0.001,-0.001,-0.001,-1,-1
ca-HepPh,6,19,884,95328909,0.22,90.5,90.72,?,-0.001,-0.001,-0.001,-0.001,-1,-1
ca-HepPh,6,20,774,95063625,0.22,82.22,82.44,?,-0.001,-0.001,-0.001,-0.001,-1,-1
ca-HepPh,7,8,-1,-1,-1,-1,-1,TIMEOUT,-1,-1,-1,-1,-1,-1
ca-HepPh,8,9,-1,-1,-1,-1,-1,TIMEOUT,-1,-1,-1,-1,-1,-1
