graph,s,algo,status,wall_ms,total_ms,build_ms,peel_ms,hier_ms,mem_kB
com-amazon.ungraph,3,ST_V3,OK,1383.7,111.7,361.8,111.7,-1.0,115140
com-amazon.ungraph,5,ST_V3,OK,1172.3,15.8,274.7,15.8,-1.0,98312
com-amazon.ungraph,5,ST_V3_HIER,OK,1281.7,86.3,289.6,16.0,70.2,106592
com-amazon.ungraph,7,ST_V3,OK,1177.4,4.1,271.5,4.1,-1.0,95236
com-amazon.ungraph,7,ST_V3_HIER,OK,1178.6,6.9,273.1,4.3,2.6,95072
com-amazon.ungraph,3,ST_V3_HIER,OK,1711.4,481.4,369.1,95.2,386.2,162296
com-amazon.ungraph,9,ST_V3,OK,1187.4,4.2,278.3,4.2,-1.0,94652
com-amazon.ungraph,9,ST_V3_HIER,OK,1188.1,4.2,270.4,4.1,0.0,94732
com-amazon.ungraph,11,ST_V3,OK,1189.1,4.3,275.3,4.2,-1.0,94636
com-amazon.ungraph,11,ST_V3_HIER,OK,1189.8,4.2,268.9,4.1,0.0,94756
com-amazon.ungraph,13,ST_V3,OK,1190.5,4.6,246.9,4.5,-1.0,94648
com-amazon.ungraph,13,ST_V3_HIER,OK,1083.4,4.1,226.2,4.0,0.0,94652
com-amazon.ungraph,15,ST_V3,OK,1083.1,4.0,225.8,4.0,-1.0,94588
com-amazon.ungraph,15,ST_V3_HIER,OK,1189.9,4.4,248.4,4.3,0.0,94520
com-dblp,3,ST_V3,OK,1621.4,104.9,529.0,104.9,-1.0,113584
com-dblp,5,ST_V3,OK,1512.2,39.2,459.8,39.2,-1.0,99280
com-dblp,5,ST_V3_HIER,OK,1613.3,191.4,473.6,40.9,150.5,119604
com-dblp,7,ST_V3,OK,1508.1,14.3,458.1,14.2,-1.0,94128
com-dblp,7,ST_V3_HIER,OK,1508.0,70.1,455.1,14.1,56.0,99328
com-dblp,9,ST_V3,OK,1401.7,8.0,448.8,8.0,-1.0,92548
com-dblp,3,ST_V3_HIER,OK,2057.0,518.0,543.7,103.8,414.1,168196
com-dblp,9,ST_V3_HIER,OK,1408.0,36.9,423.2,8.1,28.7,94992
com-dblp,11,ST_V3,OK,1408.3,6.0,438.7,6.0,-1.0,92424
com-dblp,11,ST_V3_HIER,OK,1301.4,24.2,399.9,6.1,18.0,93144
com-dblp,13,ST_V3,OK,1409.0,5.4,430.6,5.4,-1.0,92296
com-dblp,13,ST_V3_HIER,OK,1408.7,17.4,403.1,4.8,12.6,92312
com-dblp,15,ST_V3,OK,1409.3,5.0,415.6,5.0,-1.0,91976
com-dblp,15,ST_V3_HIER,OK,1410.2,14.8,398.7,4.8,9.9,92056
com-youtube,3,ST_V3,OK,6453.1,242.8,3428.3,242.8,-1.0,399104
com-youtube,5,ST_V3,OK,6237.1,155.2,3572.8,155.2,-1.0,395796
web-Stanford,5,ST_V3,OK,7854.3,136.8,6329.6,136.7,-1.0,255556
web-Stanford,7,ST_V3,OK,7639.1,99.3,6164.6,99.3,-1.0,182072
web-Stanford,9,ST_V3,OK,7424.6,63.7,6020.3,63.7,-1.0,150216
web-Stanford,3,ST_V3,OK,8180.1,134.9,6627.6,134.9,-1.0,188884
web-Stanford,11,ST_V3,OK,7426.3,49.3,6015.7,49.3,-1.0,150016
web-Stanford,9,ST_V3_HIER,OK,7750.1,354.4,6060.5,61.7,292.6,193456
web-Stanford,13,ST_V3,OK,7432.4,37.5,6011.3,37.5,-1.0,124492
web-Stanford,15,ST_V3,OK,7430.9,29.3,6052.1,29.2,-1.0,118592
com-youtube,5,ST_V3_HIER,OK,6890.8,1015.5,3434.6,154.1,861.4,539184
web-Stanford,3,ST_V3_HIER,OK,8734.9,1141.0,6192.8,127.7,1013.3,363496
web-Stanford,7,ST_V3_HIER,OK,8318.4,701.6,6166.2,98.2,603.3,288792
web-Stanford,13,ST_V3_HIER,OK,7680.5,228.6,6019.8,37.0,191.6,158816
web-Stanford,5,ST_V3_HIER,OK,8648.9,960.3,6257.5,135.6,824.6,344788
com-youtube,3,ST_V3_HIER,OK,7369.9,1491.3,3485.2,245.1,1243.9,610084
web-Stanford,15,ST_V3_HIER,OK,7813.1,178.6,6262.9,29.6,149.0,145756
web-Stanford,11,ST_V3_HIER,OK,8354.5,289.8,6670.8,49.4,240.4,175516
twitter_combined,3,ST_V3,OK,17538.2,379.1,13413.3,379.1,-1.0,342916
twitter_combined,3,ST_V3_HIER,OK,17430.1,2664.6,13009.9,367.5,2297.1,674592
com-youtube,7,ST_V3,OK,8068.9,76.3,3479.4,76.3,-1.0,347632
com-youtube,7,ST_V3_HIER,OK,7959.6,477.0,3550.9,75.4,401.5,412724
com-youtube,9,ST_V3,OK,7854.7,32.3,3370.5,32.3,-1.0,319772
com-youtube,9,ST_V3_HIER,OK,7746.5,165.6,3392.7,32.3,133.3,337060
com-youtube,11,ST_V3,OK,7639.9,15.9,3403.1,15.9,-1.0,307664
com-youtube,11,ST_V3_HIER,OK,7529.1,50.1,3317.4,15.6,34.5,310844
com-youtube,13,ST_V3,OK,7421.9,10.7,3319.8,10.7,-1.0,304092
com-youtube,13,ST_V3_HIER,OK,7302.4,21.7,3378.0,11.4,10.3,304036
com-youtube,15,ST_V3,OK,7172.1,9.5,3381.0,9.5,-1.0,301340
com-youtube,15,ST_V3_HIER,OK,7040.0,16.2,3377.6,9.6,6.6,303188
web-Google,3,ST_V3,OK,6932.7,352.4,2983.5,352.4,-1.0,344316
web-Google,5,ST_V3,OK,6710.5,269.3,2793.6,269.3,-1.0,310640
web-Google,7,ST_V3,OK,6495.0,184.6,2754.0,184.6,-1.0,291668
web-Google,7,ST_V3_HIER,OK,6387.0,660.0,2677.2,185.9,474.1,361040
web-Google,9,ST_V3,OK,6281.6,132.7,2702.9,132.7,-1.0,277472
web-Google,9,ST_V3_HIER,OK,6173.5,438.3,2609.9,117.4,320.8,320688
web-Google,5,ST_V3_HIER,OK,6927.1,1218.9,2769.9,324.6,894.3,397428
web-Google,3,ST_V3_HIER,OK,7265.4,1538.3,3002.1,344.3,1194.0,519916
web-Google,11,ST_V3,OK,5187.7,80.6,2492.7,80.6,-1.0,266652
web-Google,11,ST_V3_HIER,OK,8206.1,292.4,2633.2,80.0,212.3,303676
web-Google,13,ST_V3,OK,8103.5,47.9,2591.2,47.8,-1.0,258080
web-Google,13,ST_V3_HIER,OK,7985.0,177.0,2617.4,48.2,128.8,276376
web-Google,15,ST_V3,OK,7864.8,27.6,2570.8,27.6,-1.0,252484
web-Google,15,ST_V3_HIER,OK,7758.0,100.2,2834.6,27.9,72.3,258112
twitter_combined,5,ST_V3,OK,35278.7,1468.4,31292.4,1468.4,-1.0,3306644
twitter_combined,5,ST_V3_HIER,OK,50370.5,16179.1,31325.0,1482.1,14696.9,4149316
twitter_combined,7,ST_V3,OK,56472.9,3245.3,51803.9,3245.2,-1.0,8621136
wiki-Talk,3,ST_V3,OK,50840.4,405.4,45248.5,403.2,-1.0,931184
wiki-Talk,3,ST_V3_HIER,OK,53860.5,4546.6,45155.2,400.0,4146.6,1625920
twitter_combined,9,ST_V3,OK,77737.5,4498.1,70668.3,4498.1,-1.0,13546132
twitter_combined,13,ST_V3,OK,77306.2,4394.2,70999.0,4394.2,-1.0,15066196
twitter_combined,11,ST_V3,OK,80756.6,4506.8,74159.4,4506.8,-1.0,15231428
twitter_combined,15,ST_V3,OK,80324.3,4135.1,72990.7,4135.1,-1.0,14639628
twitter_combined,7,ST_V3_HIER,OK,93369.4,39964.1,51399.2,3246.0,36718.1,10129276
twitter_combined,9,ST_V3_HIER,OK,126613.9,52808.0,70650.7,4407.7,48400.3,14584556
twitter_combined,13,ST_V3_HIER,OK,126385.1,53836.3,70961.9,4386.9,49449.4,15564348
soc-pokec-relationships,3,ST_V3,OK,46033.6,4397.1,22985.3,4397.0,-1.0,1482404
twitter_combined,15,ST_V3_HIER,OK,129703.3,52426.7,73982.3,4343.6,48083.1,14950640
wiki-Talk,5,ST_V3,OK,112900.5,2660.2,103720.0,2660.2,-1.0,7360732
twitter_combined,11,ST_V3_HIER,OK,133613.0,56081.3,74768.3,4563.2,51518.0,15876016
soc-pokec-relationships,3,ST_V3_HIER,OK,58931.7,17544.3,23390.8,4198.6,13345.7,3576408
wiki-Talk,15,ST_V3,OK,142708.2,5561.6,131962.0,5561.6,-1.0,15096828
web-it-2004,5,ST_V3,OK,136232.5,55.8,131144.0,55.8,-1.0,261108
web-it-2004,3,ST_V3,OK,142701.2,58.9,137357.0,58.9,-1.0,276448
web-it-2004,7,ST_V3,OK,139243.6,56.5,135435.0,56.5,-1.0,254444
web-it-2004,3,ST_V3_HIER,OK,139675.4,777.9,135567.0,71.7,706.2,371684
soc-pokec-relationships,9,ST_V3,OK,37353.1,269.6,20291.2,269.6,-1.0,650172
web-it-2004,7,ST_V3_HIER,OK,145617.1,685.9,139142.0,67.2,618.7,355420
soc-pokec-relationships,7,ST_V3,OK,43967.2,1282.7,23666.7,1282.7,-1.0,801680
web-it-2004,5,ST_V3_HIER,OK,145953.2,708.5,141802.0,67.3,641.1,369892
web-it-2004,9,ST_V3,OK,139820.1,65.0,135328.0,65.0,-1.0,248644
soc-pokec-relationships,5,ST_V3,OK,47539.5,3444.4,25590.7,3444.4,-1.0,1270208
soc-pokec-relationships,9,ST_V3_HIER,OK,40513.3,1218.2,21839.1,353.8,864.4,782684
soc-pokec-relationships,7,ST_V3_HIER,OK,44293.6,3782.1,24117.0,1234.7,2547.3,1160308
wiki-Talk,5,ST_V3_HIER,OK,160244.0,50591.0,104209.0,2679.0,47911.9,12676128
soc-pokec-relationships,5,ST_V3_HIER,OK,54261.7,10495.2,25458.6,3425.5,7069.6,2082456
wiki-Talk,7,ST_V3,OK,172682.4,8841.3,158020.0,8841.3,-1.0,26435080
wiki-Talk,13,ST_V3,OK,172037.6,8792.9,158558.0,8792.9,-1.0,26480564
soc-pokec-relationships,11,ST_V3,OK,38268.3,83.8,20886.5,83.7,-1.0,595340
web-it-2004,11,ST_V3,OK,137789.6,32.6,133550.0,32.6,-1.0,240736
web-it-2004,9,ST_V3_HIER,OK,147062.6,613.2,140031.0,51.0,562.1,341532
wiki-Talk,9,ST_V3,OK,181968.4,10485.0,167598.0,10484.9,-1.0,28428944
wiki-Talk,11,ST_V3,OK,181753.8,10044.8,165798.0,10044.8,-1.0,27082268
soc-pokec-relationships,13,ST_V3,OK,38502.7,34.4,20160.9,34.4,-1.0,570576
soc-pokec-relationships,13,ST_V3_HIER,OK,38398.3,131.8,20026.0,34.6,97.2,580416
soc-pokec-relationships,15,ST_V3,OK,38280.4,21.4,19847.1,21.4,-1.0,561472
soc-pokec-relationships,15,ST_V3_HIER,OK,38172.5,60.7,19902.1,20.7,38.8,561880
web-it-2004,11,ST_V3_HIER,OK,137804.2,526.1,130880.0,37.8,488.3,312088
soc-pokec-relationships,11,ST_V3_HIER,OK,44657.3,372.0,22227.6,91.6,280.3,637256
web-it-2004,13,ST_V3,OK,140689.4,31.7,136185.0,31.7,-1.0,240584
web-it-2004,13,ST_V3_HIER,OK,143596.2,458.8,139566.0,28.5,430.3,297760
web-it-2004,15,ST_V3_HIER,OK,140369.0,407.7,134642.0,23.7,384.0,300460
web-it-2004,15,ST_V3,OK,146520.5,22.1,141243.0,22.1,-1.0,240600
wiki-Talk,15,ST_V3_HIER,OK,208403.4,70266.1,132396.0,6933.5,63332.6,18949660
wiki-Talk,13,ST_V3_HIER,OK,269172.0,106579.0,156908.0,8706.5,97872.4,29206596
wiki-Talk,7,ST_V3_HIER,OK,294373.2,125309.0,163446.0,9052.9,116256.0,33009284
wiki-Talk,11,ST_V3_HIER,OK,297482.5,128294.0,163205.0,10137.0,118157.0,35153396
wiki-Talk,9,ST_V3_HIER,OK,310233.9,138399.0,168021.0,10458.6,127940.0,37484876
com-orkut,15,ST_V3_HIER,OOM_KILL_NEWEST,468160.2,-1.0,-1.0,-1.0,-1.0,-1
com-orkut,15,ST_V3,OOM_KILL_NEWEST,481359.7,-1.0,-1.0,-1.0,-1.0,-1
com-orkut,13,ST_V3_HIER,OOM_KILL_NEWEST,513052.9,-1.0,-1.0,-1.0,-1.0,-1
com-orkut,13,ST_V3,OOM_KILL_NEWEST,532835.3,-1.0,-1.0,-1.0,-1.0,-1
com-orkut,11,ST_V3_HIER,OOM_KILL_NEWEST,550348.6,-1.0,-1.0,-1.0,-1.0,-1
com-orkut,11,ST_V3,OOM_KILL_NEWEST,562435.2,-1.0,-1.0,-1.0,-1.0,-1
com-orkut,9,ST_V3_HIER,OOM_KILL_NEWEST,744165.8,-1.0,-1.0,-1.0,-1.0,-1
com-orkut,9,ST_V3,OOM_KILL_NEWEST,852234.5,-1.0,-1.0,-1.0,-1.0,-1
com-orkut,7,ST_V3_HIER,OOM_KILL_NEWEST,949533.0,-1.0,-1.0,-1.0,-1.0,-1
com-orkut,3,ST_V3,OK,1206454.6,48644.7,-1.0,48644.7,-1.0,31056200
com-orkut,3,ST_V3_HIER,OK,1444521.0,298882.0,-1.0,48939.6,249943.0,60306808
com-amazon.ungraph,5,REF_R1,OK,1386.4,163.9,288.2,-1.0,-1.0,132268
com-amazon.ungraph,7,REF_R1,OK,1174.5,81.2,227.1,-1.0,-1.0,117228
com-amazon.ungraph,9,REF_R1,OK,1176.0,76.8,232.4,-1.0,-1.0,117476
com-amazon.ungraph,7,REF_R1_HIER,OK,1389.2,218.0,239.3,-1.0,2.9,130512
com-amazon.ungraph,3,REF_R1,OK,2137.0,650.2,554.5,-1.0,-1.0,199740
com-amazon.ungraph,9,REF_R1_HIER,OK,1391.8,172.3,235.4,-1.0,3.0,130548
com-amazon.ungraph,11,REF_R1,OK,1285.3,76.8,227.8,-1.0,-1.0,117280
com-amazon.ungraph,13,REF_R1,OK,1070.9,74.2,180.5,-1.0,-1.0,117300
com-amazon.ungraph,5,REF_R1_HIER,OK,1925.8,791.1,291.5,-1.0,30.7,148432
com-amazon.ungraph,11,REF_R1_HIER,OK,1287.3,141.7,219.2,-1.0,1.8,130532
com-amazon.ungraph,13,REF_R1_HIER,OK,1177.7,141.6,176.2,-1.0,1.8,130508
com-amazon.ungraph,15,REF_R1,OK,1071.0,67.0,146.7,-1.0,-1.0,117512
com-amazon.ungraph,15,REF_R1_HIER,OK,1176.2,136.7,145.2,-1.0,1.8,130620
com-amazon.ungraph,3,REF_R1_HIER,OK,2780.1,1355.3,556.3,-1.0,185.4,228668
com-dblp,5,REF_R1,OK,1504.4,175.9,443.5,-1.0,-1.0,147532
com-dblp,7,REF_R1,OK,1290.1,101.3,355.0,-1.0,-1.0,128312
com-dblp,9,REF_R1,OK,1075.0,69.7,262.5,-1.0,-1.0,121608
com-dblp,3,REF_R1,OK,1827.9,330.1,569.3,-1.0,-1.0,208092
com-dblp,11,REF_R1,OK,1287.9,71.9,305.4,-1.0,-1.0,119224
com-dblp,13,REF_R1,OK,1181.6,68.8,290.0,-1.0,-1.0,117788
com-dblp,15,REF_R1,OK,1182.6,66.4,262.6,-1.0,-1.0,117084
com-dblp,15,REF_R1_HIER,OK,2358.3,1390.6,246.7,-1.0,23.4,179468
com-dblp,13,REF_R1_HIER,OK,2799.1,1649.7,275.6,-1.0,31.4,190344
com-dblp,11,REF_R1_HIER,OK,3122.3,1915.0,301.0,-1.0,42.6,209140
com-dblp,9,REF_R1_HIER,OK,3444.9,2425.5,245.9,-1.0,54.5,239420
com-dblp,3,REF_R1_HIER,OK,7543.6,4869.1,631.4,-1.0,292.7,505620
com-dblp,5,REF_R1_HIER,OK,7346.3,5825.9,441.1,-1.0,230.2,523432
com-dblp,7,REF_R1_HIER,OK,7141.6,3615.4,320.1,-1.0,110.0,321676
web-Stanford,3,REF_R1,OK,11017.5,896.7,6813.9,-1.0,-1.0,520632
web-Stanford,5,REF_R1,OK,10802.6,849.0,7377.0,-1.0,-1.0,505900
web-Stanford,7,REF_R1,OK,10586.8,669.8,6734.7,-1.0,-1.0,424216
web-Stanford,9,REF_R1,OK,10370.7,381.3,6742.0,-1.0,-1.0,280100
web-Stanford,11,REF_R1,OK,10154.2,325.1,6365.4,-1.0,-1.0,255328
web-Stanford,13,REF_R1,OK,9936.0,277.9,6277.4,-1.0,-1.0,234724
web-Stanford,15,REF_R1,OK,9718.0,230.1,6089.2,-1.0,-1.0,212812
com-youtube,3,REF_R1,OK,9501.7,1277.7,4151.3,-1.0,-1.0,746544
com-youtube,5,REF_R1,OK,10112.4,1000.3,4311.7,-1.0,-1.0,657320
twitter_combined,3,REF_R1,OK,19523.7,2024.2,14851.8,-1.0,-1.0,1114432
com-youtube,9,REF_R1,OK,6779.1,373.9,3550.3,-1.0,-1.0,438460
com-youtube,11,REF_R1,OK,6563.4,253.9,3333.4,-1.0,-1.0,401724
com-youtube,13,REF_R1,OK,6347.1,216.8,3224.9,-1.0,-1.0,391144
com-youtube,7,REF_R1,OK,10447.7,692.9,4664.5,-1.0,-1.0,514380
com-youtube,15,REF_R1,OK,6573.3,207.7,3075.2,-1.0,-1.0,389276
com-youtube,15,REF_R1_HIER,OK,9698.9,2646.5,3254.2,-1.0,6.8,431732
web-Google,3,REF_R1,OK,9591.3,2042.9,4152.9,-1.0,-1.0,718608
web-Google,5,REF_R1,OK,9375.0,1305.7,3703.4,-1.0,-1.0,557488
twitter_combined,3,REF_R1_HIER,OK,32469.4,13792.9,14801.4,-1.0,1181.8,2013864
web-Stanford,3,REF_R1_HIER,OK,31015.6,21483.4,6848.0,-1.0,939.8,1878128
web-Google,7,REF_R1,OK,9562.0,901.7,3414.1,-1.0,-1.0,481536
web-Stanford,15,REF_R1_HIER,OK,33085.0,22871.7,6130.0,-1.0,793.7,1728548
com-youtube,13,REF_R1_HIER,OK,22746.1,14876.9,3117.4,-1.0,287.7,1108336
web-Google,9,REF_R1,OK,9918.1,667.7,3267.3,-1.0,-1.0,430608
web-Google,11,REF_R1,OK,6606.7,475.4,2789.3,-1.0,-1.0,386272
web-Google,13,REF_R1,OK,6389.8,334.1,2527.1,-1.0,-1.0,352832
web-Google,15,REF_R1,OK,6464.4,246.4,2345.7,-1.0,-1.0,329740
web-Stanford,13,REF_R1_HIER,OK,43042.6,34999.1,5997.3,-1.0,1387.8,2551776
com-youtube,11,REF_R1_HIER,OK,50938.4,43775.7,3269.2,-1.0,1017.0,2806688
web-Google,3,REF_R1_HIER,OK,44260.3,35959.5,4132.0,-1.0,1954.1,2700428
twitter_combined,5,REF_R1,OK,67089.2,16851.9,47759.2,-1.0,-1.0,7305556
web-Stanford,11,REF_R1_HIER,OK,70955.5,60543.1,6456.4,-1.0,2975.0,4151860
com-youtube,3,REF_R1_HIER,OK,76513.7,69215.8,4257.3,-1.0,1989.8,5173600
web-Google,15,REF_R1_HIER,OK,49575.3,41529.2,2463.0,-1.0,1109.5,2514820
web-Stanford,9,REF_R1_HIER,OK,95780.2,86249.1,6310.4,-1.0,4480.1,5475276
wiki-Talk,3,REF_R1,OK,58787.4,3537.0,48916.7,-1.0,-1.0,2110512
web-Stanford,5,REF_R1_HIER,OK,99577.8,88032.8,7441.0,-1.0,4770.7,6144036
web-Stanford,7,REF_R1_HIER,OK,99501.0,90021.0,6821.6,-1.0,5331.9,6162524
com-youtube,9,REF_R1_HIER,OK,98095.9,89598.9,3496.8,-1.0,2528.5,6258600
web-Google,13,REF_R1_HIER,OK,74914.7,67410.3,2550.9,-1.0,2251.7,4184380
web-Google,11,REF_R1_HIER,OK,111622.5,105435.0,2804.4,-1.0,4073.4,6273756
twitter_combined,5,REF_R1_HIER,OK,159246.5,104873.0,48218.0,-1.0,13539.6,13502348
twitter_combined,7,REF_R1,OK,165441.8,49474.2,110651.0,-1.0,-1.0,18684788
com-youtube,7,REF_R1_HIER,OK,171330.7,162200.0,3871.7,-1.0,4797.7,11397732
web-Google,9,REF_R1_HIER,OK,166593.3,159053.0,3025.8,-1.0,7653.8,9501200
web-it-2004,3,REF_R1_HIER,OOM_KILL_NEWEST,94184.5,-1.0,-1.0,-1.0,-1.0,-1
web-it-2004,3,REF_R1,OOM_KILL_NEWEST,94327.1,-1.0,-1.0,-1.0,-1.0,-1
wiki-Talk,15,REF_R1_HIER,OOM_KILL_NEWEST,103858.2,-1.0,-1.0,-1.0,-1.0,-1
wiki-Talk,15,REF_R1,OOM_KILL_NEWEST,107302.1,-1.0,-1.0,-1.0,-1.0,-1
wiki-Talk,13,REF_R1_HIER,OOM_KILL_NEWEST,114233.5,-1.0,-1.0,-1.0,-1.0,-1
wiki-Talk,13,REF_R1,OOM_KILL_NEWEST,120924.6,-1.0,-1.0,-1.0,-1.0,-1
com-youtube,5,REF_R1_HIER,OK,215726.3,208184.0,4214.6,-1.0,6103.4,14826640
web-Google,5,REF_R1_HIER,OK,205192.0,194887.0,3736.2,-1.0,12793.4,12479920
wiki-Talk,11,REF_R1_HIER,OOM_KILL_NEWEST,140125.5,-1.0,-1.0,-1.0,-1.0,-1
wiki-Talk,11,REF_R1,OOM_KILL_NEWEST,149928.0,-1.0,-1.0,-1.0,-1.0,-1
wiki-Talk,9,REF_R1_HIER,OOM_KILL_NEWEST,162849.0,-1.0,-1.0,-1.0,-1.0,-1
wiki-Talk,9,REF_R1,OOM_KILL_NEWEST,175925.2,-1.0,-1.0,-1.0,-1.0,-1
web-Google,7,REF_R1_HIER,OK,213998.3,206381.0,3361.8,-1.0,12503.4,12656424
twitter_combined,15,REF_R1,OK,248240.9,64513.5,178059.0,-1.0,-1.0,28175820
twitter_combined,9,REF_R1,OK,254911.4,81123.0,164469.0,-1.0,-1.0,27161136
twitter_combined,13,REF_R1,OK,254482.8,68252.7,181701.0,-1.0,-1.0,29203456
twitter_combined,11,REF_R1,OK,257714.5,68929.0,183226.0,-1.0,-1.0,29759984
twitter_combined,7,REF_R1_HIER,OK,270102.1,155220.0,109962.0,-1.0,22046.5,26792260
wiki-Talk,5,REF_R1,OK,234438.9,66137.0,158735.0,-1.0,-1.0,19617700
twitter_combined,15,REF_R1_HIER,OK,302810.0,121539.0,177318.0,-1.0,14372.0,32461432
twitter_combined,13,REF_R1_HIER,OK,329975.8,141218.0,183760.0,-1.0,16728.2,34649712
soc-pokec-relationships,13,REF_R1,OK,36786.9,538.5,18539.2,-1.0,-1.0,738916
soc-pokec-relationships,15,REF_R1,OK,36570.9,378.8,17672.3,-1.0,-1.0,707872
soc-pokec-relationships,9,REF_R1,OK,40454.1,1678.0,20022.5,-1.0,-1.0,1001000
soc-pokec-relationships,11,REF_R1,OK,40238.9,852.0,19285.1,-1.0,-1.0,811372
twitter_combined,9,REF_R1_HIER,OK,346185.0,171475.0,171069.0,-1.0,22589.8,34935000
twitter_combined,11,REF_R1_HIER,OK,349393.6,159772.0,185255.0,-1.0,19957.5,36440192
soc-pokec-relationships,7,REF_R1,OK,44528.9,3778.4,22262.8,-1.0,-1.0,1565412
soc-pokec-relationships,5,REF_R1,OK,57029.6,8903.9,27287.0,-1.0,-1.0,2880860
soc-pokec-relationships,3,REF_R1,OK,69317.2,17052.9,31600.6,-1.0,-1.0,4783664
web-it-2004,5,REF_R1,OK,136976.3,789.5,132190.0,-1.0,-1.0,538484
web-it-2004,9,REF_R1,OK,139567.5,774.7,132109.0,-1.0,-1.0,497180
soc-pokec-relationships,15,REF_R1_HIER,OK,116037.9,79744.1,17197.6,-1.0,1363.3,4237656
web-it-2004,7,REF_R1,OK,145820.1,859.3,138779.0,-1.0,-1.0,515572
web-it-2004,15,REF_R1,OK,144964.3,568.2,139039.0,-1.0,-1.0,422104
com-orkut,7,ST_V3,OOM_KILL_NEWEST,99794.4,-1.0,-1.0,-1.0,-1.0,-1
web-it-2004,11,REF_R1,OK,148527.1,648.4,141944.0,-1.0,-1.0,462016
web-it-2004,13,REF_R1,OK,148313.7,593.2,143276.0,-1.0,-1.0,437900
com-orkut,5,REF_R1_HIER,OOM_KILL_NEWEST,103087.7,-1.0,-1.0,-1.0,-1.0,-1
com-orkut,5,REF_R1,OOM_KILL_NEWEST,109614.4,-1.0,-1.0,-1.0,-1.0,-1
web-it-2004,5,REF_R1_HIER,OK,155430.2,14600.1,134615.0,-1.0,1515.8,1351852
web-it-2004,9,REF_R1_HIER,OK,155078.5,14447.8,136807.0,-1.0,1389.5,1317052
web-it-2004,11,REF_R1_HIER,OK,154923.3,13821.8,134602.0,-1.0,1434.4,1157212
web-it-2004,7,REF_R1_HIER,OK,158392.8,16172.3,138088.0,-1.0,1615.8,1341044
web-it-2004,13,REF_R1_HIER,OK,160841.1,13547.5,142961.0,-1.0,1251.0,1208480
web-it-2004,15,REF_R1_HIER,OK,160670.0,23415.8,131845.0,-1.0,1298.7,1204232
com-orkut,5,ST_V3_HIER,OOM_KILL_NEWEST,128531.0,-1.0,-1.0,-1.0,-1.0,-1
soc-pokec-relationships,3,REF_R1_HIER,OK,172656.2,119762.0,31444.4,-1.0,8563.1,10445088
com-orkut,5,ST_V3,OOM_KILL_NEWEST,153017.4,-1.0,-1.0,-1.0,-1.0,-1
com-orkut,3,REF_R1_HIER,OOM_KILL_NEWEST,165561.3,-1.0,-1.0,-1.0,-1.0,-1
wiki-Talk,7,REF_R1,OK,502396.8,163329.0,328428.0,-1.0,-1.0,51951980
wiki-Talk,3,REF_R1_HIER,OK,536030.8,479722.0,49434.9,-1.0,15022.5,37077180
soc-pokec-relationships,13,REF_R1_HIER,OK,268754.6,231182.0,17730.4,-1.0,3325.8,8996216
soc-pokec-relationships,11,REF_R1_HIER,OK,588651.6,550881.0,18623.0,-1.0,7361.0,18651448
soc-pokec-relationships,5,REF_R1_HIER,OK,607418.2,557890.0,27088.8,-1.0,18416.2,39483644
soc-pokec-relationships,7,REF_R1_HIER,OK,755142.5,711272.0,22769.7,-1.0,21422.8,49013676
soc-pokec-relationships,9,REF_R1_HIER,OK,784220.4,745711.0,19840.0,-1.0,13659.8,33755308
wiki-Talk,5,REF_R1_HIER,OK,1237947.0,1.1,162327.0,-1.0,39953.4,97907552
com-orkut,15,REF_R1_HIER,OOM_KILL_NEWEST,314561.3,-1.0,-1.0,-1.0,-1.0,-1
com-orkut,15,REF_R1,OOM_KILL_NEWEST,324440.9,-1.0,-1.0,-1.0,-1.0,-1
com-orkut,15,ST_V3_HIER,OOM_KILL_NEWEST,327933.0,-1.0,-1.0,-1.0,-1.0,-1
com-orkut,15,ST_V3,OOM_KILL_NEWEST,334543.2,-1.0,-1.0,-1.0,-1.0,-1
com-orkut,13,REF_R1_HIER,OOM_KILL_NEWEST,344622.7,-1.0,-1.0,-1.0,-1.0,-1
com-orkut,13,REF_R1,OOM_KILL_NEWEST,351685.3,-1.0,-1.0,-1.0,-1.0,-1
com-orkut,13,ST_V3_HIER,OOM_KILL_NEWEST,367595.6,-1.0,-1.0,-1.0,-1.0,-1
com-orkut,13,ST_V3,OOM_KILL_NEWEST,380487.9,-1.0,-1.0,-1.0,-1.0,-1
com-orkut,11,REF_R1_HIER,OOM_KILL_NEWEST,390817.7,-1.0,-1.0,-1.0,-1.0,-1
com-orkut,11,REF_R1,OOM_KILL_NEWEST,407531.0,-1.0,-1.0,-1.0,-1.0,-1
com-orkut,11,ST_V3_HIER,OOM_KILL_NEWEST,414793.0,-1.0,-1.0,-1.0,-1.0,-1
com-orkut,11,ST_V3,OOM_KILL_NEWEST,422206.1,-1.0,-1.0,-1.0,-1.0,-1
wiki-Talk,7,REF_R1_HIER,OK,1501627.2,1.2,323594.0,-1.0,63180.7,122796724
com-orkut,9,REF_R1_HIER,OOM_KILL_NEWEST,572674.7,-1.0,-1.0,-1.0,-1.0,-1
com-orkut,9,REF_R1,OOM_KILL_NEWEST,623872.6,-1.0,-1.0,-1.0,-1.0,-1
com-orkut,9,ST_V3_HIER,OOM_KILL_NEWEST,733057.8,-1.0,-1.0,-1.0,-1.0,-1
com-orkut,9,ST_V3,OOM_KILL_NEWEST,850249.6,-1.0,-1.0,-1.0,-1.0,-1
com-orkut,3,REF_R1,OK,1598659.0,273859.0,-1.0,-1.0,-1.0,83166120
com-orkut,7,REF_R1_HIER,OOM_KILL_NEWEST,1309276.4,-1.0,-1.0,-1.0,-1.0,-1
com-orkut,7,REF_R1,TIMEOUT,1810838.2,-1.0,-1.0,-1.0,-1.0,-1
com-orkut,7,ST_V3_HIER,TIMEOUT,1820945.0,-1.0,-1.0,-1.0,-1.0,-1
