graph,r,s,algo,status,wall_ms,total_ms,step4_ms,peel_ms,hier_ms,mem_kB
ca-GrQc,7,8,REF,OK,268774.9,268774.9,-1,-1,-1,11348932
ca-GrQc,7,10,REF,OK,233675.3,233675.3,-1,-1,-1,11348224
ca-GrQc,7,12,REF,OK,217171.5,217171.5,-1,-1,-1,11348072
ca-GrQc,7,14,REF,OK,179338.3,179338.3,-1,-1,-1,11347144
ca-GrQc,7,16,REF,OK,169542.9,169542.9,-1,-1,-1,11344760
ca-GrQc,7,18,REF,OK,152519.0,152519.0,-1,-1,-1,11342604
ca-GrQc,7,20,REF,OK,136765.5,136765.5,-1,-1,-1,11329916
ca-GrQc,7,22,REF,OK,128594.3,128594.3,-1,-1,-1,11302040
ca-GrQc,7,25,REF,OK,123193.5,123193.5,-1,-1,-1,11206148
ca-GrQc,7,30,REF,OK,124673.3,124673.3,-1,-1,-1,11177248
ca-GrQc,10,12,REF,TIMEOUT,1200000,,,,,
ca-GrQc,10,14,REF,SKIP_AFTER_FAIL,,,,,,
ca-GrQc,10,16,REF,SKIP_AFTER_FAIL,,,,,,
ca-GrQc,10,18,REF,SKIP_AFTER_FAIL,,,,,,
ca-GrQc,10,20,REF,SKIP_AFTER_FAIL,,,,,,
ca-GrQc,10,22,REF,SKIP_AFTER_FAIL,,,,,,
ca-GrQc,10,25,REF,SKIP_AFTER_FAIL,,,,,,
ca-GrQc,10,30,REF,SKIP_AFTER_FAIL,,,,,,
ca-GrQc,12,14,REF,TIMEOUT,1200000,,,,,
ca-GrQc,12,16,REF,SKIP_AFTER_FAIL,,,,,,
ca-GrQc,12,18,REF,SKIP_AFTER_FAIL,,,,,,
ca-GrQc,12,20,REF,SKIP_AFTER_FAIL,,,,,,
ca-GrQc,12,22,REF,SKIP_AFTER_FAIL,,,,,,
ca-GrQc,12,25,REF,SKIP_AFTER_FAIL,,,,,,
ca-GrQc,12,30,REF,SKIP_AFTER_FAIL,,,,,,
ca-GrQc,15,16,REF,TIMEOUT,1200000,,,,,
ca-GrQc,15,18,REF,SKIP_AFTER_FAIL,,,,,,
ca-GrQc,15,20,REF,SKIP_AFTER_FAIL,,,,,,
ca-GrQc,15,22,REF,SKIP_AFTER_FAIL,,,,,,
ca-GrQc,15,25,REF,SKIP_AFTER_FAIL,,,,,,
ca-GrQc,15,30,REF,SKIP_AFTER_FAIL,,,,,,
ca-CondMat,7,8,REF,OK,2193.7,2193.7,-1,-1,-1,329308
ca-CondMat,7,10,REF,OK,2105.1,2105.1,-1,-1,-1,326112
ca-CondMat,7,12,REF,OK,2030.7,2030.7,-1,-1,-1,316848
ca-CondMat,7,14,REF,OK,1599.2,1599.2,-1,-1,-1,298244
ca-CondMat,7,16,REF,OK,1405.0,1405.0,-1,-1,-1,270740
ca-CondMat,7,18,REF,OK,1502.5,1502.5,-1,-1,-1,241888
ca-CondMat,7,20,REF,OK,1024.6,1024.6,-1,-1,-1,204692
ca-CondMat,7,22,REF,OK,1073.0,1073.0,-1,-1,-1,204552
ca-CondMat,7,25,REF,OK,459.2,459.2,-1,-1,-1,133188
ca-CondMat,7,30,REF,OK,142.5,142.5,-1,-1,-1,23028
ca-CondMat,10,12,REF,OK,11213.1,11213.1,-1,-1,-1,1487840
ca-CondMat,10,14,REF,OK,11604.4,11604.4,-1,-1,-1,1484784
ca-CondMat,10,16,REF,OK,10980.4,10980.4,-1,-1,-1,1475772
ca-CondMat,10,18,REF,OK,11000.6,11000.6,-1,-1,-1,1447600
ca-CondMat,10,20,REF,OK,10545.3,10545.3,-1,-1,-1,1369260
ca-CondMat,10,22,REF,OK,9606.2,9606.2,-1,-1,-1,1369336
ca-CondMat,10,25,REF,OK,5269.3,5269.3,-1,-1,-1,992296
ca-CondMat,10,30,REF,OK,143.0,143.0,-1,-1,-1,23120
ca-CondMat,12,14,REF,OK,21566.4,21566.4,-1,-1,-1,2533256
ca-CondMat,12,16,REF,OK,21572.7,21572.7,-1,-1,-1,2531192
ca-CondMat,12,18,REF,OK,21954.0,21954.0,-1,-1,-1,2523104
ca-CondMat,12,20,REF,OK,21227.1,21227.1,-1,-1,-1,2477760
ca-CondMat,12,22,REF,OK,19774.7,19774.7,-1,-1,-1,2477836
ca-CondMat,12,25,REF,OK,12420.5,12420.5,-1,-1,-1,2006316
ca-CondMat,12,30,REF,OK,117.0,117.0,-1,-1,-1,23180
ca-CondMat,15,16,REF,OK,19912.7,19912.7,-1,-1,-1,2054744
ca-CondMat,15,18,REF,OK,19985.3,19985.3,-1,-1,-1,2054740
ca-CondMat,15,20,REF,OK,19534.8,19534.8,-1,-1,-1,2050648
ca-CondMat,15,22,REF,OK,19185.7,19185.7,-1,-1,-1,2050528
ca-CondMat,15,25,REF,OK,15989.5,15989.5,-1,-1,-1,1838868
ca-CondMat,15,30,REF,OK,168.1,168.1,-1,-1,-1,23120
dblp-core30,7,8,REF,TIMEOUT,1200000,,,,,
dblp-core30,7,10,REF,SKIP_AFTER_FAIL,,,,,,
dblp-core30,7,12,REF,SKIP_AFTER_FAIL,,,,,,
dblp-core30,7,14,REF,SKIP_AFTER_FAIL,,,,,,
dblp-core30,7,16,REF,SKIP_AFTER_FAIL,,,,,,
dblp-core30,7,18,REF,SKIP_AFTER_FAIL,,,,,,
dblp-core30,7,20,REF,SKIP_AFTER_FAIL,,,,,,
dblp-core30,7,22,REF,SKIP_AFTER_FAIL,,,,,,
dblp-core30,7,25,REF,SKIP_AFTER_FAIL,,,,,,
dblp-core30,7,30,REF,SKIP_AFTER_FAIL,,,,,,
dblp-core30,10,12,REF,TIMEOUT,1200000,,,,,
dblp-core30,10,14,REF,SKIP_AFTER_FAIL,,,,,,
dblp-core30,10,16,REF,SKIP_AFTER_FAIL,,,,,,
dblp-core30,10,18,REF,SKIP_AFTER_FAIL,,,,,,
dblp-core30,10,20,REF,SKIP_AFTER_FAIL,,,,,,
dblp-core30,10,22,REF,SKIP_AFTER_FAIL,,,,,,
dblp-core30,10,25,REF,SKIP_AFTER_FAIL,,,,,,
dblp-core30,10,30,REF,SKIP_AFTER_FAIL,,,,,,
dblp-core30,12,14,REF,TIMEOUT,1200000,,,,,
dblp-core30,12,16,REF,SKIP_AFTER_FAIL,,,,,,
dblp-core30,12,18,REF,SKIP_AFTER_FAIL,,,,,,
dblp-core30,12,20,REF,SKIP_AFTER_FAIL,,,,,,
dblp-core30,12,22,REF,SKIP_AFTER_FAIL,,,,,,
dblp-core30,12,25,REF,SKIP_AFTER_FAIL,,,,,,
dblp-core30,12,30,REF,SKIP_AFTER_FAIL,,,,,,
dblp-core30,15,16,REF,TIMEOUT,1200000,,,,,
dblp-core30,15,18,REF,SKIP_AFTER_FAIL,,,,,,
dblp-core30,15,20,REF,SKIP_AFTER_FAIL,,,,,,
dblp-core30,15,22,REF,SKIP_AFTER_FAIL,,,,,,
dblp-core30,15,25,REF,SKIP_AFTER_FAIL,,,,,,
dblp-core30,15,30,REF,SKIP_AFTER_FAIL,,,,,,
ca-GrQc,7,8,V3LM,OK,851.8,739.0,68.0,602.0,-1,13880
ca-GrQc,7,10,V3LM,OK,111.9,1.0,0.0,0.0,-1,9792
ca-GrQc,7,12,V3LM,OK,118.0,5.0,0.0,4.0,-1,19688
ca-GrQc,7,14,V3LM,OK,126.2,10.0,0.0,10.0,-1,32728
ca-GrQc,7,16,V3LM,OK,126.4,11.0,0.0,10.0,-1,33012
ca-GrQc,7,18,V3LM,OK,124.6,10.0,0.0,10.0,-1,32876
ca-GrQc,7,20,V3LM,OK,126.2,11.0,0.0,10.0,-1,33112
ca-GrQc,7,22,V3LM,OK,125.3,10.0,0.0,10.0,-1,32960
ca-GrQc,7,25,V3LM,OK,126.5,10.0,0.0,10.0,-1,32908
ca-GrQc,7,30,V3LM,OK,101.5,10.0,0.0,10.0,-1,33100
ca-GrQc,10,12,V3LM,OK,113.8,0.0,0.0,0.0,-1,9612
ca-GrQc,10,14,V3LM,OK,113.2,0.0,0.0,0.0,-1,10632
ca-GrQc,10,16,V3LM,OK,125.9,10.0,0.0,10.0,-1,33004
ca-GrQc,10,18,V3LM,OK,124.8,10.0,0.0,10.0,-1,32884
ca-GrQc,10,20,V3LM,OK,124.1,10.0,0.0,10.0,-1,32996
ca-GrQc,10,22,V3LM,OK,123.6,10.0,0.0,10.0,-1,32932
ca-GrQc,10,25,V3LM,OK,102.0,10.0,0.0,10.0,-1,32876
ca-GrQc,10,30,V3LM,OK,122.0,10.0,0.0,10.0,-1,32968
ca-GrQc,12,14,V3LM,OK,111.3,0.0,0.0,0.0,-1,9584
ca-GrQc,12,16,V3LM,OK,90.2,0.0,0.0,0.0,-1,10388
ca-GrQc,12,18,V3LM,OK,124.6,9.0,0.0,9.0,-1,30736
ca-GrQc,12,20,V3LM,OK,125.9,11.0,0.0,10.0,-1,33032
ca-GrQc,12,22,V3LM,OK,123.6,10.0,0.0,10.0,-1,32940
ca-GrQc,12,25,V3LM,OK,124.9,11.0,0.0,10.0,-1,33108
ca-GrQc,12,30,V3LM,OK,122.0,10.0,0.0,10.0,-1,33020
ca-GrQc,15,16,V3LM,OK,119.2,0.0,0.0,0.0,-1,9592
ca-GrQc,15,18,V3LM,OK,113.1,0.0,0.0,0.0,-1,9492
ca-GrQc,15,20,V3LM,OK,114.8,1.0,0.0,1.0,-1,12196
ca-GrQc,15,22,V3LM,OK,102.8,11.0,0.0,10.0,-1,32912
ca-GrQc,15,25,V3LM,OK,102.5,11.0,0.0,10.0,-1,32908
ca-GrQc,15,30,V3LM,OK,123.9,10.0,0.0,10.0,-1,33008
ca-CondMat,7,8,V3LM,OK,2186.4,1969.0,265.0,1216.0,-1,27568
ca-CondMat,7,10,V3LM,OK,2355.0,2152.0,143.0,1762.0,-1,20584
ca-CondMat,7,12,V3LM,OK,3228.1,3034.0,85.0,2804.0,-1,18752
ca-CondMat,7,14,V3LM,OK,580.9,447.0,15.0,402.0,-1,14496
ca-CondMat,7,16,V3LM,OK,146.5,1.0,0.0,0.0,-1,15204
ca-CondMat,7,18,V3LM,OK,182.1,1.0,0.0,0.0,-1,14712
ca-CondMat,7,20,V3LM,OK,156.3,0.0,0.0,0.0,-1,13036
ca-CondMat,7,22,V3LM,OK,181.2,0.0,0.0,0.0,-1,13040
ca-CondMat,7,25,V3LM,OK,162.7,0.0,-1,-1,-1,13020
ca-CondMat,7,30,V3LM,OK,181.6,0.0,-1,-1,-1,12484
ca-CondMat,10,12,V3LM,OK,3384.7,3214.0,697.0,472.0,-1,15988
ca-CondMat,10,14,V3LM,OK,394.8,237.0,51.0,60.0,-1,13384
ca-CondMat,10,16,V3LM,OK,131.4,0.0,0.0,0.0,-1,13052
ca-CondMat,10,18,V3LM,OK,189.2,0.0,0.0,0.0,-1,12908
ca-CondMat,10,20,V3LM,OK,156.5,0.0,0.0,0.0,-1,12828
ca-CondMat,10,22,V3LM,OK,181.2,0.0,0.0,0.0,-1,13116
ca-CondMat,10,25,V3LM,OK,153.3,0.0,-1,-1,-1,13072
ca-CondMat,10,30,V3LM,OK,152.9,0.0,-1,-1,-1,12268
ca-CondMat,12,14,V3LM,OK,508.6,350.0,89.0,49.0,-1,12924
ca-CondMat,12,16,V3LM,OK,132.1,0.0,0.0,0.0,-1,13048
ca-CondMat,12,18,V3LM,OK,131.2,0.0,0.0,0.0,-1,12708
ca-CondMat,12,20,V3LM,OK,130.7,0.0,0.0,0.0,-1,12836
ca-CondMat,12,22,V3LM,OK,129.0,0.0,0.0,0.0,-1,12772
ca-CondMat,12,25,V3LM,OK,152.8,0.0,-1,-1,-1,13036
ca-CondMat,12,30,V3LM,OK,154.3,0.0,-1,-1,-1,12244
ca-CondMat,15,16,V3LM,OK,182.2,0.0,0.0,0.0,-1,13128
ca-CondMat,15,18,V3LM,OK,157.2,0.0,0.0,0.0,-1,12820
ca-CondMat,15,20,V3LM,OK,180.3,0.0,0.0,0.0,-1,12856
ca-CondMat,15,22,V3LM,OK,156.6,0.0,0.0,0.0,-1,13116
ca-CondMat,15,25,V3LM,OK,130.6,0.0,-1,-1,-1,13120
ca-CondMat,15,30,V3LM,OK,128.3,0.0,-1,-1,-1,12276
dblp-core30,7,8,V3LM,OK,308.3,64.0,24.0,31.0,-1,11288
dblp-core30,7,10,V3LM,OK,260.5,53.0,19.0,27.0,-1,15580
dblp-core30,7,12,V3LM,OK,311.0,65.0,23.0,32.0,-1,34196
dblp-core30,7,14,V3LM,OK,258.9,52.0,18.0,27.0,-1,34256
dblp-core30,7,16,V3LM,OK,255.6,52.0,18.0,27.0,-1,34312
dblp-core30,7,18,V3LM,OK,256.3,53.0,18.0,27.0,-1,34104
dblp-core30,7,20,V3LM,OK,306.1,64.0,22.0,33.0,-1,34316
dblp-core30,7,22,V3LM,OK,271.5,52.0,18.0,27.0,-1,34152
dblp-core30,7,25,V3LM,OK,246.8,48.0,17.0,25.0,-1,34148
dblp-core30,7,30,V3LM,OK,216.4,20.0,4.0,13.0,-1,33148
dblp-core30,10,12,V3LM,OK,516.7,274.0,116.0,93.0,-1,14004
dblp-core30,10,14,V3LM,OK,439.1,230.0,96.0,83.0,-1,36528
dblp-core30,10,16,V3LM,OK,391.5,210.0,92.0,66.0,-1,36400
dblp-core30,10,18,V3LM,OK,499.7,259.0,114.0,81.0,-1,36500
dblp-core30,10,20,V3LM,OK,415.2,208.0,91.0,65.0,-1,36512
dblp-core30,10,22,V3LM,OK,397.1,208.0,91.0,65.0,-1,36544
dblp-core30,10,25,V3LM,OK,373.3,196.0,86.0,62.0,-1,36220
dblp-core30,10,30,V3LM,OK,232.8,46.0,16.0,20.0,-1,33536
dblp-core30,12,14,V3LM,OK,739.1,560.0,240.0,161.0,-1,16656
dblp-core30,12,16,V3LM,OK,746.5,565.0,235.0,171.0,-1,38724
dblp-core30,12,18,V3LM,OK,742.3,561.0,245.0,154.0,-1,38780
dblp-core30,12,20,V3LM,OK,727.3,547.0,234.0,153.0,-1,38772
dblp-core30,12,22,V3LM,OK,727.3,547.0,234.0,154.0,-1,38732
dblp-core30,12,25,V3LM,OK,867.4,630.0,271.0,174.0,-1,38464
dblp-core30,12,30,V3LM,OK,283.3,87.0,35.0,27.0,-1,33736
dblp-core30,15,16,V3LM,OK,2500.0,2256.0,914.0,458.0,-1,22052
dblp-core30,15,18,V3LM,OK,2652.3,2410.0,956.0,572.0,-1,23464
dblp-core30,15,20,V3LM,OK,2465.0,2235.0,861.0,475.0,-1,43260
dblp-core30,15,22,V3LM,OK,2128.0,1933.0,755.0,451.0,-1,43136
dblp-core30,15,25,V3LM,OK,2519.3,2279.0,907.0,533.0,-1,43004
dblp-core30,15,30,V3LM,OK,425.2,227.0,90.0,61.0,-1,34424
