graph,type,n,m,r,s,regions,nC,base_leaves,patterns,rcliques,maxSplit,MCE,enum,build,maps,peel,sct_total,sct_wall,sct_rss_mb,cnd_wall,cnd_rss_mb,sct_core,cnd_core,match
email-Eu-core,email,1005,16064,3,4,41690,,,,,,,,,0.00,,,>120,59,1.08,39,,18,-
email-Eu-core,email,1005,16064,4,5,40283,,,,,,,,,0.00,,,>120,141,5.16,93,,16,-
email-Eu-core,email,1005,16064,5,7,34649,,,,,,,,,0.00,,,>120,246,21.75,218,,89,-
email-Eu-core,email,1005,16064,6,8,30504,,,,,,,,,0.00,,,>120,389,49.69,462,,66,-
email-Eu-core,email,1005,16064,7,10,21864,,,,,,,,,0.00,,,>120,446,72.71,792,,165,-
email-Eu-core,email,1005,16064,8,12,12999,,,,,,,,,0.00,,,>120,569,102.61,1080,,210,-
han_ego_2hop,ego,,,3,4,,,,,,,,,,0.00,,,>120,75,13.93,448,,88,-
han_ego_2hop,ego,,,4,5,,,,,,,,,,0.00,,,>120,68,>120,2358,,,-
han_ego_2hop,ego,,,5,7,,,,,,,,,,0.00,,,>120,56,>120,14273,,,-
han_ego_2hop,ego,,,6,8,,,,,,,,,,0.00,,,>120,46,>120,33411,,,-
han_ego_2hop,ego,13354,270455,7,10,127185,,,,,,,,,0.00,,,>120,1527,>120,32785,,,-
han_ego_2hop,ego,13354,270455,8,12,27874,,,,,,,,,0.00,,,>120,11807,>120,16400,,,-
ca-GrQc,collab,5242,14484,3,4,905,648,749,7508,32241,1218,0.01,0.01,0.00,0.12,1.00,1.15,1.16,19,0.17,19,41,41,OK
ca-GrQc,collab,5242,14484,4,5,311,199,285,22542,251179,3498,0.01,0.03,0.00,0.34,2.42,2.80,2.82,48,0.44,63,40,40,OK
ca-GrQc,collab,5242,14484,5,7,77,63,111,16330,1798315,2212,0.01,0.01,0.00,0.10,2.34,2.46,2.47,26,3.15,369,741,741,OK
ca-GrQc,collab,5242,14484,6,8,49,46,87,18022,11030883,1038,0.01,0.02,0.00,0.09,1.12,1.23,1.24,25,33.00,2027,703,703,OK
ca-GrQc,collab,5242,14484,7,10,27,24,59,519,57609084,9,0.01,0.00,0.00,0.00,0.00,0.01,0.02,4,>120,4638,7770,,-
ca-GrQc,collab,5242,14484,8,12,22,22,51,407,260014057,5,0.03,0.00,0.00,0.00,0.03,0.07,0.12,4,>120,15004,58905,,-
ca-CondMat,collab,23133,93439,3,4,8824,7444,13354,91932,137258,230,0.29,0.45,0.23,1.65,2.64,5.31,5.76,118,2.61,55,23,23,OK
ca-CondMat,collab,23133,93439,4,5,4952,3992,6925,122331,234295,1136,0.31,0.54,0.13,2.43,7.19,10.66,11.44,146,2.44,75,22,22,OK
ca-CondMat,collab,23133,93439,5,7,1825,1626,2496,131701,399057,3121,0.31,0.66,0.06,4.20,5.00,10.26,10.52,158,0.98,108,210,210,OK
ca-CondMat,collab,23133,93439,6,8,1144,978,1385,129695,743529,2336,0.39,0.71,0.05,1.01,9.68,11.85,12.12,146,4.38,178,190,190,OK
ca-CondMat,collab,23133,93439,7,10,414,350,457,67177,1193138,647,0.38,0.21,0.00,2.36,11.72,14.66,14.89,76,10.91,318,969,969,OK
ca-CondMat,collab,23133,93439,8,12,151,116,160,46637,2213549,490,0.31,0.27,0.00,1.40,3.96,5.94,6.09,52,22.19,560,3060,3060,OK
ca-HepPh,collab,12008,118489,3,4,8093,3852,14411,1251355,3322001,,,,3.86,-3.86,,,>120,484,19.78,509,,236,-
ca-HepPh,collab,12008,118489,4,5,5271,1992,11157,39998466,150019629,,,,2.50,-2.50,,,>120,10793,>120,9541,,,-
ca-HepPh,collab,12008,118489,5,7,3419,,,,,,,,,0.00,,,>120,3888,>120,25756,,,-
ca-HepPh,collab,12008,118489,6,8,3080,,,,,,,,,0.00,,,>120,5954,>120,32783,,,-
ca-HepPh,collab,12008,118489,7,10,2564,,,,,,,,,0.00,,,>120,11878,>120,32780,,,-
ca-HepPh,collab,12008,118489,8,12,2131,,,,,,,,,0.00,,,>120,12518,>120,16397,,,-
ca-AstroPh,collab,18772,198050,3,4,27997,9694,67192,848771,1306281,,,,0.67,-0.67,,,>120,240,6.48,274,,54,-
ca-AstroPh,collab,18772,198050,4,5,21665,7303,51646,4535489,9263075,,,,0.61,-0.61,,,>120,1399,28.74,1567,,53,-
ca-AstroPh,collab,18772,198050,5,7,13022,,,,,,,,,0.00,,,>120,3099,>120,8419,,,-
ca-AstroPh,collab,18772,198050,6,8,10407,,,,,,,,,0.00,,,>120,6435,>120,28213,,,-
ca-AstroPh,collab,18772,198050,7,10,6978,,,,,,,,,0.00,,,>120,11987,>120,33067,,,-
ca-AstroPh,collab,18772,198050,8,12,4921,,,,,,,,,0.00,,,>120,12666,>120,16405,,,-
dblp-core30,coauthor,1206,31769,3,4,68,88,218,1685,546325,58,0.03,0.00,0.00,0.01,0.02,0.06,0.07,6,1.37,137,111,111,OK
dblp-core30,coauthor,1206,31769,4,5,62,74,195,4311,12088613,232,0.03,0.00,0.00,0.03,0.07,0.13,0.15,9,33.29,2089,110,110,OK
dblp-core30,coauthor,1206,31769,5,7,52,53,171,4399,155593126,164,0.01,0.00,0.00,0.02,0.07,0.11,0.11,10,>120,16899,5886,,-
dblp-core30,coauthor,1206,31769,6,8,50,51,173,8282,2731968214,349,0.03,0.01,0.00,0.06,0.18,0.26,0.28,15,>120,56433,5778,,-
dblp-core30,coauthor,1206,31769,7,10,48,45,166,14319,41478675672,431,0.03,0.01,0.00,0.11,0.67,0.82,0.85,26,>120,32777,198485,,-
dblp-core30,coauthor,1206,31769,8,12,47,42,163,23079,552272280629,676,0.02,0.02,0.00,0.22,1.65,1.92,1.95,44,>120,16393,4967690,,-
com-amazon,product,334863,925872,3,4,115376,124181,120888,422586,486289,9,0.61,0.38,0.26,1.37,1.46,4.27,4.92,483,2.15,271,4,4,OK
com-amazon,product,334863,925872,4,5,36032,42703,33916,123820,170842,6,0.60,0.11,0.07,0.29,0.28,1.40,1.67,151,1.27,188,3,3,OK
com-amazon,product,334863,925872,5,7,32,6,4,6,72,1,0.61,0.00,0.00,0.00,0.00,0.61,0.78,36,1.00,160,1,1,OK
com-amazon,product,334863,925872,6,8,0,,,,,,,,,0.00,,,0.79,36,1.00,160,,,-
com-amazon,product,334863,925872,7,10,0,,,,,,,,,0.00,,,0.77,35,1.04,160,,,-
com-amazon,product,334863,925872,8,12,0,,,,,,,,,0.00,,,0.81,36,0.98,160,,,-
com-dblp,coauthor,317080,1049866,3,4,96786,69045,99641,643485,1680912,5607,0.72,0.55,0.35,4.05,33.74,39.56,41.12,1121,4.24,569,111,111,OK
com-dblp,coauthor,317080,1049866,4,5,43751,28415,38095,1060440,14966966,,,,0.16,-0.16,,,>120,2397,37.62,2953,,110,-
com-dblp,coauthor,317080,1049866,5,7,9918,6310,9185,1790254,247701249,,,,0.04,-0.04,,,>120,3490,>120,17593,,,-
com-dblp,coauthor,317080,1049866,6,8,5433,3235,5096,4703501,4113818242,,,,0.03,-0.03,,,>120,7715,>120,63185,,,-
com-dblp,coauthor,317080,1049866,7,10,2049,1191,2267,10751121,60137221080,,,,0.01,-0.01,,,>120,5042,>120,32828,,,-
com-dblp,coauthor,317080,1049866,8,12,989,568,1247,17989004,771937427526,,,,0.01,-0.01,,,>120,8074,>120,16443,,,-
com-youtube,social,,,3,4,,,,,,,,,,0.00,,,>120,178,26.99,1135,,14,-
com-youtube,social,,,4,5,,,,,,,,,,0.00,,,>120,151,50.79,1427,,13,-
com-youtube,social,,,5,7,,,,,,,,,,0.00,,,>120,120,69.99,1576,,66,-
com-youtube,social,1134890,2987624,6,8,236929,,,,,,,,,0.00,,,>120,223,68.83,1767,,55,-
com-youtube,social,1134890,2987624,7,10,67390,,,,,,,,,0.00,,,>120,311,44.36,1518,,120,-
com-youtube,social,1134890,2987624,8,12,12681,,,,,,,,,0.00,,,>120,488,21.74,1075,,126,-
twitter,social,,,3,4,,,,,,,,,,0.00,,,>120,8426,>120,3395,,,-
twitter,social,,,4,5,,,,,,,,,,0.00,,,>120,8447,>120,12256,,,-
twitter,social,,,5,7,,,,,,,,,,0.00,,,>120,8424,>120,27830,,,-
twitter,social,,,6,8,,,,,,,,,,0.00,,,>120,4209,>120,34169,,,-
twitter,social,,,7,10,,,,,,,,,,0.00,,,>120,4181,>120,33209,,,-
twitter,social,,,8,12,,,,,,,,,,0.00,,,>120,8195,>120,17239,,,-
wiki-Talk,social,,,3,4,,,,,,,,,,0.00,,,>120,1808,>120,5496,,,-
wiki-Talk,social,,,4,5,,,,,,,,,,0.00,,,>120,1821,>120,10685,,,-
wiki-Talk,social,,,5,7,,,,,,,,,,0.00,,,>120,1393,>120,15522,,,-
wiki-Talk,social,,,6,8,,,,,,,,,,0.00,,,>120,1327,>120,24458,,,-
wiki-Talk,social,,,7,10,,,,,,,,,,0.00,,,>120,1141,>120,36005,,,-
wiki-Talk,social,,,8,12,,,,,,,,,,0.00,,,>120,830,>120,20656,,,-
web-NotreDame,web,325729,1090108,3,4,130965,67559,168417,8393882,8825379,,,,4.54,-4.54,,,>120,3508,29.54,1931,,152,-
web-NotreDame,web,325729,1090108,4,5,99067,,,,,,,,,0.00,,,>120,42166,>120,14918,,,-
web-NotreDame,web,325729,1090108,5,7,26950,14314,31051,1047681,705751802,,,,0.09,-0.09,,,>120,1397,>120,28613,,,-
web-NotreDame,web,325729,1090108,6,8,17158,9456,19409,695144,21121597,12610,1.67,3.27,0.06,4.97,59.19,69.22,69.93,865,>120,32835,11026,,-
web-NotreDame,web,325729,1090108,7,10,6773,4664,7723,257731,58652242,1880,1.65,0.78,0.02,1.75,10.77,14.99,15.70,322,>120,32828,529396,,-
web-NotreDame,web,325729,1090108,8,12,3858,3072,4171,176075,153890514,1333,1.69,0.36,0.01,1.18,12.35,15.61,15.95,235,>120,16444,18671940,,-
web-Stanford,web,,,3,4,,,,,,,,,,0.00,,,>120,126,80.10,2466,,58,-
web-Stanford,web,,,4,5,,,,,,,,,,0.00,,,>120,119,>120,5781,,,-
web-Stanford,web,,,5,7,,,,,,,,,,0.00,,,>120,103,>120,42916,,,-
web-Stanford,web,281903,1992636,6,8,165890,,,,,,,,,0.00,,,>120,844,>120,32937,,,-
web-Stanford,web,281903,1992636,7,10,136600,,,,,,,,,0.00,,,>120,582,>120,32883,,,-
web-Stanford,web,281903,1992636,8,12,118257,,,,,,,,,0.00,,,>120,486,>120,16524,,,-
web-Google,web,875713,4322051,3,4,612797,361690,774473,6096377,12720208,,,,2.56,-2.56,,,>120,1893,30.47,3129,,41,-
web-Google,web,875713,4322051,4,5,441234,274706,571633,11798166,38460863,,,,2.04,-2.04,,,>120,3150,74.42,7498,,40,-
web-Google,web,875713,4322051,5,7,267503,,,,,,,,,0.00,,,>120,3580,>120,14796,,,-
web-Google,web,875713,4322051,6,8,214085,,,,,,,,,0.00,,,>120,5968,>120,19066,,,-
web-Google,web,875713,4322051,7,10,130474,,,,,,,,,0.00,,,>120,6005,>120,46538,,,-
web-Google,web,875713,4322051,8,12,73778,,,,,,,,,0.00,,,>120,6139,>120,52239,,,-
web-BerkStan,web,,,3,4,,,,,,,,,,0.00,,,>120,226,>120,5892,,,-
web-BerkStan,web,,,4,5,,,,,,,,,,0.00,,,>120,217,>120,50595,,,-
web-BerkStan,web,,,5,7,,,,,,,,,,0.00,,,>120,216,>120,33494,,,-
web-BerkStan,web,,,6,8,,,,,,,,,,0.00,,,>120,216,>120,33061,,,-
web-BerkStan,web,,,7,10,,,,,,,,,,0.00,,,>120,216,>120,32966,,,-
web-BerkStan,web,,,8,12,,,,,,,,,,0.00,,,>120,216,>120,16614,,,-
web-it-2004,web,509338,7178413,3,4,84871,30982,69264,425135,218921906,398,6.16,0.72,0.10,8.33,2.79,18.28,19.76,642,>120,6589,429,,-
web-it-2004,web,509338,7178413,4,5,84336,30810,69942,812224,20357934205,1946,6.24,1.48,0.10,12.78,8.81,29.60,31.34,1055,>120,16750,428,,-
web-it-2004,web,509338,7178413,5,7,83442,30623,70930,1302866,1568193571347,10609,6.16,2.53,0.10,18.31,85.08,112.38,114.44,1752,>120,33071,90951,,-
web-it-2004,web,509338,7178413,6,8,82817,30556,70498,2030642,101418025539935,,,,0.10,-0.10,,,>120,2525,>120,33052,,,-
web-it-2004,web,509338,7178413,7,10,78781,29454,65700,1723850,5636480388749788,,,,0.06,-0.06,,,>120,2175,>120,32995,,,-
web-it-2004,web,509338,7178413,8,12,51659,28707,33969,2329645,274325401946083578,,,,0.03,-0.03,,,>120,2780,>120,16625,,,-
cit-Patents,citation,,,3,4,,,,,,,,,,0.00,,,>120,564,35.43,3333,,18,-
cit-Patents,citation,,,4,5,,,,,,,,,,0.00,,,>120,564,87.34,2861,,12,-
cit-Patents,citation,,,5,7,,,,,,,,,,0.00,,,>120,564,>120,2708,,,-
cit-Patents,citation,,,6,8,,,,,,,,,,0.00,,,>120,564,77.80,2569,,10,-
cit-Patents,citation,3774768,16518947,7,10,2650,91,2651,56143,87018,1,14.11,1.68,0.01,0.46,0.28,16.65,20.19,564,21.29,2519,4,4,OK
cit-Patents,citation,3774768,16518947,8,12,0,,,,,,,,,0.00,,,17.47,564,20.46,2517,,,-
soc-pokec,social,,,3,4,,,,,,,,,,0.00,,,>120,973,>120,9035,,,-
soc-pokec,social,,,4,5,,,,,,,,,,0.00,,,>120,732,>120,9957,,,-
soc-pokec,social,,,5,7,,,,,,,,,,0.00,,,>120,708,>120,9680,,,-
soc-pokec,social,1632803,22301964,6,8,1085757,,,,,,,,,0.00,,,>120,801,>120,11336,,,-
soc-pokec,social,1632803,22301964,7,10,391791,,,,,,,,,0.00,,,>120,1870,>120,8560,,,-
soc-pokec,social,1632803,22301964,8,12,145691,,,,,,,,,0.00,,,>120,2405,>120,10524,,,-
